episode_id,create_time,avg_score,min_score,sum_score,agent_count,size_bytes
87883599,2026-07-24T17:27:20.4366860,1212.933431,1191.500787,2425.866862,2,7272563
87823155,2026-07-24T09:42:25.3730521,1211.812551,1194.431941,2423.625102,2,5661933
87824148,2026-07-24T09:50:31.8231920,1210.789939,1186.074791,2421.579878,2,6486545
87908697,2026-07-24T20:23:21.4056669,1210.594905,1190.764500,2421.189810,2,6871956
87884148,2026-07-24T17:31:20.8836803,1209.742949,1190.451298,2419.485897,2,5089882
87827851,2026-07-24T10:18:25.1532595,1208.520727,1186.310968,2417.041454,2,6888855
87862502,2026-07-24T14:42:58.5335171,1207.885117,1204.462359,2415.770234,2,5701566
87862505,2026-07-24T14:42:58.5453777,1207.885117,1199.698154,2415.770234,2,5278159
87822112,2026-07-24T09:34:25.3601594,1207.467250,1182.978004,2414.934501,2,6157714
87827337,2026-07-24T10:14:25.3761863,1206.977791,1187.132369,2413.955582,2,6832316
87910547,2026-07-24T20:35:19.9688904,1206.795541,1201.470524,2413.591083,2,5981760
87910540,2026-07-24T20:35:19.9533549,1206.795541,1196.639738,2413.591083,2,6408282
87861980,2026-07-24T14:39:01.8807557,1206.477549,1204.064759,2412.955099,2,5454102
87859338,2026-07-24T14:18:56.1555909,1206.223854,1205.201586,2412.447707,2,5445137
87826269,2026-07-24T10:06:31.2840908,1205.989375,1182.275797,2411.978750,2,4763958
87907496,2026-07-24T20:15:18.2500173,1205.772319,1175.768131,2411.544638,2,4691549
87906889,2026-07-24T20:11:18.2686717,1205.772319,1179.430471,2411.544638,2,5683043
87909938,2026-07-24T20:31:20.6106293,1205.379207,1188.805438,2410.758415,2,7473555
87816874,2026-07-24T08:54:25.6043531,1205.372313,1186.728979,2410.744626,2,6057760
87817916,2026-07-24T09:02:25.4271433,1205.348407,1189.421880,2410.696813,2,4771867
87879912,2026-07-24T16:59:22.8326080,1204.946141,1183.883481,2409.892282,2,5406305
87825744,2026-07-24T10:02:27.7962198,1204.340172,1182.836818,2408.680344,2,5925974
87816350,2026-07-24T08:50:33.3926035,1203.537305,1187.080817,2407.074610,2,5952735
87832058,2026-07-24T10:50:25.7271405,1202.841483,1183.040781,2405.682966,2,5604902
87856182,2026-07-24T13:54:55.8337953,1202.652217,1201.623812,2405.304434,2,5101947
87878876,2026-07-24T16:51:22.0947938,1201.129642,1182.745539,2402.259284,2,6125261
87875204,2026-07-24T16:23:20.3233061,1200.991604,1178.465741,2401.983208,2,5686189
87858287,2026-07-24T14:10:57.8481148,1200.976828,1193.613680,2401.953656,2,3746445
87857764,2026-07-24T14:06:57.3216787,1200.976828,1198.007993,2401.953656,2,6431295
87818962,2026-07-24T09:10:25.5041861,1200.625944,1176.132207,2401.251888,2,4967991
87819492,2026-07-24T09:14:25.3683542,1200.625944,1172.414216,2401.251888,2,5686694
87905128,2026-07-24T19:59:19.9911713,1199.995725,1176.600364,2399.991450,2,5633106
87830489,2026-07-24T10:38:26.5275145,1199.555650,1172.493603,2399.111300,2,4641946
87830481,2026-07-24T10:38:26.5071232,1199.555650,1168.852842,2399.111300,2,6018763
87831013,2026-07-24T10:42:25.5662571,1199.555650,1174.400521,2399.111300,2,4708038
87842557,2026-07-24T12:10:55.8292937,1199.387565,1197.894519,2398.775131,2,8236146
87842019,2026-07-24T12:07:02.1023121,1199.387565,1193.197450,2398.775131,2,6442880
87839396,2026-07-24T11:46:35.7181464,1198.749059,1195.197287,2397.498118,2,6423390
87874676,2026-07-24T16:19:22.1415164,1197.951051,1176.281828,2395.902103,2,6722464
87910456,2026-07-24T20:35:19.7747113,1197.790396,1189.720431,2395.580793,2,5524824
87836786,2026-07-24T11:26:27.9612574,1197.582327,1186.619129,2395.164655,2,4928062
87836252,2026-07-24T11:22:26.6242847,1197.582327,1190.892940,2395.164655,2,7637750
87873125,2026-07-24T16:07:19.8438351,1197.354748,1184.233731,2394.709497,2,6638201
87864620,2026-07-24T14:58:59.8858619,1196.315301,1188.341311,2392.630603,2,3555650
87913523,2026-07-24T20:55:19.2581121,1196.068566,1194.020781,2392.137132,2,3380486
87835212,2026-07-24T11:14:25.9509576,1195.707433,1194.417691,2391.414866,2,8003223
87909857,2026-07-24T20:31:20.3807134,1195.696969,1192.894492,2391.393938,2,4450945
87877838,2026-07-24T16:43:20.6752636,1195.468870,1178.618582,2390.937740,2,5875985
87877307,2026-07-24T16:39:22.7812340,1195.468870,1182.698628,2390.937740,2,5999698
87903986,2026-07-24T19:51:18.5577487,1195.223408,1161.573301,2390.446816,2,5982720
87912317,2026-07-24T20:47:19.5783278,1195.113250,1180.783506,2390.226500,2,4366970
87889192,2026-07-24T18:07:19.2528304,1194.714231,1167.459870,2389.428463,2,5606457
87840446,2026-07-24T11:54:55.8498940,1194.402720,1194.088264,2388.805440,2,5573970
87903383,2026-07-24T19:47:22.3225171,1194.208993,1166.697156,2388.417987,2,4339108
87843610,2026-07-24T12:18:56.1347220,1193.300093,1192.012011,2386.600187,2,5253017
87844131,2026-07-24T12:22:56.2907806,1193.300093,1187.562786,2386.600187,2,5775072
87843598,2026-07-24T12:18:56.1217969,1193.300093,1189.987135,2386.600187,2,5923948
87865095,2026-07-24T15:02:55.8857055,1193.003740,1186.587352,2386.007480,2,6747629
87865254,2026-07-24T15:02:56.1681450,1193.003740,1191.292009,2386.007480,2,4268018
87812694,2026-07-24T08:21:55.3593776,1192.776838,1191.377239,2385.553677,2,4700323
87942580,2026-07-24T23:55:21.8289701,1192.230455,1158.688148,2384.460910,2,4633418
87903975,2026-07-24T19:51:18.5432913,1191.889772,1158.456436,2383.779543,2,4935791
87914180,2026-07-24T20:59:21.1627234,1191.854472,1190.292070,2383.708945,2,5343235
87888072,2026-07-24T17:59:22.7819118,1191.163221,1159.529592,2382.326442,2,4789411
87801175,2026-07-24T06:53:55.8499216,1190.309092,1176.648204,2380.618184,2,4827719
87893100,2026-07-24T18:35:18.5177648,1189.346808,1166.386672,2378.693615,2,6012300
87890313,2026-07-24T18:15:21.7846843,1189.275311,1166.560474,2378.550622,2,5160989
87893657,2026-07-24T18:39:20.8418892,1188.477442,1160.909850,2376.954883,2,5030593
87845176,2026-07-24T12:30:55.8022569,1188.391478,1186.662810,2376.782955,2,5596186
87894782,2026-07-24T18:47:18.0429793,1188.334755,1166.055605,2376.669510,2,5446692
87866740,2026-07-24T15:14:56.4707750,1188.294634,1178.045078,2376.589268,2,6938656
87802754,2026-07-24T07:05:58.0097811,1187.634113,1173.252323,2375.268226,2,5589220
87868858,2026-07-24T15:30:56.0401482,1186.969750,1177.513871,2373.939500,2,4224686
87821597,2026-07-24T09:30:25.3500151,1186.835402,1136.191355,2373.670804,2,8297922
87829972,2026-07-24T10:34:25.5437534,1185.527360,1148.190923,2371.054720,2,7067200
87831012,2026-07-24T10:42:25.5588770,1185.343240,1142.694186,2370.686480,2,5652936
87845702,2026-07-24T12:34:57.5230919,1184.958787,1182.115104,2369.917574,2,6260308
87829440,2026-07-24T10:30:25.5918100,1184.659974,1140.448543,2369.319948,2,6623188
87804863,2026-07-24T07:21:55.4507058,1184.473166,1165.372232,2368.946331,2,4519219
87922195,2026-07-24T21:43:19.5060892,1184.055724,1178.218723,2368.111449,2,4979094
87900496,2026-07-24T19:27:19.7552059,1183.680189,1147.598603,2367.360378,2,5183118
87798569,2026-07-24T06:33:55.4383611,1183.623843,1158.836862,2367.247686,2,5289937
87794906,2026-07-24T06:05:57.7069347,1183.100754,1165.792265,2366.201509,2,4474734
87832582,2026-07-24T10:54:25.5397823,1182.327514,1152.678646,2364.655028,2,3013400
87921483,2026-07-24T21:39:22.9152335,1182.239190,1169.736881,2364.478380,2,6766444
87849898,2026-07-24T13:07:02.4896969,1181.028671,1174.836880,2362.057343,2,6677891
87909308,2026-07-24T20:27:20.1958985,1179.782993,1135.043273,2359.565985,2,4569333
87858814,2026-07-24T14:14:55.8290367,1179.005796,1146.084717,2358.011593,2,6012580
87939686,2026-07-24T23:35:21.3119202,1178.993001,1147.063528,2357.986003,2,4491398
87917740,2026-07-24T21:19:21.0949300,1178.919365,1175.526772,2357.838730,2,7085257
87820532,2026-07-24T09:22:25.3027336,1178.580750,1125.042178,2357.161501,2,5055222
87813762,2026-07-24T08:30:25.6282218,1178.436058,1156.135949,2356.872116,2,3037534
87840971,2026-07-24T11:58:55.8592642,1177.075393,1160.465218,2354.150786,2,5796261
87837834,2026-07-24T11:34:26.0914643,1177.020480,1153.567511,2354.040960,2,4483885
87768683,2026-07-24T02:45:56.5560706,1176.791462,1163.638530,2353.582924,2,5009009
87913462,2026-07-24T20:55:19.1367409,1176.697879,1168.179427,2353.395758,2,5904407
87931554,2026-07-24T22:43:21.4144142,1176.617825,1170.974406,2353.235649,2,3333586
87870694,2026-07-24T15:46:57.9992540,1176.561371,1171.864221,2353.122742,2,4545966
87842029,2026-07-24T12:07:02.1137453,1176.451541,1151.759302,2352.903081,2,5957560
87920086,2026-07-24T21:31:19.3869587,1176.263983,1159.015997,2352.527966,2,4559122
87938533,2026-07-24T23:27:22.2532058,1176.146909,1141.634871,2352.293819,2,5411622
87937951,2026-07-24T23:23:21.5212129,1176.146909,1145.159066,2352.293819,2,4375522
87794924,2026-07-24T06:05:57.7299614,1176.112479,1148.091768,2352.224958,2,5212134
87840445,2026-07-24T11:54:55.8460308,1176.111341,1162.661950,2352.222682,2,5935427
87825213,2026-07-24T09:58:32.7565612,1175.621731,1119.987314,2351.243462,2,3945710
87795429,2026-07-24T06:09:53.9535963,1175.542004,1143.355676,2351.084008,2,4685589
87795912,2026-07-24T06:13:54.0267270,1175.218449,1148.321144,2350.436899,2,6172766
87898197,2026-07-24T19:11:18.9437046,1174.976285,1133.529141,2349.952570,2,4468181
87793839,2026-07-24T05:57:55.7070178,1174.676226,1153.166625,2349.352452,2,4718253
87814783,2026-07-24T08:38:25.9523631,1174.565280,1159.171966,2349.130559,2,3857222
87909320,2026-07-24T20:27:20.2256690,1174.414774,1151.365583,2348.829547,2,3682408
87929195,2026-07-24T22:27:20.8925020,1174.308006,1168.015810,2348.616013,2,4613144
87765819,2026-07-24T02:25:55.9438919,1173.909661,1166.733731,2347.819322,2,4218241
87833644,2026-07-24T11:02:28.7413832,1173.615143,1139.183679,2347.230287,2,4442405
87942014,2026-07-24T23:51:21.2097743,1173.574783,1124.930497,2347.149566,2,3940169
87926795,2026-07-24T22:11:19.1202512,1173.523388,1161.337626,2347.046777,2,2969643
87814263,2026-07-24T08:34:25.4278105,1173.431954,1139.325815,2346.863909,2,6174280
87799096,2026-07-24T06:37:55.5874337,1173.372782,1134.928895,2346.745564,2,4137458
87799624,2026-07-24T06:41:57.5040088,1173.213807,1131.307637,2346.427615,2,1104888
87810585,2026-07-24T08:05:57.6332306,1172.886601,1144.466535,2345.773202,2,6871539
87835752,2026-07-24T11:18:25.9038119,1172.789313,1152.479288,2345.578625,2,4861118
87939112,2026-07-24T23:31:23.2731751,1172.716446,1138.113437,2345.432892,2,3906352
87863928,2026-07-24T14:54:58.3310284,1172.670334,1134.244227,2345.340668,2,3976846
87761845,2026-07-24T01:53:55.4686631,1172.491836,1160.488008,2344.983672,2,4191989
87766060,2026-07-24T02:25:56.3662307,1172.469310,1168.892873,2344.938620,2,3648137
87857763,2026-07-24T14:06:57.3236920,1171.589888,1140.628356,2343.179775,2,4679663
87828385,2026-07-24T10:22:25.3890869,1171.527033,1109.581894,2343.054066,2,5211842
87800648,2026-07-24T06:49:55.5777329,1171.361837,1133.626542,2342.723673,2,3707829
87812166,2026-07-24T08:17:57.1372293,1171.290514,1143.710761,2342.581028,2,6085407
87928590,2026-07-24T22:23:19.3343727,1171.266491,1166.363230,2342.532982,2,5556425
87835729,2026-07-24T11:18:25.8629001,1171.072219,1153.013216,2342.144439,2,2677772
87836781,2026-07-24T11:26:27.9523008,1170.357364,1137.987567,2340.714729,2,5745175
87858810,2026-07-24T14:14:55.8313541,1170.137647,1139.754461,2340.275294,2,5217704
87899925,2026-07-24T19:23:20.8374446,1169.877004,1123.468943,2339.754009,2,3406271
87936085,2026-07-24T23:11:21.2149064,1169.845980,1142.561470,2339.691960,2,6393806
87876758,2026-07-24T16:35:19.7676592,1169.304086,1125.273926,2338.608171,2,5190032
87839390,2026-07-24T11:46:35.7154323,1169.105555,1132.450829,2338.211110,2,3865970
87943114,2026-07-24T23:59:22.8226176,1169.002770,1118.743424,2338.005540,2,4144631
87763422,2026-07-24T02:05:58.0881313,1168.988499,1155.803432,2337.976998,2,3534820
87878359,2026-07-24T16:47:20.6289455,1168.796542,1122.109582,2337.593084,2,3715393
87768164,2026-07-24T02:41:54.8773697,1168.770261,1155.158023,2337.540522,2,5272747
87838874,2026-07-24T11:42:25.9433169,1168.541443,1146.654307,2337.082885,2,5933187
87760304,2026-07-24T01:41:55.6617080,1168.390004,1163.605740,2336.780008,2,2897661
87940328,2026-07-24T23:39:22.4719515,1168.311991,1122.511624,2336.623982,2,4359603
87935495,2026-07-24T23:07:25.1257219,1168.045516,1133.333499,2336.091031,2,4733767
87812706,2026-07-24T08:21:55.3717163,1167.544000,1149.014394,2335.088000,2,3895496
87805880,2026-07-24T07:29:56.4179502,1167.446427,1133.997391,2334.892854,2,6296949
87937315,2026-07-24T23:19:25.0056749,1167.401029,1131.299279,2334.802058,2,4772750
87798057,2026-07-24T06:29:55.6262822,1167.148083,1129.710788,2334.296166,2,5384293
87898765,2026-07-24T19:15:18.1416268,1167.025683,1123.860565,2334.051366,2,6491840
87901640,2026-07-24T19:35:19.1941507,1166.889327,1108.567230,2333.778654,2,6506951
87753987,2026-07-24T00:53:55.2213137,1166.513655,1162.422337,2333.027310,2,4012895
87935509,2026-07-24T23:07:25.1647137,1166.401190,1133.562975,2332.802380,2,4434303
87916331,2026-07-24T21:11:24.7630702,1166.330736,1138.278827,2332.661473,2,4822355
87928577,2026-07-24T22:23:19.3176904,1166.252290,1160.812340,2332.504580,2,1293064
87790180,2026-07-24T05:29:55.8788715,1166.052784,1145.651025,2332.105567,2,4340477
87856702,2026-07-24T13:58:55.9181025,1165.971295,1126.930717,2331.942591,2,4454792
87846223,2026-07-24T12:38:58.6425396,1165.917461,1140.235237,2331.834922,2,4162620
87772297,2026-07-24T03:13:55.3249811,1165.913008,1150.670793,2331.826016,2,5303072
87772304,2026-07-24T03:13:55.3367340,1165.913008,1154.803356,2331.826016,2,3715374
87812163,2026-07-24T08:17:57.1368179,1165.821565,1139.220200,2331.643131,2,656951
87803808,2026-07-24T07:13:55.7101768,1165.463340,1134.667598,2330.926680,2,3736785
87918593,2026-07-24T21:23:19.5682129,1165.207371,1140.975865,2330.414741,2,5137836
87815328,2026-07-24T08:42:36.4044494,1165.193543,1145.764977,2330.387086,2,5675062
87841530,2026-07-24T12:02:56.8583266,1165.148775,1132.982210,2330.297550,2,4507734
87882515,2026-07-24T17:19:24.9047205,1165.089112,1102.165510,2330.178224,2,4339104
87771252,2026-07-24T03:05:57.2183554,1165.080398,1151.836426,2330.160796,2,5847258
87773356,2026-07-24T03:21:55.5872409,1165.033922,1142.136828,2330.067843,2,3157096
87928583,2026-07-24T22:23:19.3199834,1164.442913,1156.439567,2328.885827,2,894627
87780197,2026-07-24T04:13:55.2930474,1164.371371,1160.464990,2328.742742,2,5428954
87757101,2026-07-24T01:17:55.3309871,1164.370015,1159.179336,2328.740029,2,4250987
87911135,2026-07-24T20:39:24.3655009,1164.209812,1128.504464,2328.419623,2,4961850
87929806,2026-07-24T22:31:22.4505772,1163.995793,1148.325993,2327.991587,2,1532520
87929190,2026-07-24T22:27:20.8831500,1163.947445,1152.347864,2327.894889,2,4652586
87815837,2026-07-24T08:46:26.8339131,1163.912023,1111.923132,2327.824046,2,6763181
87908086,2026-07-24T20:19:20.1106395,1163.869706,1109.875490,2327.739412,2,6243686
87788598,2026-07-24T05:17:55.9719606,1163.789113,1152.564161,2327.578225,2,4132660
87826808,2026-07-24T10:10:27.4349020,1163.751067,1104.661981,2327.502134,2,5925695
87847776,2026-07-24T12:50:56.2908029,1163.259039,1133.592822,2326.518078,2,5116960
87847257,2026-07-24T12:46:58.0688793,1163.218552,1137.184650,2326.437103,2,2809843
87822631,2026-07-24T09:38:27.9986481,1163.144260,1091.833596,2326.288520,2,4088990
87771256,2026-07-24T03:05:57.2321076,1163.127366,1152.128617,2326.254733,2,6858590
87814778,2026-07-24T08:38:25.9504075,1163.119098,1115.560757,2326.238196,2,3502752
87790709,2026-07-24T05:33:55.4704410,1163.025404,1144.885675,2326.050807,2,8522679
87791279,2026-07-24T05:37:56.6921025,1163.025404,1145.918623,2326.050807,2,5043836
87791219,2026-07-24T05:37:56.5875640,1163.025404,1149.990321,2326.050807,2,6135618
87930390,2026-07-24T22:35:21.1827130,1163.009748,1138.916284,2326.019497,2,6069217
87919319,2026-07-24T21:27:20.5065085,1162.990275,1135.461807,2325.980549,2,5997089
87787067,2026-07-24T05:06:01.9818823,1162.940119,1140.251666,2325.880238,2,5786618
87889734,2026-07-24T18:11:19.5441432,1162.937692,1108.427957,2325.875384,2,4873564
87797565,2026-07-24T06:25:55.0910859,1162.875149,1124.600873,2325.750298,2,6034513
87924267,2026-07-24T21:55:19.6697865,1162.581380,1137.377298,2325.162759,2,6476450
87933624,2026-07-24T22:55:21.5812977,1162.522223,1135.855155,2325.044447,2,2584299
87768692,2026-07-24T02:45:56.5731222,1162.302970,1150.898604,2324.605941,2,2187866
87876246,2026-07-24T16:31:19.8983313,1162.240865,1104.881197,2324.481730,2,4507229
87785995,2026-07-24T04:57:56.5986708,1162.136798,1146.196698,2324.273595,2,5722564
87838356,2026-07-24T11:38:25.9011534,1161.983019,1120.186070,2323.966038,2,5306645
87855158,2026-07-24T13:46:57.8972197,1161.959400,1123.862017,2323.918800,2,4544496
87824682,2026-07-24T09:54:32.3962328,1161.889239,1095.434919,2323.778477,2,5213242
87863024,2026-07-24T14:47:03.0771035,1161.871971,1116.091137,2323.743942,2,4083525
87809023,2026-07-24T07:53:55.3772129,1161.865476,1132.209985,2323.730951,2,4276069
87923591,2026-07-24T21:51:19.5657124,1161.735497,1135.808692,2323.470994,2,5993284
87837314,2026-07-24T11:30:26.1838907,1161.572112,1117.186216,2323.144225,2,4718493
87838869,2026-07-24T11:42:25.9327295,1161.558898,1116.048257,2323.117797,2,4781928
87788625,2026-07-24T05:17:56.0955879,1161.265250,1152.469706,2322.530500,2,6554906
87816883,2026-07-24T08:54:25.6262645,1160.994668,1131.238504,2321.989337,2,4558378
87872050,2026-07-24T15:59:41.1171601,1160.837011,1118.169148,2321.674022,2,3385385
87787572,2026-07-24T05:09:56.5900122,1160.811361,1153.209577,2321.622721,2,4212515
87813753,2026-07-24T08:30:25.6116058,1160.801613,1117.601659,2321.603226,2,5825092
87820549,2026-07-24T09:22:25.3266121,1160.800094,1156.754359,2321.600187,2,3173501
87886937,2026-07-24T17:51:20.3731901,1160.748541,1095.062310,2321.497081,2,4741496
87805419,2026-07-24T07:26:00.7892401,1160.634322,1114.513894,2321.268645,2,6272914
87853587,2026-07-24T13:34:55.7624913,1160.429517,1124.645538,2320.859034,2,5270064
87817414,2026-07-24T08:58:25.9008737,1160.334433,1136.455958,2320.668867,2,5127531
87884706,2026-07-24T17:35:25.9750915,1160.112755,1088.695189,2320.225511,2,5587647
87904555,2026-07-24T19:55:19.7522084,1160.108340,1094.188670,2320.216680,2,5609081
87918543,2026-07-24T21:23:19.4603897,1159.855790,1145.067867,2319.711580,2,4366042
87823620,2026-07-24T09:46:50.1337540,1159.803928,1087.930485,2319.607857,2,4436813
87782820,2026-07-24T04:33:55.3257773,1159.703669,1156.464423,2319.407338,2,4257975
87875730,2026-07-24T16:27:22.1953197,1159.651249,1102.567281,2319.302499,2,5030687
87771259,2026-07-24T03:05:57.2351596,1159.400156,1139.642497,2318.800313,2,3619252
87842015,2026-07-24T12:07:02.0928156,1159.320922,1121.010493,2318.641844,2,2143932
87753454,2026-07-24T00:49:54.9957213,1159.295080,1143.197626,2318.590160,2,4231019
87785983,2026-07-24T04:57:56.5745921,1159.212455,1144.819114,2318.424911,2,5862430
87794188,2026-07-24T06:01:53.8396655,1159.182158,1148.832939,2318.364315,2,5619936
87905732,2026-07-24T20:03:21.8525450,1159.054418,1137.577773,2318.108836,2,5030103
87870423,2026-07-24T15:42:55.9838934,1159.011149,1123.022281,2318.022298,2,5132362
87811129,2026-07-24T08:09:56.0392216,1158.871528,1113.241586,2317.743057,2,7078349
87859880,2026-07-24T14:22:55.6382639,1158.711986,1106.436971,2317.423973,2,2504005
87855670,2026-07-24T13:50:55.5340213,1158.521674,1117.972697,2317.043348,2,5372423
87770187,2026-07-24T02:58:15.8732998,1158.508756,1149.827474,2317.017511,2,3032966
87839907,2026-07-24T11:50:26.0872264,1158.466207,1127.500418,2316.932413,2,4301590
87838348,2026-07-24T11:38:25.8962069,1158.254896,1120.593464,2316.509791,2,5677512
87777566,2026-07-24T03:53:55.0852189,1158.031038,1150.209707,2316.062076,2,5519992
87917078,2026-07-24T21:15:19.7140327,1157.892760,1118.038974,2315.785520,2,5483800
87754510,2026-07-24T00:57:54.9587591,1157.866197,1150.046132,2315.732393,2,4053313
87919313,2026-07-24T21:27:20.4949229,1157.862404,1120.772538,2315.724808,2,4550547
87804319,2026-07-24T07:17:56.0727080,1157.818818,1116.070603,2315.637636,2,2415588
87899341,2026-07-24T19:19:24.3777926,1157.816195,1102.519691,2315.632391,2,4174195
87931565,2026-07-24T22:43:21.4286300,1157.744224,1149.449556,2315.488448,2,1418537
87769732,2026-07-24T02:54:06.5180041,1157.729316,1152.618611,2315.458631,2,4254255
87810065,2026-07-24T08:01:55.8091094,1157.298081,1113.631239,2314.596162,2,4878519
87840968,2026-07-24T11:58:55.8553794,1157.285136,1113.971341,2314.570271,2,4447991
87753981,2026-07-24T00:53:55.2172238,1157.277479,1135.249353,2314.554958,2,5168499
87826829,2026-07-24T10:10:27.4885494,1157.197206,1128.418278,2314.394413,2,4511124
87920783,2026-07-24T21:35:19.2494358,1157.168430,1132.295408,2314.336860,2,6065550
87804323,2026-07-24T07:17:56.0798032,1157.162967,1144.946636,2314.325934,2,5013346
87926799,2026-07-24T22:11:19.1276532,1156.973943,1131.003615,2313.947885,2,5320925
87927971,2026-07-24T22:19:20.6554902,1156.856784,1152.159122,2313.713568,2,5918871
87863027,2026-07-24T14:47:03.0759997,1156.786107,1099.399753,2313.572215,2,6802244
87778625,2026-07-24T04:01:55.5903552,1156.781224,1152.170671,2313.562448,2,4501783
87747608,2026-07-24T00:05:29.5787900,1156.764822,1148.898052,2313.529645,2,3636532
87857217,2026-07-24T14:02:58.0706752,1156.710203,1114.600196,2313.420406,2,4605298
87784934,2026-07-24T04:49:55.8500045,1156.674724,1145.769288,2313.349448,2,5269796
87777575,2026-07-24T03:53:55.0941032,1156.587442,1130.662259,2313.174883,2,3906544
87794912,2026-07-24T06:05:57.7267848,1156.521460,1152.344416,2313.042919,2,4934530
87812731,2026-07-24T08:21:55.4092612,1156.401203,1126.118996,2312.802406,2,4053335
87914869,2026-07-24T21:03:19.1463576,1156.340904,1128.054284,2312.681808,2,3662104
87915562,2026-07-24T21:07:24.9072217,1156.099575,1129.652193,2312.199149,2,2839732
87883048,2026-07-24T17:23:19.7138590,1156.046357,1081.658745,2312.092713,2,4919751
87856181,2026-07-24T13:54:55.8321059,1156.012443,1105.791104,2312.024886,2,5593487
87793635,2026-07-24T05:57:55.3099409,1155.888334,1154.680398,2311.776668,2,3624894
87790189,2026-07-24T05:29:55.8905583,1155.884577,1139.551602,2311.769153,2,7369306
87934271,2026-07-24T22:59:26.7320914,1155.780395,1118.918284,2311.560791,2,5430211
87763963,2026-07-24T02:09:55.1268966,1155.773095,1125.172738,2311.546190,2,1821716
87917793,2026-07-24T21:19:21.2421644,1155.634497,1110.318566,2311.268994,2,4895086
87761319,2026-07-24T01:49:56.3574023,1155.576871,1120.466898,2311.153741,2,1543982
87821065,2026-07-24T09:26:27.1512307,1155.441587,1076.455379,2310.883175,2,3936249
87867806,2026-07-24T15:22:55.8172193,1155.334476,1124.587581,2310.668952,2,3866299
87844601,2026-07-24T12:26:56.5339349,1155.257332,1128.557099,2310.514664,2,5002384
87805324,2026-07-24T07:26:00.8101258,1155.241991,1143.429120,2310.483981,2,4979786
87834152,2026-07-24T11:06:27.0927048,1155.154007,1108.620818,2310.308014,2,5041834
87920097,2026-07-24T21:31:19.4063917,1155.064536,1133.834394,2310.129072,2,7480392
87766601,2026-07-24T02:29:55.8094994,1154.976654,1153.619698,2309.953309,2,3807136
87806414,2026-07-24T07:33:58.4612348,1154.954966,1115.118220,2309.909932,2,5340656
87911637,2026-07-24T20:43:19.5869756,1154.918898,1126.208916,2309.837797,2,4057063
87780204,2026-07-24T04:13:55.3018418,1154.821852,1146.309191,2309.643704,2,7444024
87773875,2026-07-24T03:25:58.1877894,1154.782255,1127.269086,2309.564510,2,5134265
87860420,2026-07-24T14:26:56.6842876,1154.777474,1106.026750,2309.554948,2,5283425
87855666,2026-07-24T13:50:55.5326567,1154.703948,1106.237704,2309.407897,2,5863750
87765037,2026-07-24T02:17:57.3169913,1154.658509,1148.588335,2309.317019,2,4405227
87930397,2026-07-24T22:35:21.1930539,1154.594297,1153.984635,2309.188594,2,4303621
87929804,2026-07-24T22:31:22.4503584,1154.594297,1149.318161,2309.188594,2,5265792
87923598,2026-07-24T21:51:19.5781649,1154.348900,1131.908767,2308.697800,2,8275887
87797306,2026-07-24T06:25:54.6012322,1154.298929,1134.507431,2308.597857,2,6420796
87941468,2026-07-24T23:47:22.0009515,1154.185779,1089.260826,2308.371558,2,5589192
87926158,2026-07-24T22:07:19.3258042,1154.185184,1153.611847,2308.370368,2,2882558
87902237,2026-07-24T19:39:21.4024168,1154.110290,1085.848279,2308.220580,2,3958477
87784945,2026-07-24T04:49:55.8698668,1153.989388,1150.534610,2307.978776,2,7272475
87817390,2026-07-24T08:58:25.8580069,1153.976829,1081.469753,2307.953658,2,8964910
87841495,2026-07-24T12:02:56.7607524,1153.943451,1104.210560,2307.886902,2,7326862
87793327,2026-07-24T05:53:55.7019983,1153.804872,1150.585538,2307.609744,2,5665348
87825221,2026-07-24T09:58:32.7748423,1153.674943,1132.770953,2307.349886,2,4103718
87914874,2026-07-24T21:03:19.1466481,1153.664007,1116.668341,2307.328013,2,4288275
87840470,2026-07-24T11:54:55.8990945,1153.560781,1109.784708,2307.121563,2,5777531
87892539,2026-07-24T18:31:19.0682464,1153.400221,1098.376861,2306.800441,2,5874843
87916333,2026-07-24T21:11:24.7666659,1153.334862,1118.526980,2306.669724,2,5667065
87763993,2026-07-24T02:09:55.1683245,1153.299516,1152.866338,2306.599032,2,5753114
87807982,2026-07-24T07:45:57.9876471,1153.013189,1117.279459,2306.026379,2,7638516
87770719,2026-07-24T03:02:09.4909796,1152.923703,1143.628384,2305.847405,2,4539663
87781778,2026-07-24T04:26:02.5939220,1152.915973,1147.792617,2305.831945,2,4162095
87858288,2026-07-24T14:10:57.8567206,1152.897620,1108.938307,2305.795241,2,4885924
87879394,2026-07-24T16:55:20.0392387,1152.823583,1083.582323,2305.647167,2,3859265
87922886,2026-07-24T21:47:19.2075658,1152.779373,1112.320055,2305.558745,2,5119060
87750811,2026-07-24T00:29:55.0238490,1152.731451,1147.188858,2305.462902,2,5143250
87781256,2026-07-24T04:21:55.0624958,1152.656316,1140.664550,2305.312632,2,4552852
87861976,2026-07-24T14:39:01.8736821,1152.497766,1093.290056,2304.995531,2,4428185
87792276,2026-07-24T05:45:58.3927165,1152.494402,1145.828430,2304.988805,2,6337598
87915569,2026-07-24T21:07:24.9055131,1152.491903,1108.329584,2304.983806,2,5090117
87760796,2026-07-24T01:45:59.4297821,1152.460965,1118.600679,2304.921931,2,3634245
87799517,2026-07-24T06:41:57.3268593,1152.416914,1130.711000,2304.833827,2,4772132
87940335,2026-07-24T23:39:22.4872931,1152.378384,1149.527747,2304.756767,2,3371362
87783368,2026-07-24T04:37:55.8931022,1152.309160,1142.528844,2304.618320,2,5702063
87839901,2026-07-24T11:50:26.0790948,1152.259292,1105.145139,2304.518583,2,7981166
87925555,2026-07-24T22:03:18.9432096,1152.069692,1110.804426,2304.139385,2,7232209
87850441,2026-07-24T13:10:55.8467464,1151.972147,1113.324077,2303.944294,2,4368788
87782817,2026-07-24T04:33:55.3228086,1151.904536,1136.731334,2303.809072,2,4706802
87807525,2026-07-24T07:41:55.5312164,1151.852914,1111.738734,2303.705829,2,4175511
87913538,2026-07-24T20:55:19.2867074,1151.827877,1127.922174,2303.655754,2,4320636
87767128,2026-07-24T02:33:55.1999756,1151.564549,1140.855593,2303.129098,2,5442341
87843074,2026-07-24T12:14:56.1560159,1151.301650,1117.376539,2302.603299,2,4748164
87903397,2026-07-24T19:47:22.3447937,1151.194223,1131.697010,2302.388446,2,6422994
87902823,2026-07-24T19:43:22.4102446,1151.175672,1131.914355,2302.351343,2,6360648
87888627,2026-07-24T18:03:19.7246163,1151.113571,1074.632634,2302.227143,2,5546728
87888062,2026-07-24T17:59:22.7287688,1151.113571,1077.002168,2302.227143,2,5409685
87755041,2026-07-24T01:01:55.7656500,1150.965569,1146.652040,2301.931139,2,137813854
87759260,2026-07-24T01:33:55.7572496,1150.963621,1134.298493,2301.927241,2,5762291
87921452,2026-07-24T21:39:22.8614405,1150.927197,1132.156421,2301.854393,2,4318422
87930961,2026-07-24T22:39:22.4274226,1150.909341,1118.562855,2301.818683,2,4161768
87895933,2026-07-24T18:55:17.9559102,1150.850542,1088.360002,2301.701084,2,5278502
87791777,2026-07-24T05:42:02.8045629,1150.778845,1150.571202,2301.557691,2,4889689
87887500,2026-07-24T17:55:19.6241031,1150.569033,1081.953320,2301.138066,2,6124381
87846746,2026-07-24T12:42:58.1909631,1150.525985,1106.219140,2301.051970,2,4483587
87793311,2026-07-24T05:53:55.6732898,1150.500297,1139.697248,2301.000593,2,5521289
87801705,2026-07-24T06:57:57.3441629,1150.447020,1103.311726,2300.894040,2,5285870
87873632,2026-07-24T16:11:21.4938042,1150.399980,1087.605094,2300.799959,2,6311593
87912918,2026-07-24T20:51:19.5465749,1150.380201,1097.915388,2300.760402,2,4982945
87920742,2026-07-24T21:35:19.1720944,1150.337534,1136.163934,2300.675069,2,3505156
87793315,2026-07-24T05:53:55.6786790,1150.334979,1143.976387,2300.669958,2,4258454
87756634,2026-07-24T01:13:55.2376175,1150.326711,1137.980325,2300.653422,2,2242156
87930968,2026-07-24T22:39:22.4368308,1150.291248,1128.506261,2300.582496,2,7811311
87844567,2026-07-24T12:26:56.4963911,1150.003628,1105.181866,2300.007256,2,4552156
87792790,2026-07-24T05:49:55.8400508,1149.983664,1138.186013,2299.967327,2,6119473
87766599,2026-07-24T02:29:55.8097962,1149.951040,1141.910846,2299.902079,2,5176463
87831520,2026-07-24T10:46:27.3608137,1149.909768,1082.127470,2299.819536,2,5499380
87902806,2026-07-24T19:43:22.3874564,1149.843235,1081.705472,2299.686471,2,4523919
87796327,2026-07-24T06:17:55.0357699,1149.781716,1129.564427,2299.563433,2,5208021
87797006,2026-07-24T06:21:53.9857244,1149.662779,1141.790073,2299.325557,2,3172194
87917030,2026-07-24T21:15:19.6279065,1149.661270,1132.285352,2299.322539,2,4994274
87783365,2026-07-24T04:37:55.8908706,1149.496634,1138.263991,2298.993267,2,5060127
87750815,2026-07-24T00:29:55.0176881,1149.408966,1130.613936,2298.817932,2,5591163
87786521,2026-07-24T05:01:58.2319421,1149.207852,1137.252777,2298.415704,2,4921560
87854100,2026-07-24T13:38:55.7748320,1149.108412,1108.019607,2298.216823,2,4903674
87924910,2026-07-24T21:59:20.7648758,1149.033265,1137.039755,2298.066530,2,2299786
87866218,2026-07-24T15:10:56.1411488,1148.998030,1115.653404,2297.996060,2,5121874
87917792,2026-07-24T21:19:21.2388499,1148.953491,1117.842841,2297.906983,2,5135063
87782028,2026-07-24T04:29:55.4243422,1148.941954,1135.516954,2297.883909,2,6428572
87771788,2026-07-24T03:09:55.2466959,1148.850955,1141.189037,2297.701909,2,5468768
87777039,2026-07-24T03:49:55.3091750,1148.823805,1146.772697,2297.647609,2,5208636
87796993,2026-07-24T06:21:53.9586187,1148.792406,1092.572555,2297.584812,2,6676990
87762941,2026-07-24T02:01:55.7499667,1148.637220,1142.123936,2297.274440,2,4061031
87915586,2026-07-24T21:07:24.9468136,1148.580260,1118.030046,2297.160519,2,6398302
87783366,2026-07-24T04:37:55.8901802,1148.571746,1141.619391,2297.143491,2,4325907
87783371,2026-07-24T04:37:55.8980162,1148.571746,1146.342041,2297.143491,2,3272685
87835219,2026-07-24T11:14:25.9698753,1148.569479,1143.905407,2297.138957,2,3673627
87866743,2026-07-24T15:14:56.4766544,1148.558408,1115.503184,2297.116816,2,4981230
87807471,2026-07-24T07:41:55.4335834,1148.461434,1115.795005,2296.922868,2,3296511
87760257,2026-07-24T01:41:55.5827755,1148.449315,1115.074459,2296.898631,2,2824587
87873087,2026-07-24T16:07:19.7620127,1148.392690,1108.349338,2296.785381,2,4398261
87806423,2026-07-24T07:33:58.4777636,1148.174734,1122.392512,2296.349468,2,4665557
87880434,2026-07-24T17:03:21.8806773,1148.081703,1077.486024,2296.163405,2,6033476
87811115,2026-07-24T08:09:56.0280834,1148.051219,1099.115469,2296.102438,2,3033269
87854132,2026-07-24T13:38:55.8258853,1147.973688,1109.077531,2295.947375,2,4862935
87791793,2026-07-24T05:42:02.8191094,1147.922199,1145.598145,2295.844397,2,5405857
87791764,2026-07-24T05:42:02.7878384,1147.922199,1145.680761,2295.844397,2,4403320
87809018,2026-07-24T07:53:55.3711304,1147.898670,1101.019992,2295.797340,2,4915502
87837312,2026-07-24T11:30:26.1877564,1147.874367,1105.830347,2295.748734,2,4958010
87897636,2026-07-24T19:07:19.9418105,1147.805865,1082.530983,2295.611731,2,4678121
87929808,2026-07-24T22:31:22.4777363,1147.776545,1145.338687,2295.553090,2,5309585
87859879,2026-07-24T14:22:55.6337236,1147.716450,1085.453552,2295.432901,2,4743292
87904575,2026-07-24T19:55:19.8043282,1147.696743,1123.896483,2295.393486,2,4871529
87781250,2026-07-24T04:21:55.0523884,1147.607535,1124.176067,2295.215069,2,5769163
87802242,2026-07-24T07:01:56.0792971,1147.551393,1120.962439,2295.102785,2,4622468
87775979,2026-07-24T03:41:55.5437404,1147.549223,1109.159649,2295.098445,2,4545293
87859344,2026-07-24T14:18:56.1565843,1147.453590,1086.926006,2294.907180,2,5232606
87815844,2026-07-24T08:46:26.8471004,1147.446604,1106.926921,2294.893209,2,3519346
87853592,2026-07-24T13:34:55.7675294,1147.412231,1111.346979,2294.824462,2,4101001
87931560,2026-07-24T22:43:21.4234308,1147.406056,1146.864902,2294.812111,2,5724714
87880963,2026-07-24T17:07:19.7975329,1147.373690,1071.722404,2294.747379,2,4969898
87925542,2026-07-24T22:03:18.9281421,1147.373391,1134.936469,2294.746783,2,5037991
87928596,2026-07-24T22:23:19.3447993,1147.369314,1143.093089,2294.738627,2,1774663
87749749,2026-07-24T00:21:55.2699922,1147.208749,1125.773316,2294.417498,2,5074492
87758268,2026-07-24T01:25:58.2628675,1147.133098,1137.127688,2294.266196,2,7812105
87799109,2026-07-24T06:37:55.6162188,1147.033150,1130.827823,2294.066301,2,4553879
87763459,2026-07-24T02:05:58.1614491,1147.031641,1145.857315,2294.063281,2,5475341
87771777,2026-07-24T03:09:55.2415464,1146.980963,1121.208208,2293.961927,2,5388707
87752415,2026-07-24T00:41:57.2863728,1146.947821,1144.006663,2293.895641,2,5454075
87806944,2026-07-24T07:37:55.5958023,1146.781207,1104.951500,2293.562414,2,2789401
87755582,2026-07-24T01:05:57.4085223,1146.649761,1142.932205,2293.299522,2,4876495
87900925,2026-07-24T19:31:17.7950791,1146.553997,1137.027400,2293.107994,2,3906537
87777555,2026-07-24T03:53:55.0669593,1146.553233,1107.214645,2293.106466,2,4523278
87911716,2026-07-24T20:43:19.7728254,1146.537726,1099.542467,2293.075453,2,5377631
87863555,2026-07-24T14:50:56.2081780,1146.487881,1085.733264,2292.975762,2,5106775
87783896,2026-07-24T04:41:55.4566683,1146.453177,1146.165951,2292.906354,2,5234522
87764490,2026-07-24T02:13:55.9287586,1146.437310,1102.816126,2292.874619,2,3241145
87872576,2026-07-24T16:03:20.1981128,1146.412137,1107.746512,2292.824274,2,5067682
87762400,2026-07-24T01:57:55.3654287,1146.387011,1137.251359,2292.774023,2,3837207
87793102,2026-07-24T05:53:55.3348151,1146.365986,1121.162170,2292.731971,2,3373209
87808500,2026-07-24T07:49:55.3947903,1146.284555,1104.721279,2292.569111,2,5140366
87767126,2026-07-24T02:33:55.1978710,1146.277593,1141.048977,2292.555186,2,3038531
87767135,2026-07-24T02:33:55.2089234,1146.180901,1145.523711,2292.361801,2,4163677
87807985,2026-07-24T07:45:57.9945692,1146.115054,1107.695670,2292.230109,2,3822056
87891471,2026-07-24T18:23:19.6602798,1146.069772,1127.491469,2292.139544,2,4189619
87922176,2026-07-24T21:43:19.4654562,1146.032048,1129.002878,2292.064096,2,5344807
87792260,2026-07-24T05:45:58.3683033,1145.936183,1125.023690,2291.872366,2,8386296
87772307,2026-07-24T03:13:55.3433637,1145.929915,1145.837632,2291.859830,2,4262437
87748160,2026-07-24T00:09:25.3836285,1145.840441,1142.006313,2291.680882,2,4679463
87757626,2026-07-24T01:21:55.0110583,1145.784471,1129.834621,2291.568942,2,2011591
87768682,2026-07-24T02:45:56.5646081,1145.779267,1105.815399,2291.558534,2,6661640
87809538,2026-07-24T07:57:56.0276120,1145.659525,1096.698754,2291.319050,2,4748091
87937962,2026-07-24T23:23:21.5430655,1145.555088,1140.310479,2291.110176,2,5328176
87782298,2026-07-24T04:29:55.9053540,1145.517632,1128.908050,2291.035265,2,5874522
87769217,2026-07-24T02:50:08.7417037,1145.465347,1097.848627,2290.930695,2,4842403
87779676,2026-07-24T04:09:55.2918844,1145.440140,1125.903863,2290.880281,2,4828424
87786536,2026-07-24T05:01:58.2547074,1145.411895,1141.493654,2290.823791,2,3864796
87779171,2026-07-24T04:05:56.9329685,1145.359843,1123.516304,2290.719685,2,5510138
87872561,2026-07-24T16:03:20.1877005,1145.335250,1084.397045,2290.670500,2,5138444
87762886,2026-07-24T02:01:55.5023847,1145.334120,1139.977473,2290.668240,2,6145484
87785464,2026-07-24T04:53:55.4718084,1145.315257,1111.871173,2290.630514,2,6372486
87789708,2026-07-24T05:25:57.8097435,1145.276282,1140.278882,2290.552564,2,4165052
87931564,2026-07-24T22:43:21.4314938,1145.223291,1142.360216,2290.446583,2,5870540
87806947,2026-07-24T07:37:55.6140671,1145.208548,1112.869674,2290.417097,2,938060
87936704,2026-07-24T23:15:20.8702667,1145.196446,1140.657723,2290.392893,2,2977466
87924263,2026-07-24T21:55:19.6584080,1145.190000,1120.427883,2290.380000,2,2752835
87845696,2026-07-24T12:34:57.5164328,1145.075880,1113.813156,2290.151760,2,5308686
87849900,2026-07-24T13:07:02.4920222,1145.054749,1107.322880,2290.109498,2,4915370
87928591,2026-07-24T22:23:19.3385746,1144.935732,1136.925452,2289.871463,2,3777281
87916280,2026-07-24T21:11:24.6560190,1144.895322,1114.373536,2289.790643,2,3817879
87834687,2026-07-24T11:10:25.6977077,1144.877943,1100.028216,2289.755886,2,5971212
87778621,2026-07-24T04:01:55.5804199,1144.822193,1124.291583,2289.644386,2,4982058
87882001,2026-07-24T17:15:19.5746698,1144.798284,1064.299540,2289.596567,2,5055248
87938525,2026-07-24T23:27:22.2430744,1144.755469,1085.712917,2289.510938,2,6207215
87800145,2026-07-24T06:45:57.5478739,1144.560214,1111.431296,2289.120427,2,3996878
87847266,2026-07-24T12:46:58.0867547,1144.483148,1102.906151,2288.966295,2,3980626
87874152,2026-07-24T16:15:19.7078727,1144.481581,1073.267426,2288.963162,2,4479903
87872059,2026-07-24T15:59:41.1439147,1144.408012,1107.137493,2288.816024,2,4561065
87857238,2026-07-24T14:02:58.0972511,1144.397542,1091.720857,2288.795085,2,7758645
87750353,2026-07-24T00:26:01.6635326,1144.356280,1141.463388,2288.712559,2,5396763
87932232,2026-07-24T22:47:21.8161999,1144.289664,1136.669681,2288.579328,2,6915873
87810069,2026-07-24T08:01:55.8128291,1144.210891,1090.826617,2288.421782,2,4902195
87893684,2026-07-24T18:39:20.9041885,1144.154543,1123.661146,2288.309086,2,6463062
87818465,2026-07-24T09:06:27.5875349,1144.151380,1130.912380,2288.302761,2,4247048
87832056,2026-07-24T10:50:25.7215997,1144.145589,1063.383254,2288.291178,2,5286083
87909218,2026-07-24T20:27:19.9687923,1144.144674,1100.189070,2288.289348,2,4649982
87885285,2026-07-24T17:39:27.0623685,1144.121502,1110.013655,2288.243003,2,4792997
87826286,2026-07-24T10:06:31.3071070,1144.062171,1101.989118,2288.124342,2,6136433
87934879,2026-07-24T23:03:22.2636752,1144.049613,1142.951601,2288.099226,2,4482036
87934880,2026-07-24T23:03:22.2616932,1143.956044,1092.247869,2287.912088,2,5270868
87848312,2026-07-24T12:54:55.9478808,1143.951911,1101.203513,2287.903822,2,7427257
87751360,2026-07-24T00:33:55.5115501,1143.944953,1134.605353,2287.889905,2,5970418
87784942,2026-07-24T04:49:55.8561069,1143.927237,1112.651821,2287.854474,2,3766197
87789710,2026-07-24T05:25:57.6661905,1143.876720,1119.632795,2287.753440,2,5370354
87936690,2026-07-24T23:15:20.8565543,1143.795380,1087.564083,2287.590761,2,4130071
87930985,2026-07-24T22:39:22.4516228,1143.701985,1142.889928,2287.403971,2,4110873
87768183,2026-07-24T02:41:54.9127149,1143.601814,1142.239598,2287.203629,2,6288455
87860948,2026-07-24T14:30:55.8288997,1143.593085,1080.935237,2287.186170,2,4630876
87877835,2026-07-24T16:43:20.6781724,1143.503321,1104.984451,2287.006642,2,5506236
87917081,2026-07-24T21:15:19.7207938,1143.405283,1100.975666,2286.810567,2,5091364
87779151,2026-07-24T04:05:56.8994645,1143.383493,1126.652339,2286.766986,2,4305003
87795839,2026-07-24T06:13:53.9179142,1143.315927,1136.861286,2286.631853,2,2833993
87753986,2026-07-24T00:53:55.2241112,1143.307814,1142.075059,2286.615628,2,4267956
87789139,2026-07-24T05:21:55.6942904,1143.173194,1135.459591,2286.346388,2,5813772
87932241,2026-07-24T22:47:21.8203626,1143.168908,1138.813834,2286.337815,2,4364205
87770716,2026-07-24T03:02:09.4760449,1143.161380,1111.150831,2286.322760,2,6015461
87754961,2026-07-24T01:01:55.6149068,1143.145500,1125.669426,2286.291000,2,3200586
87937318,2026-07-24T23:19:25.0145908,1143.102629,1141.834185,2286.205257,2,7876781
87906205,2026-07-24T20:07:17.9326494,1143.087175,1128.811126,2286.174350,2,4247439
87846228,2026-07-24T12:38:58.6496775,1143.040651,1106.286245,2286.081302,2,5050514
87933615,2026-07-24T22:55:21.5687892,1142.958052,1135.148817,2285.916105,2,3358497
87761868,2026-07-24T01:53:55.5082304,1142.946440,1129.476774,2285.892880,2,4258963
87809534,2026-07-24T07:57:56.0247393,1142.920310,1088.127472,2285.840621,2,4993791
87828913,2026-07-24T10:26:26.3557322,1142.908251,1060.181016,2285.816502,2,3870755
87930975,2026-07-24T22:39:22.4508122,1142.890593,1142.241862,2285.781186,2,5066852
87849372,2026-07-24T13:02:55.5570385,1142.852043,1106.344596,2285.704087,2,5132049
87818978,2026-07-24T09:10:25.5309118,1142.802272,1135.374460,2285.604545,2,4782285
87834157,2026-07-24T11:06:27.0988330,1142.801353,1099.092422,2285.602707,2,3974277
87833629,2026-07-24T11:02:28.7225118,1142.801353,1102.342969,2285.602707,2,6469950
87780731,2026-07-24T04:17:56.0489281,1142.720925,1118.271228,2285.441850,2,5587928
87818979,2026-07-24T09:10:25.5281083,1142.702145,1130.927351,2285.404290,2,4353801
87817404,2026-07-24T08:58:25.8827743,1142.679552,1132.167141,2285.359103,2,6019792
87886373,2026-07-24T17:47:19.4999204,1142.647127,1051.729313,2285.294255,2,4778579
87775456,2026-07-24T03:37:55.4579796,1142.583697,1102.636064,2285.167394,2,4989390
87782827,2026-07-24T04:33:55.3322868,1142.554884,1124.697610,2285.109768,2,4704327
87891425,2026-07-24T18:23:19.5644239,1142.501850,1069.972832,2285.003701,2,6324844
87816366,2026-07-24T08:50:33.4216899,1142.480990,1124.534748,2284.961980,2,3688519
87920044,2026-07-24T21:31:19.2941355,1142.463079,1120.431307,2284.926158,2,2243768
87922210,2026-07-24T21:43:19.5202132,1142.417638,1111.465326,2284.835276,2,5440263
87792791,2026-07-24T05:49:55.8420571,1142.409746,1130.723092,2284.819492,2,5024205
87752413,2026-07-24T00:41:57.2800242,1142.400520,1132.065765,2284.801039,2,2301471
87774934,2026-07-24T03:33:55.3352156,1142.387620,1096.135882,2284.775240,2,7638962
87852528,2026-07-24T13:27:01.8446064,1142.363051,1106.895712,2284.726102,2,6681477
87812719,2026-07-24T08:21:55.3926955,1142.266682,1131.247037,2284.533365,2,6124335
87923612,2026-07-24T21:51:19.5993850,1142.231354,1113.151276,2284.462708,2,3480780
87791228,2026-07-24T05:37:56.5922398,1142.151536,1122.606213,2284.303072,2,5263787
87897075,2026-07-24T19:03:18.3754981,1141.929559,1073.432138,2283.859118,2,5207744
87861455,2026-07-24T14:34:57.0600998,1141.877454,1079.427019,2283.754907,2,4950882
87754523,2026-07-24T00:57:54.9777593,1141.845548,1137.576000,2283.691095,2,4612157
87751889,2026-07-24T00:37:55.2283053,1141.747476,1135.054416,2283.494952,2,3331621
87766594,2026-07-24T02:29:55.7999374,1141.698318,1110.737504,2283.396636,2,5155297
87801720,2026-07-24T06:57:57.3912077,1141.636601,1139.929529,2283.273201,2,5546202
87942017,2026-07-24T23:51:21.2218268,1141.604316,1119.621848,2283.208633,2,7589936
87932237,2026-07-24T22:47:21.8205529,1141.467153,1130.571870,2282.934307,2,5398230
87759278,2026-07-24T01:33:55.7918828,1141.422173,1121.718222,2282.844347,2,4514597
87755056,2026-07-24T01:01:55.8248613,1141.400770,1136.840812,2282.801539,2,2623908
87911128,2026-07-24T20:39:24.3601857,1141.390140,1068.208385,2282.780279,2,3214639
87794381,2026-07-24T06:01:54.1541553,1141.377512,1126.589969,2282.755024,2,4167914
87759728,2026-07-24T01:38:01.1693098,1141.370034,1115.597038,2282.740068,2,1280068
87798581,2026-07-24T06:33:55.4576479,1141.312281,1119.856338,2282.624562,2,5417989
87804945,2026-07-24T07:21:55.5670642,1140.930998,1112.770185,2281.861995,2,5470035
87827868,2026-07-24T10:18:25.1661032,1140.783711,1091.349181,2281.567422,2,5331106
87772838,2026-07-24T03:17:55.6600383,1140.776566,1132.194127,2281.553132,2,3942586
87758739,2026-07-24T01:29:55.3762365,1140.701646,1108.538785,2281.403292,2,6221691
87889178,2026-07-24T18:07:19.2233670,1140.679498,1066.855201,2281.358996,2,7413839
87802758,2026-07-24T07:05:58.0252223,1140.558058,1113.483008,2281.116116,2,3579303
87814271,2026-07-24T08:34:25.4376075,1140.500686,1095.170393,2281.001371,2,5127414
87906905,2026-07-24T20:11:18.2839488,1140.480304,1098.543517,2280.960609,2,5911319
87799630,2026-07-24T06:41:57.5127630,1140.441445,1110.699519,2280.882889,2,5439198
87796847,2026-07-24T06:21:53.7192503,1140.420491,1123.446340,2280.840982,2,3980169
87792781,2026-07-24T05:49:55.8267438,1140.390493,1091.446550,2280.780986,2,6476873
87925575,2026-07-24T22:03:18.9752595,1140.386554,1131.827801,2280.773109,2,2919177
87939123,2026-07-24T23:31:23.3045235,1140.364375,1135.712558,2280.728750,2,2010638
87777587,2026-07-24T03:53:55.1189026,1140.346713,1119.219950,2280.693425,2,7173025
87868329,2026-07-24T15:26:58.2426863,1140.344763,1091.505371,2280.689525,2,6012622
87852518,2026-07-24T13:27:01.8293443,1140.298541,1090.770618,2280.597082,2,4919638
87933622,2026-07-24T22:55:21.5776125,1140.165995,1134.410606,2280.331990,2,4479316
87937968,2026-07-24T23:23:21.5595784,1140.163667,1131.536294,2280.327333,2,3446662
87764398,2026-07-24T02:13:55.7762568,1140.154203,1086.913469,2280.308407,2,3928229
87938540,2026-07-24T23:27:22.2504353,1140.107617,1129.548686,2280.215234,2,4543010
87824688,2026-07-24T09:54:32.4029132,1140.093216,1100.216918,2280.186433,2,6412051
87936091,2026-07-24T23:11:21.2296177,1140.060822,1138.364581,2280.121644,2,4573719
87791749,2026-07-24T05:42:02.7695314,1139.982084,1107.724597,2279.964167,2,8661931
87807999,2026-07-24T07:45:58.0343732,1139.979645,1133.347047,2279.959291,2,5417861
87866211,2026-07-24T15:10:56.1285390,1139.932613,1085.618613,2279.865226,2,3358089
87940342,2026-07-24T23:39:22.4918930,1139.931180,1125.787144,2279.862360,2,4604907
87940906,2026-07-24T23:43:21.8039033,1139.893291,1124.176526,2279.786582,2,1601533
87797001,2026-07-24T06:21:53.9721509,1139.808122,1123.410191,2279.616244,2,6029907
87905737,2026-07-24T20:03:21.8657913,1139.761702,1051.329580,2279.523403,2,4854660
87867267,2026-07-24T15:18:56.6794574,1139.715848,1094.608154,2279.431696,2,6241786
87747610,2026-07-24T00:05:29.6028737,1139.685701,1132.851199,2279.371402,2,5046492
87749232,2026-07-24T00:17:25.3706773,1139.667539,1108.683045,2279.335078,2,5874583
87757689,2026-07-24T01:21:55.1087125,1139.663959,1113.315475,2279.327918,2,3467786
87799631,2026-07-24T06:41:57.5124048,1139.584093,1121.227045,2279.168187,2,5014485
87905031,2026-07-24T19:59:19.7703555,1139.530375,1114.927618,2279.060751,2,4967790
87869388,2026-07-24T15:34:58.1827329,1139.460534,1098.088182,2278.921067,2,6782866
87903997,2026-07-24T19:51:18.5807842,1139.429513,1113.735316,2278.859025,2,3616432
87929200,2026-07-24T22:27:20.8987522,1139.412625,1138.216452,2278.825250,2,6543712
87752397,2026-07-24T00:41:57.2629268,1139.397092,1130.464687,2278.794185,2,5792008
87920778,2026-07-24T21:35:19.2327031,1139.396099,1108.268905,2278.792199,2,5431959
87765024,2026-07-24T02:17:57.3027150,1139.339107,1092.289427,2278.678214,2,3991604
87887515,2026-07-24T17:55:19.6471952,1139.326657,1115.511617,2278.653314,2,4377198
87823169,2026-07-24T09:42:25.3942542,1139.309301,1089.448425,2278.618603,2,3438719
87893670,2026-07-24T18:39:20.8605176,1139.191354,1108.359263,2278.382708,2,2910578
87799103,2026-07-24T06:37:55.6069085,1139.156490,1111.800066,2278.312980,2,4752440
87796042,2026-07-24T06:13:54.2268193,1139.119328,1118.179315,2278.238656,2,4341853
87834681,2026-07-24T11:10:25.6829540,1139.078777,1078.385241,2278.157554,2,5669805
87902683,2026-07-24T19:43:22.1474935,1138.997923,1095.881390,2277.995846,2,5220022
87833115,2026-07-24T10:58:25.6890528,1138.963673,1098.013600,2277.927345,2,5702585
87796495,2026-07-24T06:17:55.3105629,1138.942786,1134.368877,2277.885571,2,5567094
87761353,2026-07-24T01:49:56.4306301,1138.907115,1116.277854,2277.814230,2,5917280
87774408,2026-07-24T03:29:55.3690696,1138.870215,1092.277939,2277.740429,2,8700428
87792059,2026-07-24T05:45:58.0426655,1138.833826,1122.925099,2277.667651,2,5043424
87938538,2026-07-24T23:27:22.2619712,1138.828314,1137.458014,2277.656628,2,4693066
87925564,2026-07-24T22:03:18.9715471,1138.809385,1122.466118,2277.618770,2,3385050
87907510,2026-07-24T20:15:18.2755347,1138.675233,1098.235784,2277.350467,2,5384443
87756118,2026-07-24T01:09:55.5937242,1138.659256,1127.459560,2277.318511,2,3825827
87769722,2026-07-24T02:54:06.4877932,1138.612223,1090.565821,2277.224446,2,4426602
87762918,2026-07-24T02:01:55.6803456,1138.601940,1089.019904,2277.203880,2,4037611
87787027,2026-07-24T05:06:01.9189678,1138.595872,1099.994178,2277.191745,2,6307998
87831019,2026-07-24T10:42:25.5766763,1138.575793,1134.128534,2277.151585,2,4153644
87940890,2026-07-24T23:43:21.7736640,1138.572713,1060.697626,2277.145426,2,4201815
87932246,2026-07-24T22:47:21.8311439,1138.524893,1135.994440,2277.049787,2,5067373
87803294,2026-07-24T07:09:55.3393555,1138.511120,1105.809761,2277.022239,2,5613409
87813236,2026-07-24T08:26:27.0721426,1138.478708,1097.049111,2276.957417,2,2002306
87871486,2026-07-24T15:51:01.6505297,1138.455654,1098.673902,2276.911307,2,4388033
87750365,2026-07-24T00:26:01.6803555,1138.387181,1113.661892,2276.774363,2,6138758
87884719,2026-07-24T17:35:25.9937420,1138.255810,1092.397949,2276.511620,2,4914221
87926183,2026-07-24T22:07:19.3480700,1138.223326,1085.663334,2276.446652,2,8185236
87884161,2026-07-24T17:31:20.9116909,1138.155367,1091.190912,2276.310734,2,6118993
87755588,2026-07-24T01:05:57.4147328,1138.104726,1117.890322,2276.209452,2,654337
87750824,2026-07-24T00:29:55.0335648,1138.099679,1137.342869,2276.199358,2,5096096
87912929,2026-07-24T20:51:19.5596708,1137.959893,1095.087723,2275.919786,2,5792175
87822647,2026-07-24T09:38:28.0274476,1137.928483,1137.324379,2275.856966,2,3436148
87815316,2026-07-24T08:42:36.3796633,1137.793031,1084.638507,2275.586062,2,5058996
87761388,2026-07-24T01:49:56.4954137,1137.765904,1125.542418,2275.531808,2,4379356
87865690,2026-07-24T15:06:58.1640057,1137.765370,1087.332762,2275.530741,2,3971660
87747607,2026-07-24T00:05:29.5775416,1137.631909,1130.103138,2275.263817,2,4767055
87867810,2026-07-24T15:22:55.8225423,1137.587039,1096.504206,2275.174077,2,5141276
87912313,2026-07-24T20:47:19.5805951,1137.578548,1088.103790,2275.157096,2,4539020
87936104,2026-07-24T23:11:21.2473747,1137.552164,1136.917817,2275.104328,2,3493675
87832060,2026-07-24T10:50:25.7304392,1137.539692,1128.952390,2275.079384,2,4792186
87822154,2026-07-24T09:34:25.4206365,1137.539117,1088.981843,2275.078233,2,4706327
87798590,2026-07-24T06:33:55.4698418,1137.533557,1115.929709,2275.067114,2,5358947
87927360,2026-07-24T22:15:19.2643849,1137.425392,1122.697438,2274.850784,2,5396483
87817922,2026-07-24T09:02:25.4479243,1137.350393,1091.611867,2274.700787,2,5553332
87756705,2026-07-24T01:13:55.3254059,1137.247950,1132.277892,2274.495900,2,5450379
87818452,2026-07-24T09:06:27.5742823,1137.224686,1097.461372,2274.449373,2,3132131
87919270,2026-07-24T21:27:20.3928984,1137.075092,1102.158858,2274.150183,2,2262173
87793302,2026-07-24T05:53:55.6584982,1136.954168,1081.652153,2273.908335,2,4458767
87775983,2026-07-24T03:41:55.5500898,1136.897238,1127.494409,2273.794476,2,4762729
87747611,2026-07-24T00:05:29.5980163,1136.886317,1128.491571,2273.772634,2,3772267
87823641,2026-07-24T09:46:50.1699189,1136.772452,1128.379197,2273.544904,2,4789225
87880975,2026-07-24T17:07:19.8124409,1136.753233,1084.079999,2273.506466,2,5665973
87932238,2026-07-24T22:47:21.8317442,1136.730188,1126.553119,2273.460377,2,5551599
87853048,2026-07-24T13:30:55.9471537,1136.684291,1080.640775,2273.368582,2,5701279
87775462,2026-07-24T03:37:55.4635364,1136.679981,1115.257646,2273.359961,2,6967253
87867274,2026-07-24T15:18:56.6849445,1136.665680,1081.492954,2273.331360,2,4386737
87817396,2026-07-24T08:58:25.8727315,1136.665401,1083.617582,2273.330802,2,3655865
87886951,2026-07-24T17:51:20.4177197,1136.656871,1104.674084,2273.313743,2,1498052
87868860,2026-07-24T15:30:56.0351149,1136.641632,1081.181716,2273.283265,2,6511176
87896464,2026-07-24T18:59:19.5637121,1136.588378,1065.319958,2273.176757,2,5270784
87921488,2026-07-24T21:39:22.9262310,1136.535407,1099.111177,2273.070815,2,3721482
87812188,2026-07-24T08:17:57.1730010,1136.477014,1129.332160,2272.954028,2,3989209
87936102,2026-07-24T23:11:21.2486844,1136.428715,1132.653099,2272.857430,2,3558874
87783890,2026-07-24T04:41:55.4509820,1136.403790,1109.536864,2272.807580,2,6253995
87752420,2026-07-24T00:41:57.2910382,1136.382053,1126.165992,2272.764105,2,3896770
87788593,2026-07-24T05:17:55.9633002,1136.326235,1080.829230,2272.652471,2,3970275
87915509,2026-07-24T21:07:24.7825155,1136.239288,1102.748999,2272.478577,2,6240144
87760839,2026-07-24T01:45:59.4970998,1136.234797,1125.354577,2272.469594,2,5864918
87748162,2026-07-24T00:09:25.3855179,1136.193144,1125.810013,2272.386287,2,3745761
87937965,2026-07-24T23:23:21.5444626,1136.106729,1130.308289,2272.213458,2,4905734
87903846,2026-07-24T19:51:18.2915663,1136.097834,1101.051671,2272.195669,2,4790903
87848317,2026-07-24T12:54:55.9545599,1136.075568,1089.715903,2272.151135,2,5863556
87936699,2026-07-24T23:15:20.8710330,1136.074024,1126.902781,2272.148049,2,4160807
87748689,2026-07-24T00:13:25.5455908,1136.003397,1115.540310,2272.006794,2,6872498
87751876,2026-07-24T00:37:55.2152704,1135.979479,1106.707399,2271.958958,2,3787604
87782319,2026-07-24T04:29:55.9351842,1135.945094,1134.349606,2271.890188,2,3279847
87795259,2026-07-24T06:09:53.6983594,1135.847568,1108.659813,2271.695136,2,6597386
87801723,2026-07-24T06:57:57.3920356,1135.842195,1135.225033,2271.684389,2,824695
87783888,2026-07-24T04:41:55.4504318,1135.831523,1116.274940,2271.663046,2,5234840
87937321,2026-07-24T23:19:25.0124842,1135.826059,1126.875713,2271.652118,2,4068834
87831015,2026-07-24T10:42:25.5700534,1135.799388,1134.173174,2271.598775,2,5299903
87796487,2026-07-24T06:17:55.2953483,1135.739584,1110.047052,2271.479167,2,5788583
87755050,2026-07-24T01:01:55.7735883,1135.715982,1111.267155,2271.431963,2,3978761
87780728,2026-07-24T04:17:56.0398953,1135.651844,1113.248494,2271.303688,2,3766924
87747044,2026-07-24T00:01:25.1373140,1135.625031,1133.559068,2271.250061,2,5253007
87787558,2026-07-24T05:09:56.5753217,1135.542589,1099.203096,2271.085178,2,5664084
87759208,2026-07-24T01:33:55.6672658,1135.477907,1096.129568,2270.955813,2,2468731
87754520,2026-07-24T00:57:54.9729865,1135.425095,1133.000208,2270.850190,2,4984040
87747037,2026-07-24T00:01:25.1245052,1135.419955,1128.731842,2270.839910,2,5851560
87831534,2026-07-24T10:46:27.3835145,1135.336351,1092.982030,2270.672703,2,6439109
87900500,2026-07-24T19:27:19.7722028,1135.284088,1118.875145,2270.568176,2,7825618
87868333,2026-07-24T15:26:58.2495761,1135.280915,1088.723877,2270.561829,2,5476192
87934883,2026-07-24T23:03:22.2678311,1135.215458,1128.011267,2270.430915,2,5377947
87931570,2026-07-24T22:43:21.4414407,1135.188987,1127.350142,2270.377975,2,6183596
87794920,2026-07-24T06:05:57.7273724,1135.157711,1122.376436,2270.315422,2,4257784
87903259,2026-07-24T19:47:22.0562974,1135.096890,1076.603390,2270.193780,2,3238095
87750127,2026-07-24T00:26:01.0622522,1135.095432,1127.840433,2270.190865,2,4658925
87758253,2026-07-24T01:25:58.2540744,1135.086516,1119.430637,2270.173033,2,5627625
87749242,2026-07-24T00:17:25.3943159,1135.069408,1121.519388,2270.138815,2,4062921
87794388,2026-07-24T06:01:54.1677305,1135.033060,1127.506601,2270.066120,2,4323988
87760847,2026-07-24T01:45:59.5249255,1135.015364,1121.175948,2270.030728,2,3712981
87940338,2026-07-24T23:39:22.4861937,1134.917336,1119.928064,2269.834673,2,5632950
87823624,2026-07-24T09:46:50.1431448,1134.836595,1072.509723,2269.673190,2,6296579
87930401,2026-07-24T22:35:21.2125399,1134.714942,1121.056196,2269.429884,2,5534233
87933623,2026-07-24T22:55:21.5775618,1134.641274,1134.434607,2269.282547,2,5820047
87930984,2026-07-24T22:39:22.4473935,1134.625182,1124.052455,2269.250364,2,4533582
87801210,2026-07-24T06:53:55.9147053,1134.610043,1127.264991,2269.220087,2,4887558
87792272,2026-07-24T05:45:58.3783784,1134.607639,1082.980650,2269.215278,2,6476682
87786512,2026-07-24T05:01:58.2196985,1134.589217,1087.936217,2269.178434,2,6507927
87749245,2026-07-24T00:17:25.3919185,1134.588607,1127.034301,2269.177214,2,4394911
87925557,2026-07-24T22:03:18.9558136,1134.559028,1098.295550,2269.118055,2,5961828
87881507,2026-07-24T17:11:19.5951183,1134.535554,1076.789848,2269.071109,2,4970090
87909315,2026-07-24T20:27:20.2155465,1134.516245,1075.449057,2269.032491,2,9054993
87820033,2026-07-24T09:18:26.0811214,1134.497485,1099.363176,2268.994970,2,10147016
87808495,2026-07-24T07:49:55.3915449,1134.488816,1077.359119,2268.977631,2,5021196
87924936,2026-07-24T21:59:20.8089737,1134.467430,1131.970264,2268.934859,2,5088374
87801187,2026-07-24T06:53:55.8721458,1134.465213,1091.517311,2268.930425,2,6101666
87932935,2026-07-24T22:51:21.8482863,1134.456667,1131.307771,2268.913335,2,2576151
87750123,2026-07-24T00:26:01.0492771,1134.438598,1108.130180,2268.877196,2,5544037
87749231,2026-07-24T00:17:25.3726896,1134.417500,1124.403735,2268.835000,2,3544953
87760318,2026-07-24T01:41:55.6854212,1134.415514,1129.631149,2268.831028,2,4681086
87750132,2026-07-24T00:26:01.0568148,1134.348620,1134.237171,2268.697240,2,3306578
87763990,2026-07-24T02:09:55.1707189,1134.262096,1133.476753,2268.524193,2,4105251
87935508,2026-07-24T23:07:25.1616394,1134.247506,1131.326027,2268.495011,2,3692872
87768799,2026-07-24T02:45:56.8135570,1134.173242,1100.506696,2268.346485,2,1241405
87929198,2026-07-24T22:27:20.8989828,1134.152038,1121.009389,2268.304076,2,4124750
87783363,2026-07-24T04:37:55.8873526,1134.042842,1108.574979,2268.085684,2,3551563
87898218,2026-07-24T19:11:18.9959090,1134.013360,1107.186188,2268.026720,2,7108934
87760311,2026-07-24T01:41:55.6733772,1134.004211,1116.824092,2268.008421,2,4587171
87809039,2026-07-24T07:53:55.4071004,1134.002835,1120.572523,2268.005671,2,3758956
87924935,2026-07-24T21:59:20.8077325,1133.969688,1132.374119,2267.939376,2,3654534
87793313,2026-07-24T05:53:55.6793563,1133.942205,1118.962716,2267.884410,2,5811365
87809563,2026-07-24T07:57:56.0545696,1133.928909,1120.410888,2267.857818,2,4409348
87924941,2026-07-24T21:59:20.8150393,1133.873673,1131.217520,2267.747347,2,4283628
87753462,2026-07-24T00:49:55.0131165,1133.841464,1109.774778,2267.682928,2,3503423
87842548,2026-07-24T12:10:55.8280264,1133.817295,1076.530454,2267.634589,2,3835570
87836284,2026-07-24T11:22:26.6691773,1133.782539,1117.394229,2267.565078,2,4494817
87756125,2026-07-24T01:09:55.6016169,1133.768343,1107.179614,2267.536685,2,6018302
87768167,2026-07-24T02:41:54.8768328,1133.766528,1109.412464,2267.533057,2,4745826
87908598,2026-07-24T20:23:21.1790155,1133.675353,1086.940488,2267.350706,2,3810758
87791744,2026-07-24T05:42:02.7637120,1133.514422,1083.818208,2267.028844,2,5237937
87875220,2026-07-24T16:23:20.3579622,1133.433897,1084.504861,2266.867794,2,4924156
87779674,2026-07-24T04:09:55.2862906,1133.417219,1103.068113,2266.834438,2,692686
87768695,2026-07-24T02:45:56.5796337,1133.343368,1116.243748,2266.686736,2,5252133
87778095,2026-07-24T03:57:56.4623244,1133.321998,1112.671598,2266.643995,2,2388834
87943140,2026-07-24T23:59:22.8801475,1133.297812,1099.464027,2266.595624,2,5231571
87828935,2026-07-24T10:26:26.3851695,1133.291714,1129.724357,2266.583427,2,5025148
87932933,2026-07-24T22:51:21.8545076,1133.230839,1126.879326,2266.461677,2,3750117
87789717,2026-07-24T05:25:57.6711109,1133.205265,1111.317558,2266.410531,2,4787461
87831543,2026-07-24T10:46:27.4199307,1133.199044,1127.808576,2266.398089,2,5789596
87803300,2026-07-24T07:09:55.3538308,1133.177894,1128.908721,2266.355788,2,4779325
87789124,2026-07-24T05:21:55.6737867,1133.145663,1102.013302,2266.291327,2,4639000
87760321,2026-07-24T01:41:55.6871506,1133.080682,1122.149663,2266.161365,2,2679568
87909943,2026-07-24T20:31:20.6246300,1133.078111,1074.518116,2266.156222,2,6518180
87752931,2026-07-24T00:46:03.2429280,1133.065113,1112.288129,2266.130225,2,1436603
87821084,2026-07-24T09:26:27.1756761,1132.975870,1120.233151,2265.951739,2,5106055
87829993,2026-07-24T10:34:25.5740210,1132.960030,1130.212195,2265.920061,2,4923665
87787556,2026-07-24T05:09:56.5680800,1132.921017,1077.284053,2265.842034,2,4710553
87855152,2026-07-24T13:46:57.8949478,1132.854436,1070.005625,2265.708871,2,4851753
87908089,2026-07-24T20:19:20.1311541,1132.794403,1080.175502,2265.588805,2,4735984
87854632,2026-07-24T13:42:55.8584022,1132.784546,1072.583515,2265.569092,2,7139389
87767649,2026-07-24T02:37:55.5309045,1132.544816,1108.328940,2265.089631,2,6346099
87922896,2026-07-24T21:47:19.2289025,1132.497924,1126.439665,2264.995848,2,2617280
87815331,2026-07-24T08:42:36.4007642,1132.474046,1111.181011,2264.948093,2,5965378
87749761,2026-07-24T00:21:55.2913163,1132.449932,1125.790538,2264.899864,2,5321523
87861457,2026-07-24T14:34:57.0647377,1132.420728,1056.214246,2264.841456,2,6084324
87827869,2026-07-24T10:18:25.1698977,1132.404302,1127.996207,2264.808604,2,3376288
87851487,2026-07-24T13:18:55.8699776,1132.334941,1080.978637,2264.669881,2,5688414
87937329,2026-07-24T23:19:25.0275716,1132.310668,1128.733217,2264.621335,2,4546929
87807455,2026-07-24T07:41:55.4195745,1132.162494,1069.631782,2264.324987,2,5276724
87818991,2026-07-24T09:10:25.5567125,1132.141898,1118.445846,2264.283796,2,1809482
87828939,2026-07-24T10:26:26.3852164,1132.106248,1125.310901,2264.212496,2,6057389
87753463,2026-07-24T00:49:55.0079400,1132.095606,1110.131294,2264.191212,2,3779368
87932938,2026-07-24T22:51:21.8567929,1132.084493,1123.157522,2264.168986,2,4926401
87769214,2026-07-24T02:50:08.7586433,1131.978030,1118.629003,2263.956060,2,4011917
87758193,2026-07-24T01:25:58.0636801,1131.946262,1129.037020,2263.892524,2,3520478
87788156,2026-07-24T05:13:55.9297647,1131.922559,1130.544644,2263.845118,2,2847055
87905163,2026-07-24T19:59:20.0614549,1131.882242,1095.277287,2263.764483,2,3369959
87833637,2026-07-24T11:02:28.7388174,1131.878027,1116.529623,2263.756054,2,6159514
87753456,2026-07-24T00:49:55.0023018,1131.808437,1105.982098,2263.616874,2,4714480
87942586,2026-07-24T23:55:21.8349833,1131.803614,1110.330586,2263.607228,2,5657045
87789720,2026-07-24T05:25:57.6737531,1131.771988,1108.774988,2263.543976,2,3390394
87766080,2026-07-24T02:25:56.4176381,1131.648829,1114.370311,2263.297659,2,5412718
87774946,2026-07-24T03:33:55.4155703,1131.623820,1130.381688,2263.247640,2,1796731
87813238,2026-07-24T08:26:27.0724117,1131.616951,1066.402125,2263.233902,2,6818212
87765141,2026-07-24T02:17:57.4787870,1131.532293,1102.038624,2263.064585,2,6493797
87804930,2026-07-24T07:21:55.5510564,1131.509636,1114.140496,2263.019272,2,3319433
87897077,2026-07-24T19:03:18.3812243,1131.496358,1099.357439,2262.992717,2,8642971
87942593,2026-07-24T23:55:21.8473189,1131.412289,1103.152323,2262.824579,2,4425145
87810590,2026-07-24T08:05:57.6295939,1131.375709,1059.306011,2262.751417,2,6578101
87822649,2026-07-24T09:38:28.0268395,1131.362909,1130.067721,2262.725818,2,4115674
87821074,2026-07-24T09:26:27.1663284,1131.336928,1094.377731,2262.673857,2,4520613
87800160,2026-07-24T06:45:57.5608648,1131.311789,1126.055421,2262.623578,2,4525046
87929204,2026-07-24T22:27:20.9189652,1131.259240,1121.286223,2262.518479,2,4997910
87934296,2026-07-24T22:59:26.7646852,1131.243584,1128.158216,2262.487168,2,4412233
87923601,2026-07-24T21:51:19.5807454,1131.241200,1128.661056,2262.482399,2,5934907
87837335,2026-07-24T11:30:26.2310569,1131.135917,1108.076252,2262.271835,2,3136219
87785476,2026-07-24T04:53:55.5017948,1131.097129,1110.142535,2262.194258,2,4230719
87763533,2026-07-24T02:05:58.3834136,1131.082209,1109.678772,2262.164418,2,3241148
87934874,2026-07-24T23:03:22.2603368,1130.972656,1119.552373,2261.945313,2,3957883
87920777,2026-07-24T21:35:19.2312368,1130.937112,1075.094794,2261.874224,2,5037987
87756114,2026-07-24T01:09:55.5829088,1130.924840,1114.813340,2261.849680,2,5973875
87894860,2026-07-24T18:47:18.2483553,1130.921290,1092.383919,2261.842579,2,5815289
87763452,2026-07-24T02:05:58.1484444,1130.905793,1111.349320,2261.811586,2,4858153
87833103,2026-07-24T10:58:25.6703560,1130.897997,1057.276027,2261.795994,2,5003231
87934290,2026-07-24T22:59:26.7611802,1130.895162,1123.810993,2261.790324,2,5733172
87940341,2026-07-24T23:39:22.4902446,1130.883409,1113.410939,2261.766819,2,4143491
87870470,2026-07-24T15:42:56.0792837,1130.875259,1118.525850,2261.750517,2,502361
87784411,2026-07-24T04:46:03.5974055,1130.875014,1090.170494,2261.750028,2,4138242
87906915,2026-07-24T20:11:18.3115887,1130.862414,1119.526780,2261.724828,2,6441317
87764519,2026-07-24T02:13:55.9863120,1130.858194,1105.425664,2261.716389,2,5560660
87890331,2026-07-24T18:15:21.8026209,1130.811392,1091.677039,2261.622784,2,6249389
87926193,2026-07-24T22:07:19.3681965,1130.798561,1123.061851,2261.597122,2,6182010
87749236,2026-07-24T00:17:25.3789446,1130.682598,1122.124986,2261.365197,2,3470940
87861285,2026-07-24T14:34:56.6610829,1130.667591,1120.805989,2261.335182,2,3437299
87918597,2026-07-24T21:23:19.5753558,1130.640147,1082.627177,2261.280294,2,5537549
87794385,2026-07-24T06:01:54.1619614,1130.611351,1117.497249,2261.222703,2,6143528
87752419,2026-07-24T00:41:57.2804639,1130.610204,1130.415718,2261.220407,2,7952395
87814868,2026-07-24T08:38:26.0819512,1130.595185,1097.890788,2261.190369,2,2180019
87770198,2026-07-24T02:58:15.8830472,1130.583332,1114.751364,2261.166664,2,6948243
87770230,2026-07-24T02:58:15.9390132,1130.583332,1118.864630,2261.166664,2,4089842
87931556,2026-07-24T22:43:21.4177613,1130.463863,1094.795290,2260.927727,2,866249
87803811,2026-07-24T07:13:55.7259072,1130.454993,1086.455425,2260.909987,2,6829853
87930398,2026-07-24T22:35:21.1955480,1130.397277,1092.639158,2260.794555,2,4446216
87769740,2026-07-24T02:54:06.5273016,1130.366802,1111.395301,2260.733604,2,7024591
87926791,2026-07-24T22:11:19.1189047,1130.283774,1112.224394,2260.567548,2,4998763
87773891,2026-07-24T03:25:58.2094461,1130.263874,1116.289950,2260.527748,2,6682301
87807497,2026-07-24T07:41:55.4807033,1130.258459,1124.908913,2260.516917,2,4652588
87871480,2026-07-24T15:51:01.6198168,1130.242672,1060.358192,2260.485344,2,3201203
87772313,2026-07-24T03:13:55.3417555,1130.235396,1117.742868,2260.470793,2,4198238
87752317,2026-07-24T00:41:57.1353757,1130.218279,1117.227614,2260.436557,2,3565112
87784948,2026-07-24T04:49:55.8757307,1130.213437,1115.869774,2260.426873,2,5195431
87803853,2026-07-24T07:13:55.7912207,1130.203566,1122.829151,2260.407132,2,4391811
87780207,2026-07-24T04:13:55.3103446,1130.134939,1096.066206,2260.269877,2,6159888
87778622,2026-07-24T04:01:55.5795319,1130.112872,1102.516168,2260.225745,2,4456863
87927981,2026-07-24T22:19:20.6900666,1130.068836,1118.839680,2260.137672,2,5556116
87800665,2026-07-24T06:49:55.6134026,1130.019725,1088.518397,2260.039450,2,3703214
87752422,2026-07-24T00:41:57.2926264,1129.998689,1121.723267,2259.997378,2,4468161
87748707,2026-07-24T00:13:25.5748187,1129.954748,1119.299701,2259.909496,2,4754749
87793849,2026-07-24T05:57:55.7216083,1129.928807,1112.389764,2259.857613,2,3849078
87807482,2026-07-24T07:41:55.4507817,1129.907548,1119.375445,2259.815097,2,2475748
87776521,2026-07-24T03:45:58.3460912,1129.846125,1123.079968,2259.692250,2,3402308
87800659,2026-07-24T06:49:55.6078457,1129.835070,1112.614805,2259.670139,2,4324612
87765558,2026-07-24T02:21:55.3646634,1129.828782,1105.472166,2259.657563,2,5965569
87815309,2026-07-24T08:42:36.3682277,1129.763109,1046.639144,2259.526218,2,7566451
87828393,2026-07-24T10:22:25.3979782,1129.757728,1079.706899,2259.515455,2,3138550
87943123,2026-07-24T23:59:22.8458364,1129.735829,1102.448176,2259.471659,2,3094981
87870947,2026-07-24T15:46:58.5942123,1129.716764,1061.847162,2259.433529,2,5432531
87754522,2026-07-24T00:57:54.9630987,1129.715325,1093.534594,2259.430651,2,3049556
87793331,2026-07-24T05:53:55.7079715,1129.684442,1106.973150,2259.368884,2,4155850
87939694,2026-07-24T23:35:21.3242241,1129.667939,1125.701507,2259.335878,2,4844122
87779681,2026-07-24T04:09:55.2937053,1129.659435,1109.048074,2259.318870,2,4503787
87801209,2026-07-24T06:53:55.9129905,1129.649693,1127.464157,2259.299385,2,6693067
87912321,2026-07-24T20:47:19.5877944,1129.642766,1121.791642,2259.285532,2,7216217
87859817,2026-07-24T14:22:55.5260395,1129.607163,1114.588082,2259.214326,2,4732331
87754529,2026-07-24T00:57:54.9848652,1129.592010,1105.715800,2259.184019,2,3929890
87785477,2026-07-24T04:53:55.5045410,1129.554795,1104.750093,2259.109590,2,3171114
87840804,2026-07-24T11:58:55.5956766,1129.523194,1085.372573,2259.046388,2,4862658
87758743,2026-07-24T01:29:55.3850400,1129.441194,1113.360022,2258.882388,2,5970625
87864098,2026-07-24T14:54:58.6029928,1129.427976,1058.940422,2258.855953,2,3580195
87930412,2026-07-24T22:35:21.2226359,1129.385225,1125.240775,2258.770449,2,4398237
87882015,2026-07-24T17:15:19.6050609,1129.368585,1063.809571,2258.737170,2,7189951
87852004,2026-07-24T13:22:57.8665445,1129.333738,1071.924234,2258.667476,2,6157349
87752421,2026-07-24T00:41:57.2988602,1129.241929,1108.339049,2258.483859,2,4514306
87901653,2026-07-24T19:35:19.2241856,1129.241109,1095.432001,2258.482217,2,5762627
87926781,2026-07-24T22:11:19.0955139,1129.240302,1069.958325,2258.480604,2,4302171
87838355,2026-07-24T11:38:25.8998618,1129.175201,1114.966697,2258.350403,2,4385183
87749275,2026-07-24T00:17:25.4319737,1129.146511,1093.580857,2258.293022,2,7130125
87755578,2026-07-24T01:05:57.3999007,1129.123301,1110.106477,2258.246601,2,5455126
87845708,2026-07-24T12:34:57.5328324,1129.098220,1118.234446,2258.196439,2,4534222
87802245,2026-07-24T07:01:56.0850555,1128.990947,1127.634736,2257.981894,2,4346009
87875735,2026-07-24T16:27:22.2127744,1128.864064,1076.265604,2257.728128,2,3516140
87878367,2026-07-24T16:47:20.6440611,1128.855464,1072.788052,2257.710929,2,4969663
87779152,2026-07-24T04:05:56.8916629,1128.837188,1094.389963,2257.674377,2,3324618
87938539,2026-07-24T23:27:22.2556378,1128.835923,1126.955591,2257.671845,2,2796976
87824715,2026-07-24T09:54:32.4433009,1128.818248,1126.092644,2257.636496,2,3622067
87803830,2026-07-24T07:13:55.7437827,1128.767839,1115.878645,2257.535678,2,756285
87773928,2026-07-24T03:25:58.2778292,1128.756312,1114.486604,2257.512625,2,4329896
87768178,2026-07-24T02:41:54.9023089,1128.753368,1113.513072,2257.506735,2,4651128
87749241,2026-07-24T00:17:25.3821302,1128.693591,1125.707550,2257.387181,2,7133463
87864632,2026-07-24T14:58:59.8931999,1128.620423,1075.522657,2257.240845,2,5730020
87927964,2026-07-24T22:19:20.6299883,1128.571618,1080.615962,2257.143236,2,4514074
87796476,2026-07-24T06:17:55.2779174,1128.545182,1059.351846,2257.090363,2,4351588
87846739,2026-07-24T12:42:58.1880177,1128.543115,1074.339074,2257.086230,2,7174582
87927370,2026-07-24T22:15:19.2869882,1128.476273,1088.914148,2256.952546,2,4328025
87765560,2026-07-24T02:21:55.3608608,1128.475127,1101.279354,2256.950254,2,4348199
87785984,2026-07-24T04:57:56.5783611,1128.443111,1082.919059,2256.886223,2,6428758
87776509,2026-07-24T03:45:58.3245620,1128.441642,1101.912934,2256.883284,2,4068969
87813246,2026-07-24T08:26:27.0908799,1128.365814,1096.691288,2256.731627,2,4199910
87757761,2026-07-24T01:21:55.2119332,1128.333746,1117.065688,2256.667492,2,4306324
87932230,2026-07-24T22:47:21.8111870,1128.324998,1071.508596,2256.649996,2,3788999
87797009,2026-07-24T06:21:53.9877554,1128.309362,1118.105378,2256.618725,2,5719638
87762412,2026-07-24T01:57:55.3746490,1128.222482,1096.421883,2256.444965,2,6017385
87869909,2026-07-24T15:38:57.9391198,1128.177771,1081.877593,2256.355542,2,3453833
87918602,2026-07-24T21:23:19.5856042,1128.173625,1111.292348,2256.347250,2,4425241
87904572,2026-07-24T19:55:19.7855231,1128.155254,1091.284259,2256.310509,2,5623488
87806958,2026-07-24T07:37:55.6285362,1128.114378,1120.077265,2256.228756,2,4640441
87819496,2026-07-24T09:14:25.3743887,1128.054317,1080.553427,2256.108634,2,7399300
87802336,2026-07-24T07:01:56.2857442,1128.030777,1121.022071,2256.061554,2,4510889
87759793,2026-07-24T01:38:01.2768908,1128.011358,1126.424544,2256.022716,2,4328393
87927379,2026-07-24T22:15:19.2967949,1128.003799,1091.214567,2256.007598,2,2359611
87835747,2026-07-24T11:18:25.9039718,1128.001823,1108.276898,2256.003646,2,2661892
87790219,2026-07-24T05:29:55.9498602,1127.983771,1112.319034,2255.967543,2,2163462
87793854,2026-07-24T05:57:55.7250065,1127.947422,1103.148094,2255.894845,2,5312773
87758750,2026-07-24T01:29:55.3968567,1127.919623,1125.705839,2255.839247,2,4024938
87874157,2026-07-24T16:15:19.7287044,1127.883613,1075.560859,2255.767226,2,5950578
87840261,2026-07-24T11:54:55.5687561,1127.855909,1111.436508,2255.711818,2,4295451
87760833,2026-07-24T01:45:59.4864372,1127.838795,1088.687096,2255.677591,2,5750421
87813767,2026-07-24T08:30:25.6421368,1127.834219,1116.340837,2255.668439,2,4881418
87767658,2026-07-24T02:37:55.5512724,1127.718485,1106.789270,2255.436971,2,4440967
87755059,2026-07-24T01:01:55.8265988,1127.715506,1127.097565,2255.431013,2,4879071
87936707,2026-07-24T23:15:20.8801053,1127.689194,1116.934507,2255.378388,2,3232535
87815357,2026-07-24T08:42:36.4589701,1127.682732,1114.936972,2255.365464,2,7186310
87832577,2026-07-24T10:54:25.5438358,1127.644896,1078.707513,2255.289792,2,2457656
87772818,2026-07-24T03:17:55.6210929,1127.604124,1071.162603,2255.208248,2,6542134
87761872,2026-07-24T01:53:55.5225868,1127.526374,1110.318826,2255.052748,2,5219635
87832077,2026-07-24T10:50:25.7500174,1127.505556,1112.841531,2255.011112,2,4226001
87938536,2026-07-24T23:27:22.2574361,1127.492882,1114.455629,2254.985765,2,7170011
87829978,2026-07-24T10:34:25.5514567,1127.490774,1078.734046,2254.981549,2,5243387
87757203,2026-07-24T01:17:55.5953224,1127.468673,1110.093808,2254.937345,2,5288111
87808515,2026-07-24T07:49:55.4213196,1127.377489,1113.114756,2254.754978,2,3074749
87940909,2026-07-24T23:43:21.8025091,1127.375503,1111.598673,2254.751005,2,5167883
87851481,2026-07-24T13:18:55.8591897,1127.323926,1070.772712,2254.647852,2,3867454
87936096,2026-07-24T23:11:21.2384491,1127.311277,1113.383745,2254.622554,2,4529301
87764527,2026-07-24T02:13:55.9899797,1127.309485,1101.592677,2254.618971,2,3956484
87902238,2026-07-24T19:39:21.3998391,1127.287717,1088.140336,2254.575435,2,2730489
87806536,2026-07-24T07:33:58.6631004,1127.182924,1113.133904,2254.365849,2,4036202
87814276,2026-07-24T08:34:25.4442494,1127.181799,1094.643294,2254.363598,2,4384387
87770723,2026-07-24T03:02:09.5003933,1127.174526,1104.055444,2254.349052,2,5177771
87911049,2026-07-24T20:39:24.2091956,1127.113138,1078.113458,2254.226275,2,839799
87758158,2026-07-24T01:25:57.9646898,1127.092023,1087.509994,2254.184046,2,3822662
87827328,2026-07-24T10:14:25.3649053,1127.062987,1063.010546,2254.125975,2,3693421
87757685,2026-07-24T01:21:55.1022836,1127.041527,1091.948271,2254.083055,2,5020445
87821724,2026-07-24T09:30:25.5886775,1127.041309,1082.558460,2254.082617,2,4227091
87846247,2026-07-24T12:38:58.6799958,1126.887575,1109.742698,2253.775150,2,838740
87749234,2026-07-24T00:17:25.3756335,1126.885827,1089.584607,2253.771654,2,5146768
87932941,2026-07-24T22:51:21.8514426,1126.878460,1125.984791,2253.756920,2,5706446
87930409,2026-07-24T22:35:21.2201208,1126.790934,1118.350068,2253.581869,2,4853397
87937339,2026-07-24T23:19:25.0476146,1126.758237,1104.456120,2253.516475,2,4764963
87834693,2026-07-24T11:10:25.7112778,1126.733989,1104.720069,2253.467979,2,3431412
87818954,2026-07-24T09:10:25.5016561,1126.728215,1073.489508,2253.456430,2,3127106
87922903,2026-07-24T21:47:19.2340943,1126.652493,1119.887625,2253.304987,2,3432958
87747028,2026-07-24T00:01:25.1054091,1126.636151,1090.738910,2253.272301,2,4554541
87939127,2026-07-24T23:31:23.3137039,1126.610212,1121.784680,2253.220424,2,2686987
87825755,2026-07-24T10:02:27.8143622,1126.598786,1114.524143,2253.197572,2,4263692
87801744,2026-07-24T06:57:57.4284602,1126.546163,1122.942411,2253.092326,2,2270848
87790706,2026-07-24T05:33:55.4674912,1126.509546,1086.896660,2253.019092,2,8940532
87847781,2026-07-24T12:50:56.2974607,1126.496754,1064.201010,2252.993508,2,5540538
87881494,2026-07-24T17:11:19.5688081,1126.442455,1032.249890,2252.884909,2,4936590
87859357,2026-07-24T14:18:56.1851243,1126.400525,1112.324702,2252.801049,2,2329093
87924933,2026-07-24T21:59:20.8006695,1126.315848,1111.364384,2252.631696,2,2968404
87792812,2026-07-24T05:49:55.8737142,1126.250955,1095.181838,2252.501910,2,4716730
87776511,2026-07-24T03:45:58.3326428,1126.238715,1097.888830,2252.477430,2,5899649
87942021,2026-07-24T23:51:21.2270076,1126.235716,1110.899623,2252.471433,2,5542823
87812184,2026-07-24T08:17:57.1655541,1126.216362,1116.913753,2252.432724,2,5254436
87761366,2026-07-24T01:49:56.4518540,1126.162210,1118.832047,2252.324419,2,5811336
87773357,2026-07-24T03:21:55.5851652,1126.151883,1100.376264,2252.303765,2,5499442
87934294,2026-07-24T22:59:26.7647166,1126.140663,1122.716624,2252.281326,2,3224375
87752399,2026-07-24T00:41:57.2619367,1126.132670,1083.725187,2252.265340,2,5727926
87753465,2026-07-24T00:49:55.0170631,1126.109592,1110.976355,2252.219183,2,6187393
87874690,2026-07-24T16:19:22.1657860,1126.094019,1072.925337,2252.188038,2,5966842
87801708,2026-07-24T06:57:57.3553993,1126.077245,1081.782869,2252.154491,2,3153045
87803841,2026-07-24T07:13:55.7648638,1126.067816,1122.246168,2252.135632,2,5271013
87760123,2026-07-24T01:41:55.3632345,1126.054565,1074.888931,2252.109130,2,695053
87927369,2026-07-24T22:15:19.2912020,1126.049737,1099.971560,2252.099475,2,5082510
87784416,2026-07-24T04:46:03.6081748,1126.005735,1101.966449,2252.011469,2,5864193
87943126,2026-07-24T23:59:22.8539089,1125.959186,1112.232778,2251.918373,2,2717675
87925567,2026-07-24T22:03:18.9733750,1125.891591,1110.612084,2251.783182,2,3187741
87892565,2026-07-24T18:31:19.1249976,1125.850760,1122.906657,2251.701520,2,4923691
87802770,2026-07-24T07:05:58.0460708,1125.814990,1109.389131,2251.629980,2,4892181
87787035,2026-07-24T05:06:01.9311124,1125.810272,1097.134902,2251.620544,2,8148978
87758742,2026-07-24T01:29:55.3911214,1125.810015,1095.469891,2251.620030,2,6574031
87939707,2026-07-24T23:35:21.3456043,1125.753009,1122.366875,2251.506019,2,3619979
87895942,2026-07-24T18:55:17.9740633,1125.731680,1085.195019,2251.463360,2,6825200
87935512,2026-07-24T23:07:25.1616654,1125.700329,1114.062273,2251.400658,2,6703175
87935507,2026-07-24T23:07:25.1552388,1125.685671,1104.995781,2251.371343,2,5905724
87795939,2026-07-24T06:13:54.0623606,1125.666653,1108.405512,2251.333305,2,5578220
87797420,2026-07-24T06:25:54.7927580,1125.663501,1086.133442,2251.327002,2,490792
87775464,2026-07-24T03:37:55.4731776,1125.603656,1103.021944,2251.207313,2,5856272
87783887,2026-07-24T04:41:55.4492221,1125.599111,1082.957403,2251.198221,2,3917503
87907520,2026-07-24T20:15:18.3006855,1125.580264,1102.189140,2251.160527,2,6054079
87782299,2026-07-24T04:29:55.9092004,1125.549533,1099.392446,2251.099067,2,2709943
87771783,2026-07-24T03:09:55.2415092,1125.548792,1103.284491,2251.097584,2,6134149
87758194,2026-07-24T01:25:58.0625694,1125.532852,1081.803315,2251.065704,2,6963821
87927962,2026-07-24T22:19:20.6296116,1125.507049,1095.102613,2251.014098,2,5460931
87757700,2026-07-24T01:21:55.1095851,1125.472446,1109.701928,2250.944891,2,2967468
87808575,2026-07-24T07:49:55.5058966,1125.400516,1107.559993,2250.801033,2,4663566
87927968,2026-07-24T22:19:20.6394842,1125.388274,1082.703063,2250.776549,2,2291725
87798975,2026-07-24T06:37:55.3923935,1125.355260,1112.443852,2250.710520,2,4536967
87836788,2026-07-24T11:26:27.9669826,1125.269594,1105.709634,2250.539189,2,4186249
87941489,2026-07-24T23:47:22.0527486,1125.258589,1122.478344,2250.517177,2,5581950
87857666,2026-07-24T14:06:57.1285643,1125.205436,1104.144314,2250.410872,2,6392598
87924272,2026-07-24T21:55:19.6736911,1125.199158,1114.216389,2250.398316,2,5010499
87782290,2026-07-24T04:29:55.8935972,1125.196034,1076.253225,2250.392068,2,3475241
87798148,2026-07-24T06:29:55.7704094,1125.061935,1115.544756,2250.123871,2,5397593
87755572,2026-07-24T01:05:57.3734508,1125.034664,1095.171499,2250.069329,2,5885979
87786528,2026-07-24T05:01:58.2415174,1125.017231,1105.890784,2250.034463,2,4487142
87801063,2026-07-24T06:53:55.6778718,1124.991248,1107.362450,2249.982496,2,5186746
87920788,2026-07-24T21:35:19.2575697,1124.955395,1118.701316,2249.910791,2,5287313
87800150,2026-07-24T06:45:57.5512424,1124.950918,1097.590571,2249.901836,2,4674788
87778119,2026-07-24T03:57:56.5059422,1124.941105,1123.901310,2249.882209,2,3212360
87765574,2026-07-24T02:21:55.4060348,1124.933845,1106.576694,2249.867690,2,5909809
87848858,2026-07-24T12:58:55.7846571,1124.903351,1073.911093,2249.806703,2,8235382
87767125,2026-07-24T02:33:55.1975970,1124.879335,1074.053025,2249.758671,2,4237698
87765038,2026-07-24T02:17:57.3174916,1124.874294,1085.637675,2249.748587,2,6283638
87942597,2026-07-24T23:55:21.8599038,1124.870922,1121.930202,2249.741845,2,3674695
87815851,2026-07-24T08:46:26.8591312,1124.755352,1094.810298,2249.510704,2,4728301
87828927,2026-07-24T10:26:26.3643675,1124.697344,1066.737175,2249.394688,2,4611355
87940339,2026-07-24T23:39:22.4879334,1124.677758,1119.701492,2249.355517,2,3299757
87780732,2026-07-24T04:17:56.0504323,1124.653954,1104.403697,2249.307908,2,4512438
87936701,2026-07-24T23:15:20.8676703,1124.652188,1104.148348,2249.304376,2,3774434
87919314,2026-07-24T21:27:20.5052413,1124.599566,1067.668982,2249.199132,2,6336036
87850947,2026-07-24T13:14:55.8634234,1124.587236,1068.514824,2249.174473,2,2396683
87775997,2026-07-24T03:41:55.5629761,1124.557594,1112.001718,2249.115189,2,1742906
87775471,2026-07-24T03:37:55.4807952,1124.523110,1116.153734,2249.046220,2,2903190
87782296,2026-07-24T04:29:55.9035696,1124.498935,1083.306597,2248.997871,2,6292207
87782354,2026-07-24T04:29:55.9950418,1124.491596,1116.033091,2248.983193,2,4928574
87857783,2026-07-24T14:06:57.3439081,1124.420323,1114.543147,2248.840646,2,3775124
87757165,2026-07-24T01:17:55.4494525,1124.415004,1093.167630,2248.830008,2,4066048
87838884,2026-07-24T11:42:25.9671517,1124.344682,1101.421130,2248.689363,2,4140039
87811132,2026-07-24T08:09:56.0389389,1124.286747,1109.282556,2248.573494,2,3186122
87876776,2026-07-24T16:35:19.7955542,1124.281945,1071.013673,2248.563889,2,5664887
87759266,2026-07-24T01:33:55.7735381,1124.236869,1106.136582,2248.473738,2,4683247
87872874,2026-07-24T16:07:19.3451898,1124.156122,1095.785031,2248.312244,2,4602017
87800679,2026-07-24T06:49:55.6210157,1124.135922,1116.611930,2248.271844,2,5422415
87845170,2026-07-24T12:30:55.7918805,1124.101564,1064.948364,2248.203128,2,4905146
87922894,2026-07-24T21:47:19.2211105,1124.072735,1072.660273,2248.145469,2,3507921
87773893,2026-07-24T03:25:58.2158797,1124.049075,1101.084409,2248.098151,2,5760147
87785471,2026-07-24T04:53:55.4868926,1124.043627,1077.343139,2248.087254,2,4227002
87935518,2026-07-24T23:07:25.1756685,1124.025873,1115.206970,2248.051745,2,4709714
87769208,2026-07-24T02:50:08.7525158,1124.012606,1114.628258,2248.025212,2,7501772
87756105,2026-07-24T01:09:55.5653875,1123.968983,1086.499669,2247.937967,2,6220257
87837841,2026-07-24T11:34:26.0991948,1123.932159,1055.377228,2247.864319,2,4429681
87773894,2026-07-24T03:25:58.2197710,1123.926939,1110.300946,2247.853879,2,4820561
87943124,2026-07-24T23:59:22.8500351,1123.915171,1103.008840,2247.830343,2,2879341
87930406,2026-07-24T22:35:21.2151174,1123.907333,1123.727754,2247.814666,2,6176946
87905159,2026-07-24T19:59:20.0492707,1123.893929,1106.279386,2247.787858,2,6623552
87818987,2026-07-24T09:10:25.5542140,1123.850442,1112.526677,2247.700883,2,4384256
87931595,2026-07-24T22:43:21.4897887,1123.839218,1095.067122,2247.678436,2,5994817
87751907,2026-07-24T00:37:55.2689747,1123.800574,1097.297159,2247.601149,2,6255296
87929836,2026-07-24T22:31:22.5279630,1123.781445,1076.402594,2247.562890,2,3041468
87757173,2026-07-24T01:17:55.4538100,1123.668959,1113.816786,2247.337919,2,4713510
87751906,2026-07-24T00:37:55.2647286,1123.593674,1107.928097,2247.187348,2,7859714
87793853,2026-07-24T05:57:55.7273353,1123.565848,1095.469057,2247.131695,2,5996490
87822140,2026-07-24T09:34:25.4067637,1123.565782,1109.480057,2247.131565,2,5786304
87839425,2026-07-24T11:46:35.7649305,1123.563975,1111.217671,2247.127950,2,4633296
87775991,2026-07-24T03:41:55.5595597,1123.542744,1118.858656,2247.085488,2,2777905
87824697,2026-07-24T09:54:32.4279067,1123.531040,1119.959425,2247.062080,2,4657830
87911155,2026-07-24T20:39:24.4080610,1123.530874,1116.992366,2247.061748,2,4044653
87826823,2026-07-24T10:10:27.4757839,1123.510723,1099.450774,2247.021446,2,3386194
87928586,2026-07-24T22:23:19.3311890,1123.490114,1091.726576,2246.980229,2,4594852
87751357,2026-07-24T00:33:55.5088945,1123.484845,1102.946061,2246.969689,2,3629732
87886382,2026-07-24T17:47:19.5129886,1123.441956,1072.440538,2246.883912,2,6015233
87923574,2026-07-24T21:51:19.5328795,1123.440253,1071.953282,2246.880506,2,4716571
87941478,2026-07-24T23:47:22.0305853,1123.430898,1100.102390,2246.861797,2,3473485
87752950,2026-07-24T00:46:03.2739046,1123.429780,1115.533653,2246.859561,2,5746965
87869380,2026-07-24T15:34:58.1751674,1123.400621,1047.979962,2246.801242,2,5104500
87770725,2026-07-24T03:02:09.5033632,1123.391609,1108.125851,2246.783219,2,2036397
87806425,2026-07-24T07:33:58.4825883,1123.363569,1101.574487,2246.727139,2,3256545
87812180,2026-07-24T08:17:57.1571696,1123.275749,1121.911926,2246.551497,2,5477754
87822119,2026-07-24T09:34:25.3705492,1123.272084,1069.089117,2246.544169,2,5201386
87777627,2026-07-24T03:53:55.1846512,1123.269205,1103.237579,2246.538409,2,4775836
87836795,2026-07-24T11:26:27.9720251,1123.189217,1109.459198,2246.378434,2,5017486
87896476,2026-07-24T18:59:19.5840290,1123.182522,1076.920142,2246.365044,2,5662497
87759889,2026-07-24T01:38:01.4541652,1123.151986,1106.567152,2246.303973,2,2742921
87912246,2026-07-24T20:47:19.4528530,1123.144921,1075.258464,2246.289842,2,788738
87784413,2026-07-24T04:46:03.6013093,1123.130037,1087.384971,2246.260074,2,3256888
87844145,2026-07-24T12:22:56.3109391,1123.110168,1122.951878,2246.220336,2,591666
87752430,2026-07-24T00:41:57.3058833,1123.101104,1103.923506,2246.202209,2,6078190
87776506,2026-07-24T03:45:58.3185140,1123.099714,1057.612421,2246.199429,2,5141975
87833699,2026-07-24T11:02:28.8236940,1123.048392,1095.142816,2246.096784,2,6561723
87804931,2026-07-24T07:21:55.5519943,1122.987677,1114.088029,2245.975354,2,7605862
87751893,2026-07-24T00:37:55.2390202,1122.897809,1103.496201,2245.795619,2,3780641
87795977,2026-07-24T06:13:54.1241281,1122.871855,1113.843943,2245.743711,2,4843891
87820052,2026-07-24T09:18:26.1226040,1122.821789,1103.060548,2245.643578,2,4982125
87751796,2026-07-24T00:37:55.0987004,1122.758066,1102.728577,2245.516131,2,4551553
87837839,2026-07-24T11:34:26.0950974,1122.664667,1096.798750,2245.329334,2,3180322
87797919,2026-07-24T06:29:55.3122159,1122.646993,1084.215362,2245.293987,2,5913783
87870951,2026-07-24T15:46:58.6062230,1122.643530,1070.415691,2245.287060,2,4213044
87783389,2026-07-24T04:37:55.9220709,1122.630680,1108.775093,2245.261360,2,5953194
87802243,2026-07-24T07:01:56.0808370,1122.559258,1106.971544,2245.118515,2,5133379
87794981,2026-07-24T06:05:57.8597346,1122.501925,1122.154652,2245.003850,2,6022938
87751371,2026-07-24T00:33:55.5259917,1122.496443,1108.745575,2244.992885,2,6014592
87850426,2026-07-24T13:10:55.8286316,1122.474269,1067.189438,2244.948538,2,5807748
87770724,2026-07-24T03:02:09.4966945,1122.470377,1097.843837,2244.940754,2,3594131
87929800,2026-07-24T22:31:22.4398399,1122.370079,1070.560981,2244.740159,2,3694062
87777569,2026-07-24T03:53:55.0867227,1122.255283,1090.686752,2244.510565,2,5950438
87940366,2026-07-24T23:39:22.5252610,1122.161184,1117.470748,2244.322368,2,3621186
87764520,2026-07-24T02:13:55.9868697,1122.123814,1092.740318,2244.247628,2,4890616
87748731,2026-07-24T00:13:25.5996427,1122.120912,1094.813985,2244.241823,2,3606614
87900350,2026-07-24T19:27:19.4613722,1122.119518,1084.479941,2244.239035,2,4105454
87808008,2026-07-24T07:45:58.0489152,1122.108347,1106.741176,2244.216695,2,3989393
87939118,2026-07-24T23:31:23.2946008,1122.088765,1098.411773,2244.177529,2,4671486
87926199,2026-07-24T22:07:19.3823734,1122.077147,1101.654528,2244.154294,2,6905074
87765036,2026-07-24T02:17:57.3171225,1122.070963,1084.438497,2244.141927,2,5295464
87788078,2026-07-24T05:13:55.7995145,1122.030766,1064.007686,2244.061531,2,4484868
87803885,2026-07-24T07:13:55.8464396,1122.026919,1118.311224,2244.053838,2,6444738
87824164,2026-07-24T09:50:31.8431954,1122.009285,1101.298441,2244.018569,2,4815070
87753996,2026-07-24T00:53:55.2447759,1122.004057,1111.446381,2244.008114,2,4754010
87752959,2026-07-24T00:46:03.2912454,1121.956989,1099.805453,2243.913977,2,4296885
87780203,2026-07-24T04:13:55.3014390,1121.866332,1108.195618,2243.732663,2,5429695
87820050,2026-07-24T09:18:26.1188195,1121.856477,1109.364006,2243.712954,2,5841711
87755573,2026-07-24T01:05:57.3837839,1121.842904,1080.209666,2243.685809,2,3573129
87926184,2026-07-24T22:07:19.3547381,1121.766940,1078.931203,2243.533880,2,7062404
87927382,2026-07-24T22:15:19.3164924,1121.673300,1095.996263,2243.346601,2,4539098
87901077,2026-07-24T19:31:18.0831752,1121.670237,1083.835823,2243.340475,2,5416299
87845192,2026-07-24T12:30:55.8323320,1121.615611,1113.031584,2243.231222,2,5653937
87756531,2026-07-24T01:13:55.1044534,1121.596971,1079.538049,2243.193942,2,5060337
87805891,2026-07-24T07:29:56.4244901,1121.507723,1072.852558,2243.015446,2,8193663
87907985,2026-07-24T20:19:19.8696323,1121.496145,1070.345022,2242.992289,2,4396396
87801256,2026-07-24T06:53:55.9799149,1121.417368,1112.286455,2242.834737,2,5054491
87756104,2026-07-24T01:09:55.5682119,1121.416462,1098.440883,2242.832924,2,5788771
87794314,2026-07-24T06:01:54.0519503,1121.414815,1121.407433,2242.829630,2,3709214
87771796,2026-07-24T03:09:55.2621263,1121.398458,1099.245339,2242.796917,2,3540826
87784941,2026-07-24T04:49:55.8585289,1121.358291,1080.507094,2242.716582,2,3149847
87839421,2026-07-24T11:46:35.7547265,1121.350146,1117.778156,2242.700291,2,4027330
87876251,2026-07-24T16:31:19.9090933,1121.328472,1058.476826,2242.656944,2,5448270
87940918,2026-07-24T23:43:21.8132756,1121.297488,1104.691740,2242.594975,2,6333103
87927373,2026-07-24T22:15:19.3058988,1121.242387,1097.448652,2242.484774,2,3782931
87821603,2026-07-24T09:30:25.3575849,1121.238195,1067.974021,2242.476390,2,6823455
87856704,2026-07-24T13:58:55.9210677,1121.221641,1043.041045,2242.443282,2,3868304
87778151,2026-07-24T03:57:56.5792993,1121.201675,1116.628779,2242.403350,2,2735316
87782869,2026-07-24T04:33:55.3998125,1121.185557,1113.296875,2242.371113,2,5615665
87780734,2026-07-24T04:17:56.0526141,1121.175603,1092.343337,2242.351207,2,5439636
87894794,2026-07-24T18:47:18.1136935,1121.152698,1081.690993,2242.305396,2,5625374
87797302,2026-07-24T06:25:54.5889207,1121.084229,1090.388094,2242.168459,2,4444667
87853067,2026-07-24T13:30:55.9733175,1121.021349,1120.363132,2242.042699,2,6762326
87824153,2026-07-24T09:50:31.8329657,1121.020373,1052.138240,2242.040747,2,6384064
87751362,2026-07-24T00:33:55.5240352,1120.998427,1101.086150,2241.996855,2,2851242
87768701,2026-07-24T02:45:56.5883708,1120.988716,1110.676078,2241.977433,2,5947081
87758754,2026-07-24T01:29:55.4044885,1120.977325,1117.135324,2241.954650,2,5790161
87815857,2026-07-24T08:46:26.8714924,1120.957637,1101.488275,2241.915275,2,4506810
87747075,2026-07-24T00:01:25.1898320,1120.956283,1074.120896,2241.912567,2,3655884
87797120,2026-07-24T06:21:54.2433723,1120.951939,1118.276605,2241.903877,2,6088210
87918601,2026-07-24T21:23:19.5804331,1120.918921,1093.041558,2241.837843,2,5664308
87879403,2026-07-24T16:55:20.0577364,1120.843417,1056.269159,2241.686834,2,4161236
87814282,2026-07-24T08:34:25.4476632,1120.800023,1098.373860,2241.600046,2,5302678
87893154,2026-07-24T18:35:18.6303547,1120.781160,1117.525822,2241.562320,2,5039943
87824174,2026-07-24T09:50:31.8673418,1120.779219,1120.205697,2241.558438,2,4766633
87916349,2026-07-24T21:11:24.7993950,1120.724926,1108.223093,2241.449853,2,4967851
87862855,2026-07-24T14:47:02.7888385,1120.590194,1096.672575,2241.180389,2,2770005
87761874,2026-07-24T01:53:55.5229088,1120.586588,1085.756144,2241.173177,2,5013744
87797301,2026-07-24T06:25:54.5907417,1120.556988,1081.519762,2241.113976,2,6848090
87942591,2026-07-24T23:55:21.8408738,1120.548759,1090.885347,2241.097519,2,3762234
87912937,2026-07-24T20:51:19.5814115,1120.546987,1109.991285,2241.093974,2,4619732
87748705,2026-07-24T00:13:25.5651686,1120.526233,1095.370866,2241.052467,2,2977211
87773900,2026-07-24T03:25:58.2281263,1120.476777,1106.694984,2240.953554,2,4217630
87773948,2026-07-24T03:25:58.3099282,1120.476777,1111.649385,2240.953554,2,4834595
87925569,2026-07-24T22:03:18.9699319,1120.325737,1097.758649,2240.651474,2,4659897
87922235,2026-07-24T21:43:19.5693492,1120.281691,1113.296188,2240.563382,2,3438135
87786039,2026-07-24T04:57:56.6690101,1120.252015,1100.838459,2240.504029,2,5234140
87942024,2026-07-24T23:51:21.2239462,1120.238762,1081.471272,2240.477523,2,4006189
87797329,2026-07-24T06:25:54.6507714,1120.237907,1107.329074,2240.475814,2,2460146
87754428,2026-07-24T00:57:54.8352810,1120.221158,1111.093093,2240.442317,2,1222011
87898787,2026-07-24T19:15:18.1802577,1120.198680,1117.627937,2240.397361,2,4550634
87781265,2026-07-24T04:21:55.0681526,1120.196185,1086.823082,2240.392369,2,4600530
87774007,2026-07-24T03:25:58.4971127,1120.179327,1095.445005,2240.358654,2,7078159
87936698,2026-07-24T23:15:20.8678525,1120.174281,1098.073239,2240.348562,2,5746879
87858822,2026-07-24T14:14:55.8509447,1120.161062,1098.645214,2240.322124,2,5332964
87845220,2026-07-24T12:30:55.8328883,1120.135445,1117.759325,2240.270890,2,4678311
87937978,2026-07-24T23:23:21.5924503,1120.062488,1094.490118,2240.124977,2,2918979
87749237,2026-07-24T00:17:25.3757688,1120.028643,1089.820371,2240.057287,2,5041306
87747636,2026-07-24T00:05:29.6574568,1119.990891,1092.162868,2239.981782,2,4688147
87817936,2026-07-24T09:02:25.4763828,1119.924500,1081.952130,2239.849001,2,4801682
87902245,2026-07-24T19:39:21.4216547,1119.880605,1106.989364,2239.761210,2,981506
87798106,2026-07-24T06:29:55.7012385,1119.878920,1114.866858,2239.757841,2,4744970
87842043,2026-07-24T12:07:02.1383860,1119.729893,1114.965501,2239.459786,2,4418081
87779160,2026-07-24T04:05:56.9043968,1119.676855,1083.703077,2239.353709,2,4664826
87791336,2026-07-24T05:37:56.7911790,1119.641911,1118.210032,2239.283821,2,3600396
87894218,2026-07-24T18:43:17.9901384,1119.580108,1072.428823,2239.160217,2,4512172
87914891,2026-07-24T21:03:19.1643173,1119.545527,1099.778068,2239.091054,2,5114121
87802776,2026-07-24T07:05:58.0559775,1119.542778,1112.779471,2239.085556,2,4641667
87792265,2026-07-24T05:45:58.3839471,1119.535475,1084.573900,2239.070950,2,4607872
87756033,2026-07-24T01:09:55.4562406,1119.533275,1083.080857,2239.066550,2,1908542
87765048,2026-07-24T02:17:57.3376691,1119.514801,1099.954133,2239.029602,2,4993726
87885844,2026-07-24T17:43:19.7039334,1119.500365,1058.017372,2239.000731,2,1386217
87842037,2026-07-24T12:07:02.1276598,1119.483553,1112.343729,2238.967106,2,5747598
87810074,2026-07-24T08:01:55.8275503,1119.476375,1084.956658,2238.952750,2,4248429
87842567,2026-07-24T12:10:55.8681791,1119.466145,1115.936874,2238.932291,2,2361724
87825740,2026-07-24T10:02:27.7995465,1119.328205,1061.232213,2238.656410,2,4193621
87925558,2026-07-24T22:03:18.9541166,1119.289660,1111.135730,2238.579320,2,3180458
87781783,2026-07-24T04:26:02.6021425,1119.280943,1070.861168,2238.561885,2,2794921
87772303,2026-07-24T03:13:55.3409490,1119.268254,1087.812797,2238.536508,2,4098723
87803316,2026-07-24T07:09:55.3675751,1119.254086,1102.876105,2238.508171,2,4324033
87774419,2026-07-24T03:29:55.3901220,1119.247163,1090.553538,2238.494325,2,3345033
87804908,2026-07-24T07:21:55.5227573,1119.246834,1111.683045,2238.493667,2,5752964
87941492,2026-07-24T23:47:22.0546901,1119.246333,1105.712027,2238.492667,2,4407589
87939696,2026-07-24T23:35:21.3259119,1119.240498,1087.799444,2238.480996,2,5317943
87756588,2026-07-24T01:13:55.1945702,1119.221620,1099.854358,2238.443240,2,4744768
87895356,2026-07-24T18:51:17.9589746,1119.146565,1032.935827,2238.293129,2,4979491
87813772,2026-07-24T08:30:25.6535963,1119.129222,1118.586095,2238.258443,2,5184796
87821636,2026-07-24T09:30:25.4184050,1119.112025,1098.981043,2238.224051,2,5688812
87839926,2026-07-24T11:50:26.1021668,1119.104940,1087.249114,2238.209879,2,1031443
87755585,2026-07-24T01:05:57.4100932,1119.069347,1115.718011,2238.138693,2,4998728
87848860,2026-07-24T12:58:55.7890490,1119.065671,1114.417618,2238.131342,2,4673176
87831572,2026-07-24T10:46:27.4561547,1119.023004,1096.272182,2238.046008,2,2074856
87837333,2026-07-24T11:30:26.2247349,1119.010436,1116.282975,2238.020872,2,3525965
87922900,2026-07-24T21:47:19.2308143,1118.993646,1112.354773,2237.987293,2,6462907
87804352,2026-07-24T07:17:56.1104424,1118.993471,1112.953394,2237.986942,2,4316073
87748041,2026-07-24T00:09:25.1929676,1118.976438,1076.395811,2237.952876,2,4540692
87936099,2026-07-24T23:11:21.2436870,1118.954028,1097.243008,2237.908055,2,4768300
87926208,2026-07-24T22:07:19.3973406,1118.924387,1096.894141,2237.848775,2,5307472
87791525,2026-07-24T05:42:02.4135922,1118.916338,1095.272853,2237.832676,2,3966504
87767657,2026-07-24T02:37:55.5523866,1118.906569,1088.635343,2237.813138,2,4337367
87860453,2026-07-24T14:26:56.7554248,1118.891777,1104.344662,2237.783555,2,4063789
87747069,2026-07-24T00:01:25.1817651,1118.835026,1087.600961,2237.670052,2,4354874
87902094,2026-07-24T19:39:20.9149019,1118.780625,1069.441918,2237.561249,2,4256842
87906310,2026-07-24T20:07:18.3042005,1118.775402,1054.343854,2237.550804,2,7338653
87803408,2026-07-24T07:09:55.5127571,1118.715752,1117.468035,2237.431504,2,5230410
87771797,2026-07-24T03:09:55.2629060,1118.696695,1098.833244,2237.393391,2,5672171
87754058,2026-07-24T00:53:55.3405279,1118.597124,1098.031824,2237.194248,2,3803616
87767112,2026-07-24T02:33:55.1768785,1118.496342,1067.614575,2236.992685,2,1676597
87752965,2026-07-24T00:46:03.3015530,1118.474367,1092.035278,2236.948734,2,5140740
87912860,2026-07-24T20:51:19.4220404,1118.472481,1051.368098,2236.944963,2,4324539
87788094,2026-07-24T05:13:55.8300245,1118.467476,1089.418516,2236.934952,2,5368050
87772831,2026-07-24T03:17:55.6375289,1118.454342,1099.499907,2236.908684,2,5698605
87751890,2026-07-24T00:37:55.2362222,1118.431813,1097.392303,2236.863627,2,2365823
87837851,2026-07-24T11:34:26.1177259,1118.344235,1109.721579,2236.688471,2,5011010
87840990,2026-07-24T11:58:55.8853315,1118.274883,1118.107880,2236.549766,2,3345236
87784435,2026-07-24T04:46:03.6407303,1118.232797,1096.070538,2236.465594,2,8180688
87930348,2026-07-24T22:35:21.0875243,1118.211700,1087.433960,2236.423400,2,4399607
87765053,2026-07-24T02:17:57.3461230,1118.174184,1103.946367,2236.348369,2,4902659
87923592,2026-07-24T21:51:19.5657747,1118.136813,1063.384586,2236.273626,2,5439935
87841338,2026-07-24T12:02:56.4066085,1118.136543,1092.812985,2236.273086,2,4612943
87933654,2026-07-24T22:55:21.6399468,1118.132634,1091.486861,2236.265267,2,5744688
87910562,2026-07-24T20:35:19.9902563,1118.091217,1106.252647,2236.182433,2,6057441
87779155,2026-07-24T04:05:56.8991877,1118.071486,1075.159575,2236.142973,2,4968250
87840992,2026-07-24T11:58:55.8903040,1118.049312,1117.233416,2236.098623,2,5766025
87936101,2026-07-24T23:11:21.2487452,1118.044461,1095.548874,2236.088923,2,4319734
87931562,2026-07-24T22:43:21.4279927,1118.029964,1093.859131,2236.059928,2,3586704
87781249,2026-07-24T04:21:55.0571799,1118.005113,1083.841478,2236.010226,2,3621436
87819512,2026-07-24T09:14:25.3962150,1117.991983,1097.386707,2235.983965,2,5427068
87901511,2026-07-24T19:35:18.9442094,1117.972869,1081.915710,2235.945739,2,2116560
87770722,2026-07-24T03:02:09.4953599,1117.926228,1079.817776,2235.852455,2,5465700
87764521,2026-07-24T02:13:55.9846641,1117.867712,1079.462099,2235.735424,2,3031953
87768750,2026-07-24T02:45:56.6881710,1117.861113,1115.406547,2235.722226,2,5298205
87795997,2026-07-24T06:13:54.1431597,1117.817486,1080.929264,2235.634972,2,3659245
87929202,2026-07-24T22:27:20.9010137,1117.812795,1085.192795,2235.625589,2,3851069
87782836,2026-07-24T04:33:55.3512711,1117.807057,1093.509210,2235.614114,2,4545052
87929818,2026-07-24T22:31:22.4917396,1117.776314,1096.468949,2235.552629,2,3262537
87801740,2026-07-24T06:57:57.4252330,1117.768513,1109.908857,2235.537026,2,5955292
87792792,2026-07-24T05:49:55.8449058,1117.726882,1077.600881,2235.453763,2,5032957
87801752,2026-07-24T06:57:57.4464421,1117.726248,1104.988744,2235.452496,2,2508915
87930988,2026-07-24T22:39:22.4550447,1117.695081,1116.354200,2235.390161,2,5220913
87753988,2026-07-24T00:53:55.2245557,1117.612479,1088.801868,2235.224958,2,4662648
87752936,2026-07-24T00:46:03.2546517,1117.600341,1089.209565,2235.200682,2,6293739
87798066,2026-07-24T06:29:55.6445604,1117.588589,1079.966402,2235.177178,2,3947839
87842564,2026-07-24T12:10:55.8560731,1117.576670,1111.499164,2235.153340,2,5862207
87759268,2026-07-24T01:33:55.7715890,1117.574804,1104.062493,2235.149609,2,3299155
87862522,2026-07-24T14:42:58.5797985,1117.572539,1111.326611,2235.145077,2,4829778
87773367,2026-07-24T03:21:55.6019378,1117.558718,1098.901890,2235.117435,2,2788065
87860958,2026-07-24T14:30:55.8439283,1117.433290,1111.851219,2234.866580,2,4880705
87940344,2026-07-24T23:39:22.4963458,1117.432710,1101.114023,2234.865420,2,5911672
87914198,2026-07-24T20:59:21.2173268,1117.423440,1113.698935,2234.846880,2,4552412
87909324,2026-07-24T20:27:20.2368280,1117.419129,1095.866711,2234.838259,2,4257174
87795447,2026-07-24T06:09:53.9755946,1117.401113,1096.825088,2234.802226,2,6115712
87813777,2026-07-24T08:30:25.6656286,1117.394490,1113.921922,2234.788980,2,4769034
87929193,2026-07-24T22:27:20.8938018,1117.340572,1069.981642,2234.681145,2,5014047
87774510,2026-07-24T03:29:55.5714521,1117.327729,1106.123451,2234.655457,2,2029177
87919324,2026-07-24T21:27:20.5175040,1117.326564,1111.329385,2234.653128,2,5487887
87941474,2026-07-24T23:47:22.0223708,1117.247558,1072.253275,2234.495116,2,5156284
87904588,2026-07-24T19:55:19.8293377,1117.139435,1096.825595,2234.278871,2,5332766
87831055,2026-07-24T10:42:25.6348094,1117.122690,1101.999672,2234.245381,2,6177798
87857340,2026-07-24T14:02:58.2547810,1117.120604,1081.634183,2234.241207,2,4690502
87911142,2026-07-24T20:39:24.3882978,1117.106882,1105.624958,2234.213763,2,5658003
87795986,2026-07-24T06:13:54.1322752,1117.091083,1091.473600,2234.182167,2,3889266
87816906,2026-07-24T08:54:25.6537791,1117.091026,1085.278907,2234.182052,2,3032360
87880456,2026-07-24T17:03:21.9113843,1117.080860,1047.729946,2234.161720,2,5272995
87845198,2026-07-24T12:30:55.8514447,1117.048846,1112.269693,2234.097692,2,5844628
87904448,2026-07-24T19:55:19.5616547,1117.038669,1081.553432,2234.077338,2,3839678
87804446,2026-07-24T07:17:56.2637372,1117.035787,1115.640847,2234.071574,2,840495
87784947,2026-07-24T04:49:55.8713004,1117.026018,1083.745604,2234.052035,2,6344658
87756381,2026-07-24T01:13:54.8066976,1117.008974,1082.836870,2234.017947,2,3463435
87936115,2026-07-24T23:11:21.2730690,1116.974422,1097.306952,2233.948843,2,3372522
87820617,2026-07-24T09:22:25.3990233,1116.856062,1095.430831,2233.712125,2,3807060
87936728,2026-07-24T23:15:20.9114293,1116.848344,1102.460304,2233.696688,2,4957465
87747038,2026-07-24T00:01:25.1266855,1116.825291,1097.482308,2233.650581,2,4442503
87769841,2026-07-24T02:54:06.7117972,1116.658328,1110.203311,2233.316657,2,3431414
87798687,2026-07-24T06:33:55.5949144,1116.624515,1116.480717,2233.249029,2,3800250
87905161,2026-07-24T19:59:20.0661604,1116.610958,1094.325947,2233.221916,2,4694382
87753471,2026-07-24T00:49:55.0213689,1116.603769,1094.890983,2233.207538,2,8041246
87814814,2026-07-24T08:38:25.9961421,1116.568572,1105.541850,2233.137145,2,6294422
87915579,2026-07-24T21:07:24.9323106,1116.550656,1091.099511,2233.101311,2,5700094
87819506,2026-07-24T09:14:25.3895787,1116.476392,1080.992656,2232.952785,2,5156079
87813266,2026-07-24T08:26:27.1357358,1116.449326,1115.171675,2232.898651,2,2567982
87794714,2026-07-24T06:05:57.3298982,1116.446626,1054.333650,2232.893252,2,6140865
87892024,2026-07-24T18:27:20.5419843,1116.421679,1114.684216,2232.843358,2,3517033
87856213,2026-07-24T13:54:55.8766302,1116.395423,1113.621255,2232.790846,2,5290477
87896485,2026-07-24T18:59:19.6024608,1116.351671,1112.409066,2232.703343,2,4908830
87825233,2026-07-24T09:58:32.7944236,1116.348124,1088.952633,2232.696248,2,4550901
87753524,2026-07-24T00:49:55.1098508,1116.344933,1097.345739,2232.689867,2,5422436
87908707,2026-07-24T20:23:21.4223337,1116.315513,1077.384913,2232.631026,2,4179318
87934277,2026-07-24T22:59:26.7355035,1116.306018,1085.715926,2232.612035,2,3595337
87934283,2026-07-24T22:59:26.7440159,1116.284813,1100.158691,2232.569626,2,2131689
87933625,2026-07-24T22:55:21.5812992,1116.268813,1097.437072,2232.537627,2,4844313
87895954,2026-07-24T18:55:17.9939743,1116.242988,1115.566717,2232.485976,2,4092918
87822127,2026-07-24T09:34:25.3789201,1116.194162,1095.040017,2232.388324,2,4961430
87781802,2026-07-24T04:26:02.6596104,1116.185842,1112.953191,2232.371684,2,3593444
87799652,2026-07-24T06:41:57.5496817,1116.175126,1094.790079,2232.350252,2,5167107
87804893,2026-07-24T07:21:55.4967683,1116.172693,1112.098789,2232.345385,2,4829558
87787610,2026-07-24T05:09:56.6421412,1116.154594,1094.315637,2232.309188,2,6905605
87791118,2026-07-24T05:37:56.4044054,1116.140924,1104.512503,2232.281847,2,6900234
87815874,2026-07-24T08:46:26.9147506,1116.128642,1111.725394,2232.257284,2,8245769
87934299,2026-07-24T22:59:26.7748995,1116.070019,1078.574712,2232.140037,2,6242768
87843093,2026-07-24T12:14:56.1917449,1116.042185,1113.175026,2232.084369,2,5692707
87899776,2026-07-24T19:23:20.5576141,1115.979358,1091.880520,2231.958716,2,5375376
87771784,2026-07-24T03:09:55.2438761,1115.935748,1072.799199,2231.871497,2,5042216
87751888,2026-07-24T00:37:55.2358003,1115.926857,1099.060042,2231.853714,2,5686817
87788119,2026-07-24T05:13:55.8677527,1115.923739,1084.323099,2231.847479,2,4375420
87858885,2026-07-24T14:14:55.9507139,1115.923653,1095.541809,2231.847307,2,6635859
87910556,2026-07-24T20:35:19.9867553,1115.883641,1103.910089,2231.767283,2,4800000
87771248,2026-07-24T03:05:57.2149786,1115.831241,1066.358668,2231.662483,2,4859500
87810597,2026-07-24T08:05:57.6453843,1115.816399,1083.454760,2231.632797,2,2850099
87868397,2026-07-24T15:26:58.3866784,1115.794168,1115.751951,2231.588335,2,4565493
87922871,2026-07-24T21:47:19.1878720,1115.756602,1064.690285,2231.513205,2,3881011
87812191,2026-07-24T08:17:57.1751109,1115.713939,1111.048404,2231.427879,2,2070947
87805899,2026-07-24T07:29:56.4323464,1115.703852,1105.495194,2231.407705,2,3508874
87750820,2026-07-24T00:29:55.0334468,1115.687759,1089.413332,2231.375518,2,3925013
87770192,2026-07-24T02:58:15.8822076,1115.628505,1102.940798,2231.257011,2,4301780
87813758,2026-07-24T08:30:25.6247645,1115.621918,1048.616324,2231.243835,2,2569844
87922922,2026-07-24T21:47:19.2698458,1115.553475,1107.180734,2231.106950,2,4426275
87932963,2026-07-24T22:51:21.9032105,1115.533341,1084.905598,2231.066682,2,3718882
87836274,2026-07-24T11:22:26.6491613,1115.510927,1074.673837,2231.021853,2,4933791
87804947,2026-07-24T07:21:55.5822868,1115.496889,1107.316229,2230.993778,2,4383650
87773925,2026-07-24T03:25:58.2643620,1115.485507,1109.337519,2230.971015,2,2181201
87838366,2026-07-24T11:38:25.9177584,1115.466538,1105.305657,2230.933076,2,2930739
87754531,2026-07-24T00:57:54.9916252,1115.464097,1108.497389,2230.928194,2,10904746
87833110,2026-07-24T10:58:25.6827786,1115.396742,1087.696138,2230.793484,2,5812284
87805373,2026-07-24T07:26:00.9207614,1115.351837,1112.031752,2230.703674,2,5177423
87862001,2026-07-24T14:39:01.9125491,1115.339534,1114.380136,2230.679067,2,4579652
87826820,2026-07-24T10:10:27.4629690,1115.331576,1042.233585,2230.663152,2,5062797
87832068,2026-07-24T10:50:25.7366029,1115.315504,1097.325448,2230.631007,2,4534135
87772819,2026-07-24T03:17:55.6256708,1115.294241,1085.582809,2230.588482,2,4180769
87929831,2026-07-24T22:31:22.5123280,1115.282400,1087.870608,2230.564800,2,3994561
87857236,2026-07-24T14:02:58.0985229,1115.257790,1098.745437,2230.515581,2,5903093
87935519,2026-07-24T23:07:25.1756676,1115.213560,1094.556047,2230.427120,2,4099276
87820551,2026-07-24T09:22:25.3298308,1115.201045,1079.589357,2230.402091,2,3994902
87855170,2026-07-24T13:46:57.9270006,1115.182428,1103.086646,2230.364857,2,4862931
87794918,2026-07-24T06:05:57.7299117,1115.173816,1083.396814,2230.347632,2,3792301
87750280,2026-07-24T00:26:01.4330640,1115.171325,1098.260553,2230.342650,2,6300646
87923608,2026-07-24T21:51:19.5964489,1115.153126,1103.826218,2230.306253,2,3520936
87806529,2026-07-24T07:33:58.6572476,1115.149831,1110.688895,2230.299662,2,5321132
87932247,2026-07-24T22:47:21.8404312,1115.100812,1097.281400,2230.201624,2,4717773
87788873,2026-07-24T05:21:55.2101833,1115.080569,1067.863376,2230.161138,2,6722025
87792804,2026-07-24T05:49:55.8585006,1115.036768,1086.663335,2230.073537,2,5452139
87783894,2026-07-24T04:41:55.4569223,1115.023500,1088.890660,2230.047000,2,4336985
87857553,2026-07-24T14:06:56.9192099,1115.019119,1112.029931,2230.038237,2,7250746
87751382,2026-07-24T00:33:55.5486504,1114.967164,1112.927120,2229.934328,2,5343556
87814803,2026-07-24T08:38:25.9849242,1114.922418,1109.813548,2229.844837,2,4125811
87937325,2026-07-24T23:19:25.0263615,1114.907421,1096.664147,2229.814843,2,4046236
87749263,2026-07-24T00:17:25.4267691,1114.871148,1093.024639,2229.742297,2,4663901
87757169,2026-07-24T01:17:55.4516421,1114.866448,1088.667387,2229.732897,2,5147213
87751895,2026-07-24T00:37:55.2439600,1114.851770,1106.723909,2229.703539,2,4715061
87825766,2026-07-24T10:02:27.8384564,1114.851664,1099.703211,2229.703328,2,4667126
87805438,2026-07-24T07:26:01.1082800,1114.843363,1098.770702,2229.686727,2,4501294
87791237,2026-07-24T05:37:56.6035581,1114.840886,1079.432689,2229.681772,2,4367459
87833640,2026-07-24T11:02:28.7401979,1114.815218,1070.798828,2229.630436,2,4595258
87824161,2026-07-24T09:50:31.8485176,1114.812834,1093.341913,2229.625669,2,2610739
87751390,2026-07-24T00:33:55.5579653,1114.790510,1095.127931,2229.581021,2,5180598
87809556,2026-07-24T07:57:56.0451112,1114.778842,1102.427793,2229.557685,2,5613529
87889752,2026-07-24T18:11:19.5868550,1114.758643,1068.414091,2229.517287,2,4485802
87749780,2026-07-24T00:21:55.3193597,1114.742366,1108.571919,2229.484732,2,5196637
87763028,2026-07-24T02:01:56.0073629,1114.730579,1109.832528,2229.461157,2,4762383
87751385,2026-07-24T00:33:55.5489858,1114.722282,1101.535327,2229.444563,2,5651787
87927969,2026-07-24T22:19:20.6537383,1114.718104,1083.098284,2229.436207,2,4020855
87750847,2026-07-24T00:29:55.0657398,1114.699555,1094.768226,2229.399111,2,4599091
87926198,2026-07-24T22:07:19.3873106,1114.671842,1106.759884,2229.343683,2,7021872
87869900,2026-07-24T15:38:57.9074368,1114.625523,1028.294997,2229.251046,2,2114772
87813248,2026-07-24T08:26:27.0989645,1114.585857,1104.528913,2229.171715,2,6869115
87774947,2026-07-24T03:33:55.4156758,1114.543967,1078.593528,2229.087935,2,6124495
87847275,2026-07-24T12:46:58.1029254,1114.521493,1108.302604,2229.042986,2,5753991
87927974,2026-07-24T22:19:20.6619605,1114.494359,1080.415248,2228.988718,2,2956682
87932939,2026-07-24T22:51:21.8508164,1114.454641,1073.223665,2228.909282,2,5489532
87793419,2026-07-24T05:53:55.8437389,1114.444748,1112.442084,2228.889495,2,3041564
87914117,2026-07-24T20:59:21.0474070,1114.422800,1055.878707,2228.845601,2,4319025
87763451,2026-07-24T02:05:58.1487237,1114.409948,1070.426830,2228.819896,2,830147
87752948,2026-07-24T00:46:03.2711598,1114.381183,1094.368957,2228.762366,2,4576580
87851491,2026-07-24T13:18:55.8712788,1114.373996,1111.424821,2228.747993,2,6817574
87917125,2026-07-24T21:15:19.8038006,1114.325976,1093.425330,2228.651952,2,3565621
87767142,2026-07-24T02:33:55.2256853,1114.311857,1083.924247,2228.623713,2,4115811
87926195,2026-07-24T22:07:19.3664068,1114.303608,1091.565586,2228.607217,2,4742350
87866219,2026-07-24T15:10:56.1446519,1114.290605,1102.283092,2228.581210,2,5105699
87830021,2026-07-24T10:34:25.6205405,1114.273406,1093.356789,2228.546812,2,5895743
87755053,2026-07-24T01:01:55.7828825,1114.265677,1078.917403,2228.531354,2,3457339
87751386,2026-07-24T00:33:55.5511602,1114.258516,1090.214977,2228.517033,2,4020778
87856605,2026-07-24T13:58:55.7177393,1114.219672,1104.850335,2228.439344,2,1763257
87781300,2026-07-24T04:21:55.1332831,1114.135895,1100.227343,2228.271791,2,6543852
87803927,2026-07-24T07:13:55.9111722,1114.088561,1098.319195,2228.177122,2,7650940
87752409,2026-07-24T00:41:57.2668221,1113.949839,1079.487056,2227.899678,2,4430148
87873639,2026-07-24T16:11:21.5128139,1113.931310,1050.660745,2227.862620,2,5411545
87808042,2026-07-24T07:45:58.0985184,1113.924360,1107.318869,2227.848719,2,3448297
87781772,2026-07-24T04:26:02.5883785,1113.919406,1060.224500,2227.838812,2,2261762
87932234,2026-07-24T22:47:21.8194093,1113.862449,1085.206890,2227.724898,2,6258335
87750826,2026-07-24T00:29:55.0363719,1113.824336,1101.359501,2227.648671,2,3540455
87787632,2026-07-24T05:09:56.7016946,1113.818318,1083.725375,2227.636637,2,2712965
87914886,2026-07-24T21:03:19.1477726,1113.808434,1103.792760,2227.616867,2,4418692
87790208,2026-07-24T05:29:55.9284942,1113.808411,1073.978530,2227.616821,2,4481839
87780258,2026-07-24T04:13:55.3988155,1113.808189,1102.637621,2227.616377,2,7201389
87752934,2026-07-24T00:46:03.2512455,1113.788185,1084.852632,2227.576370,2,4912558
87834482,2026-07-24T11:10:25.3777498,1113.747650,1081.460595,2227.495300,2,4634166
87748169,2026-07-24T00:09:25.3924375,1113.745535,1103.986988,2227.491071,2,5062753
87851494,2026-07-24T13:18:55.8770852,1113.736224,1104.640322,2227.472448,2,3993397
87820044,2026-07-24T09:18:26.1103514,1113.729605,1101.249394,2227.459209,2,3819993
87787102,2026-07-24T05:06:02.0538300,1113.711636,1095.463845,2227.423271,2,3847819
87930404,2026-07-24T22:35:21.2191682,1113.651297,1095.691629,2227.302595,2,4306550
87798078,2026-07-24T06:29:55.6672253,1113.606725,1088.878710,2227.213450,2,5312135
87760848,2026-07-24T01:45:59.5241662,1113.556971,1103.136415,2227.113941,2,6178720
87871236,2026-07-24T15:51:01.0666956,1113.536480,1087.165625,2227.072960,2,3235298
87813256,2026-07-24T08:26:27.1090982,1113.432367,1107.091659,2226.864733,2,2946686
87777572,2026-07-24T03:53:55.0931828,1113.418802,1096.258620,2226.837605,2,6283642
87899941,2026-07-24T19:23:20.8590386,1113.402269,1075.729225,2226.804537,2,3888750
87923613,2026-07-24T21:51:19.5982977,1113.370962,1109.895739,2226.741925,2,4496047
87909962,2026-07-24T20:31:20.6590012,1113.353861,1101.022676,2226.707723,2,4344935
87799747,2026-07-24T06:41:57.7132705,1113.333462,1107.358874,2226.666924,2,5539844
87920090,2026-07-24T21:31:19.3962757,1113.321962,1080.439534,2226.643925,2,4763020
87804896,2026-07-24T07:21:55.4997697,1113.311285,1107.311837,2226.622571,2,4785366
87768696,2026-07-24T02:45:56.5836633,1113.311148,1071.412365,2226.622296,2,5378128
87763991,2026-07-24T02:09:55.1707161,1113.271978,1077.313789,2226.543956,2,2775990
87763989,2026-07-24T02:09:55.1653307,1113.123433,1078.421121,2226.246865,2,5554765
87858198,2026-07-24T14:10:57.7219916,1113.087201,1073.727303,2226.174401,2,4211613
87801193,2026-07-24T06:53:55.8901244,1113.085229,1089.697508,2226.170457,2,4834874
87930991,2026-07-24T22:39:22.4601499,1113.069842,1097.654096,2226.139685,2,6203846
87906918,2026-07-24T20:11:18.3138555,1113.035510,1102.282809,2226.071020,2,2320186
87775483,2026-07-24T03:37:55.5165030,1112.989117,1111.298598,2225.978234,2,5958709
87879919,2026-07-24T16:59:22.8422229,1112.976971,1038.126504,2225.953942,2,1252600
87826297,2026-07-24T10:06:31.3280934,1112.976558,1103.700007,2225.953115,2,5120400
87758744,2026-07-24T01:29:55.3925353,1112.968554,1089.728188,2225.937108,2,5721743
87798075,2026-07-24T06:29:55.6601975,1112.952095,1095.647107,2225.904191,2,3331234
87916356,2026-07-24T21:11:24.7790156,1112.941023,1092.959936,2225.882045,2,5754919
87811137,2026-07-24T08:09:56.0491022,1112.876930,1087.681180,2225.753861,2,5552731
87817931,2026-07-24T09:02:25.4667285,1112.867952,1089.692255,2225.735904,2,3240748
87927972,2026-07-24T22:19:20.6592782,1112.854464,1087.409868,2225.708929,2,5261675
87811121,2026-07-24T08:09:56.0424318,1112.826931,1104.106958,2225.653862,2,2957169
87749770,2026-07-24T00:21:55.3041779,1112.823033,1103.580892,2225.646066,2,4004528
87921503,2026-07-24T21:39:22.9495590,1112.773599,1102.547520,2225.547198,2,4133483
87924928,2026-07-24T21:59:20.7879033,1112.754391,1035.495993,2225.508782,2,3755576
87872459,2026-07-24T16:03:19.9927525,1112.744643,1099.575192,2225.489286,2,4703656
87804853,2026-07-24T07:21:55.4468395,1112.732101,1053.464856,2225.464201,2,6923442
87763460,2026-07-24T02:05:58.1638667,1112.709791,1079.695204,2225.419581,2,3871702
87934884,2026-07-24T23:03:22.2625463,1112.679019,1092.734100,2225.358039,2,3883182
87771828,2026-07-24T03:09:55.3071778,1112.632512,1101.509579,2225.265025,2,3388906
87844121,2026-07-24T12:22:56.2770132,1112.629624,1024.136709,2225.259248,2,4492823
87826288,2026-07-24T10:06:31.3156125,1112.628936,1081.535647,2225.257872,2,4038482
87808533,2026-07-24T07:49:55.4418800,1112.625565,1100.486499,2225.251130,2,3161702
87798065,2026-07-24T06:29:55.6386815,1112.600292,1062.538276,2225.200585,2,5980822
87748158,2026-07-24T00:09:25.3770684,1112.598613,1081.012182,2225.197225,2,2301963
87905752,2026-07-24T20:03:21.8808377,1112.579952,1110.358608,2225.159904,2,7468413
87749758,2026-07-24T00:21:55.2902335,1112.531039,1073.067177,2225.062079,2,6087666
87774427,2026-07-24T03:29:55.3988641,1112.503033,1099.312750,2225.006067,2,2550241
87929196,2026-07-24T22:27:20.8937625,1112.418591,1066.399944,2224.837182,2,3408818
87940345,2026-07-24T23:39:22.4903253,1112.412166,1091.641540,2224.824333,2,6024263
87824172,2026-07-24T09:50:31.8640634,1112.404211,1099.977095,2224.808423,2,3949426
87764004,2026-07-24T02:09:55.1931650,1112.403680,1105.029069,2224.807360,2,3730638
87762944,2026-07-24T02:01:55.7458216,1112.339324,1081.077632,2224.678647,2,7212644
87794923,2026-07-24T06:05:57.7328894,1112.304419,1087.580964,2224.608838,2,6231545
87780200,2026-07-24T04:13:55.2940108,1112.300774,1061.100572,2224.601548,2,5853516
87829986,2026-07-24T10:34:25.5666376,1112.283720,1102.015225,2224.567440,2,5723693
87935511,2026-07-24T23:07:25.1621741,1112.276769,1088.865091,2224.553537,2,2979474
87839427,2026-07-24T11:46:35.7611763,1112.255100,1109.792324,2224.510201,2,5649322
87900409,2026-07-24T19:27:19.5808141,1112.236667,1097.858871,2224.473334,2,3970949
87835207,2026-07-24T11:14:25.9404555,1112.228423,1029.146875,2224.456847,2,6584724
87791658,2026-07-24T05:42:02.6315465,1112.217102,1090.385742,2224.434205,2,4682995
87779162,2026-07-24T04:05:56.9132121,1112.208607,1097.047676,2224.417213,2,4896315
87779752,2026-07-24T04:09:55.4111567,1112.190039,1103.668238,2224.380078,2,8052161
87824705,2026-07-24T09:54:32.4359662,1112.151942,1103.814603,2224.303885,2,4782666
87802827,2026-07-24T07:05:58.1557051,1112.137082,1108.097478,2224.274165,2,3875762
87902250,2026-07-24T19:39:21.4435705,1112.122559,1099.719193,2224.245118,2,5493943
87899954,2026-07-24T19:23:20.8920551,1112.121358,1101.273142,2224.242715,2,3607891
87923614,2026-07-24T21:51:19.6077363,1112.103698,1107.369370,2224.207396,2,6236366
87778638,2026-07-24T04:01:55.6020109,1112.075531,1103.246597,2224.151062,2,4185598
87895373,2026-07-24T18:51:17.9887430,1112.074577,1061.224490,2224.149153,2,4201544
87779185,2026-07-24T04:05:56.9626780,1112.071022,1108.023604,2224.142044,2,9823962
87802656,2026-07-24T07:05:57.8386196,1112.062603,1080.450296,2224.125206,2,4055865
87749757,2026-07-24T00:21:55.2886673,1112.041453,1090.265357,2224.082906,2,5597576
87905147,2026-07-24T19:59:20.0416815,1112.034582,1090.583879,2224.069165,2,4100112
87754024,2026-07-24T00:53:55.2819089,1112.025611,1085.045406,2224.051221,2,5620539
87865253,2026-07-24T15:02:56.2646857,1111.984895,1106.384826,2223.969789,2,7133582
87776526,2026-07-24T03:45:58.3529164,1111.977877,1091.757914,2223.955754,2,3726796
87821610,2026-07-24T09:30:25.3747504,1111.940588,1090.473894,2223.881175,2,4877286
87813776,2026-07-24T08:30:25.6636522,1111.930425,1110.818229,2223.860849,2,5742403
87757697,2026-07-24T01:21:55.1104669,1111.884407,1079.125688,2223.768814,2,3331087
87759274,2026-07-24T01:33:55.7812887,1111.875807,1089.705173,2223.751614,2,5443342
87827909,2026-07-24T10:18:25.2439793,1111.844866,1083.173649,2223.689732,2,3061169
87803882,2026-07-24T07:13:55.8427012,1111.841721,1103.445226,2223.683441,2,2351112
87922215,2026-07-24T21:43:19.5359028,1111.831046,1107.688627,2223.662092,2,1485769
87776516,2026-07-24T03:45:58.3383338,1111.812229,1091.866414,2223.624459,2,895455
87843092,2026-07-24T12:14:56.1887064,1111.789472,1101.946074,2223.578944,2,5789493
87757172,2026-07-24T01:17:55.4544132,1111.775781,1061.315389,2223.551561,2,10521852
87836791,2026-07-24T11:26:27.9618414,1111.744170,1073.194510,2223.488339,2,4339014
87780223,2026-07-24T04:13:55.3373854,1111.714471,1093.079348,2223.428941,2,4925300
87818462,2026-07-24T09:06:27.5842289,1111.713812,1083.661028,2223.427623,2,5329486
87750836,2026-07-24T00:29:55.0379867,1111.698479,1091.582181,2223.396957,2,5162716
87763528,2026-07-24T02:05:58.3731285,1111.677821,1105.401540,2223.355642,2,5817485
87788633,2026-07-24T05:17:56.0991054,1111.647546,1067.493347,2223.295091,2,3610224
87936124,2026-07-24T23:11:21.3032049,1111.642052,1077.196422,2223.284103,2,5996805
87906931,2026-07-24T20:11:18.3396140,1111.626057,1107.086070,2223.252115,2,5281971
87810106,2026-07-24T08:01:55.8767195,1111.588671,1101.117732,2223.177343,2,5701371
87943122,2026-07-24T23:59:22.8435955,1111.585228,1062.503063,2223.170456,2,5289011
87773897,2026-07-24T03:25:58.2233798,1111.580366,1082.074193,2223.160732,2,3579629
87820036,2026-07-24T09:18:26.0927027,1111.568229,1086.112290,2223.136457,2,12298004
87821113,2026-07-24T09:26:27.2412393,1111.562311,1096.091621,2223.124623,2,4385734
87769218,2026-07-24T02:50:08.7689556,1111.518213,1064.666875,2223.036426,2,5396327
87780729,2026-07-24T04:17:56.0404656,1111.499397,1055.882062,2222.998794,2,5009701
87758162,2026-07-24T01:25:57.9854224,1111.491291,1106.202860,2222.982582,2,2192548
87835216,2026-07-24T11:14:25.9634420,1111.475799,1066.504195,2222.951597,2,5836322
87940225,2026-07-24T23:39:22.2406931,1111.472085,1068.241786,2222.944169,2,3575077
87937972,2026-07-24T23:23:21.5551065,1111.460015,1096.784478,2222.920030,2,3727471
87764526,2026-07-24T02:13:55.9924042,1111.437649,1094.639147,2222.875297,2,4163109
87865131,2026-07-24T15:02:55.9842537,1111.383230,1092.958810,2222.766460,2,6311294
87841571,2026-07-24T12:02:56.9432394,1111.301289,1107.685324,2222.602578,2,5120828
87748190,2026-07-24T00:09:25.4291012,1111.291634,1098.999500,2222.583267,2,4321291
87767753,2026-07-24T02:37:55.7022290,1111.262344,1101.124364,2222.524689,2,2197126
87753898,2026-07-24T00:53:55.0859350,1111.260612,1101.508186,2222.521225,2,2955717
87832062,2026-07-24T10:50:25.7352808,1111.250671,1085.887187,2222.501343,2,4793455
87788080,2026-07-24T05:13:55.8039656,1111.218388,1047.850760,2222.436777,2,4640203
87768698,2026-07-24T02:45:56.5853524,1111.207392,1084.043649,2222.414783,2,3608215
87815336,2026-07-24T08:42:36.4146446,1111.188624,1099.826633,2222.377248,2,4496522
87809681,2026-07-24T07:57:56.2564345,1111.188180,1094.154849,2222.376360,2,4581615
87760838,2026-07-24T01:45:59.4968271,1111.172491,1070.160561,2222.344982,2,4801091
87927966,2026-07-24T22:19:20.6334072,1111.159182,1051.477622,2222.318365,2,4657123
87939692,2026-07-24T23:35:21.3249830,1111.154982,1068.039366,2222.309963,2,3839386
87819516,2026-07-24T09:14:25.4038174,1111.135081,1105.472882,2222.270161,2,5143395
87838367,2026-07-24T11:38:25.9228912,1111.118981,1104.073251,2222.237962,2,3128839
87808074,2026-07-24T07:45:58.1588615,1111.101410,1110.869647,2222.202821,2,5012418
87754514,2026-07-24T00:57:54.9682900,1111.101117,1077.074814,2222.202234,2,5305467
87758279,2026-07-24T01:25:58.3332427,1111.042743,1105.714221,2222.085486,2,4370076
87822242,2026-07-24T09:34:25.5587351,1111.039279,1079.284597,2222.078557,2,5742538
87941473,2026-07-24T23:47:22.0218253,1111.015384,1066.075000,2222.030767,2,5525326
87780766,2026-07-24T04:17:56.0942623,1110.986161,1101.059671,2221.972323,2,10095025
87927988,2026-07-24T22:19:20.6929767,1110.889877,1093.389741,2221.779755,2,4634994
87859362,2026-07-24T14:18:56.1924357,1110.879961,1093.527642,2221.759922,2,3722416
87748709,2026-07-24T00:13:25.5773522,1110.831803,1104.791789,2221.663607,2,5199131
87747618,2026-07-24T00:05:29.6187957,1110.810989,1077.452873,2221.621977,2,5991733
87753467,2026-07-24T00:49:55.0169847,1110.798156,1101.234407,2221.596312,2,2666219
87913537,2026-07-24T20:55:19.2872623,1110.796582,1095.670478,2221.593164,2,5215123
87927374,2026-07-24T22:15:19.3104067,1110.794330,1104.057566,2221.588661,2,4655900
87825226,2026-07-24T09:58:32.7918686,1110.783413,1081.473582,2221.566826,2,4934056
87806881,2026-07-24T07:37:55.5073140,1110.782731,1104.010611,2221.565462,2,4454642
87751887,2026-07-24T00:37:55.2316797,1110.731827,1077.004883,2221.463654,2,3317975
87942031,2026-07-24T23:51:21.2327258,1110.720447,1097.904517,2221.440894,2,5177908
87753455,2026-07-24T00:49:55.0022957,1110.717985,1074.757968,2221.435970,2,9755361
87779687,2026-07-24T04:09:55.3127088,1110.713360,1080.060768,2221.426720,2,5911607
87764562,2026-07-24T02:13:56.0569860,1110.685484,1106.387468,2221.370968,2,5448412
87892016,2026-07-24T18:27:20.5182113,1110.680482,1053.442621,2221.360963,2,5610922
87773390,2026-07-24T03:21:55.6381910,1110.651952,1110.152377,2221.303903,2,6397024
87807025,2026-07-24T07:37:55.7342200,1110.563073,1102.074501,2221.126146,2,2448085
87936094,2026-07-24T23:11:21.2347019,1110.540339,1079.539324,2221.080677,2,3934405
87816362,2026-07-24T08:50:33.4245116,1110.539851,1086.171182,2221.079702,2,5948259
87758260,2026-07-24T01:25:58.2645857,1110.515563,1088.696659,2221.031127,2,5830215
87754525,2026-07-24T00:57:54.9796153,1110.472376,1093.625384,2220.944753,2,4458007
87748733,2026-07-24T00:13:25.6098030,1110.466405,1084.504203,2220.932810,2,4728756
87922222,2026-07-24T21:43:19.5519267,1110.421894,1108.406961,2220.843788,2,5363020
87818476,2026-07-24T09:06:27.6249285,1110.403695,1107.489960,2220.807389,2,4946735
87854642,2026-07-24T13:42:55.8970645,1110.397049,1109.656431,2220.794099,2,3453622
87774943,2026-07-24T03:33:55.4113294,1110.369993,1069.466363,2220.739987,2,5090068
87919335,2026-07-24T21:27:20.5376792,1110.299342,1108.159519,2220.598685,2,5517369
87807938,2026-07-24T07:45:57.9160900,1110.270351,1106.216235,2220.540702,2,5489262
87935503,2026-07-24T23:07:25.1544066,1110.260798,1072.962419,2220.521596,2,5192442
87813255,2026-07-24T08:26:27.1042165,1110.250414,1085.429420,2220.500828,2,3113844
87747653,2026-07-24T00:05:29.7006179,1110.226716,1072.618148,2220.453433,2,3998106
87747605,2026-07-24T00:05:29.5813786,1110.226716,1069.286395,2220.453433,2,6222446
87757177,2026-07-24T01:17:55.4608552,1110.216381,1069.651225,2220.432762,2,5794274
87806430,2026-07-24T07:33:58.4910548,1110.194953,1091.695064,2220.389907,2,3588296
87938543,2026-07-24T23:27:22.2649546,1110.154465,1075.417502,2220.308930,2,4125076
87750390,2026-07-24T00:26:01.6688438,1110.149287,1082.114982,2220.298573,2,3195202
87838885,2026-07-24T11:42:25.9642677,1110.133566,1063.531678,2220.267133,2,3807646
87781857,2026-07-24T04:26:02.7598149,1110.039881,1098.976130,2220.079762,2,4391007
87751349,2026-07-24T00:33:55.4960876,1110.036455,1049.100280,2220.072911,2,4300496
87815944,2026-07-24T08:46:27.0363204,1110.025066,1095.366540,2220.050131,2,4778138
87924269,2026-07-24T21:55:19.6702668,1109.991056,1087.577079,2219.982111,2,5259765
87751898,2026-07-24T00:37:55.2491192,1109.985617,1094.464675,2219.971235,2,7465724
87934249,2026-07-24T22:59:26.6872862,1109.970774,1079.761017,2219.941548,2,3724406
87911139,2026-07-24T20:39:24.3750469,1109.905696,1080.227991,2219.811392,2,5697562
87780764,2026-07-24T04:17:56.1052185,1109.903217,1099.826493,2219.806434,2,8009056
87859956,2026-07-24T14:22:55.8468434,1109.902379,1096.683721,2219.804758,2,2507011
87762776,2026-07-24T02:01:55.2811289,1109.898653,1104.646367,2219.797306,2,4866979
87769235,2026-07-24T02:50:08.7818031,1109.868223,1065.546334,2219.736447,2,4106058
87760854,2026-07-24T01:45:59.5314347,1109.856693,1093.116914,2219.713385,2,6233420
87762214,2026-07-24T01:57:55.0660433,1109.853365,1105.782352,2219.706731,2,1727886
87767137,2026-07-24T02:33:55.2210472,1109.821317,1082.606110,2219.642634,2,5812041
87809051,2026-07-24T07:53:55.4254039,1109.797379,1103.423532,2219.594758,2,2013451
87851503,2026-07-24T13:18:55.8851183,1109.760377,1106.741682,2219.520755,2,4374813
87779666,2026-07-24T04:09:55.2834978,1109.730565,1058.795123,2219.461129,2,4874255
87756145,2026-07-24T01:09:55.6353188,1109.708579,1104.832253,2219.417158,2,4999039
87935521,2026-07-24T23:07:25.1797124,1109.638570,1098.061883,2219.277139,2,4581991
87834168,2026-07-24T11:06:27.1152528,1109.604679,1065.030025,2219.209359,2,3558518
87932265,2026-07-24T22:47:21.8828128,1109.574036,1088.548675,2219.148072,2,5851334
87752929,2026-07-24T00:46:03.2389194,1109.571750,1047.855559,2219.143499,2,5108880
87934890,2026-07-24T23:03:22.2872000,1109.565846,1087.217571,2219.131692,2,7044412
87750850,2026-07-24T00:29:55.0702499,1109.562455,1095.556524,2219.124910,2,7829788
87823188,2026-07-24T09:42:25.4375496,1109.546120,1096.721098,2219.092240,2,5572334
87823180,2026-07-24T09:42:25.4217818,1109.546120,1092.642780,2219.092240,2,7904983
87781803,2026-07-24T04:26:02.6590380,1109.487817,1090.383022,2218.975635,2,4749458
87844150,2026-07-24T12:22:56.3221862,1109.484753,1090.067601,2218.969506,2,2931083
87803339,2026-07-24T07:09:55.4067455,1109.449325,1094.783710,2218.898650,2,4098953
87831551,2026-07-24T10:46:27.4274442,1109.435565,1080.987330,2218.871129,2,5371495
87750122,2026-07-24T00:26:01.0515870,1109.394949,1098.043656,2218.789898,2,3259579
87845709,2026-07-24T12:34:57.5312956,1109.369536,1093.737732,2218.739072,2,4333114
87799124,2026-07-24T06:37:55.6477047,1109.366089,1080.351323,2218.732178,2,4087290
87901076,2026-07-24T19:31:18.0865888,1109.352712,1084.334478,2218.705424,2,4465332
87770298,2026-07-24T02:58:16.0438180,1109.339641,1105.778079,2218.679282,2,2220365
87773896,2026-07-24T03:25:58.2253422,1109.316952,1087.830363,2218.633904,2,4708116
87900520,2026-07-24T19:27:19.8002974,1109.314790,1088.076779,2218.629580,2,3452780
87793428,2026-07-24T05:53:55.8591818,1109.286987,1107.727325,2218.573973,2,4306201
87899363,2026-07-24T19:19:24.4412157,1109.273427,1090.663359,2218.546854,2,5604167
87761372,2026-07-24T01:49:56.4673364,1109.272371,1097.024660,2218.544743,2,3941749
87769737,2026-07-24T02:54:06.5199817,1109.269755,1064.362020,2218.539510,2,3652245
87824211,2026-07-24T09:50:31.9197263,1109.238468,1084.874266,2218.476935,2,4377149
87918611,2026-07-24T21:23:19.6092118,1109.231559,1103.688737,2218.463118,2,5129988
87927376,2026-07-24T22:15:19.3098141,1109.201971,1085.081853,2218.403942,2,4786028
87805435,2026-07-24T07:26:01.0988181,1109.171376,1091.719772,2218.342751,2,7210587
87817425,2026-07-24T08:58:25.9254299,1109.130243,1098.799387,2218.260486,2,4850742
87807480,2026-07-24T07:41:55.4443814,1109.120622,1066.752218,2218.241243,2,5415279
87820170,2026-07-24T09:18:26.3252289,1109.100483,1093.439763,2218.200966,2,5507017
87903420,2026-07-24T19:47:22.3740230,1109.096967,1082.502643,2218.193933,2,2802416
87780778,2026-07-24T04:17:56.1224485,1109.048861,1095.633879,2218.097721,2,5254557
87786523,2026-07-24T05:01:58.2359972,1109.017426,1060.438997,2218.034852,2,5510553
87812713,2026-07-24T08:21:55.3863109,1109.004455,1061.579418,2218.008909,2,5321192
87755580,2026-07-24T01:05:57.3995734,1108.989379,1074.298335,2217.978758,2,5337364
87938560,2026-07-24T23:27:22.2856219,1108.983723,1074.142749,2217.967445,2,5080706
87808049,2026-07-24T07:45:58.1086488,1108.934753,1097.806189,2217.869506,2,4399317
87943134,2026-07-24T23:59:22.8719437,1108.934261,1103.548426,2217.868521,2,3814690
87841002,2026-07-24T11:58:55.9042593,1108.923407,1103.598891,2217.846814,2,4427658
87776024,2026-07-24T03:41:55.6106993,1108.850790,1107.706910,2217.701579,2,4215082
87818986,2026-07-24T09:10:25.5483823,1108.845773,1099.545249,2217.691546,2,4204213
87803328,2026-07-24T07:09:55.3952448,1108.837227,1096.449766,2217.674453,2,3095197
87921513,2026-07-24T21:39:22.9611153,1108.832468,1087.299197,2217.664937,2,3511514
87825303,2026-07-24T09:58:32.9121283,1108.821073,1091.329838,2217.642146,2,5384932
87863576,2026-07-24T14:50:56.2315681,1108.813404,1095.213244,2217.626808,2,3481405
87776002,2026-07-24T03:41:55.5790466,1108.800744,1094.257872,2217.601488,2,4586585
87922899,2026-07-24T21:47:19.2272573,1108.777854,1087.323403,2217.555707,2,4354562
87820575,2026-07-24T09:22:25.3603073,1108.762164,1102.385323,2217.524328,2,6438865
87940910,2026-07-24T23:43:21.8079012,1108.746759,1089.199959,2217.493518,2,3964001
87816381,2026-07-24T08:50:33.4602505,1108.744577,1101.369838,2217.489155,2,5218728
87812186,2026-07-24T08:17:57.1725739,1108.739846,1091.500384,2217.479692,2,6046351
87924946,2026-07-24T21:59:20.8363521,1108.739295,1103.351993,2217.478589,2,6616439
87821618,2026-07-24T09:30:25.3827510,1108.732433,1092.092658,2217.464865,2,4623011
87929212,2026-07-24T22:27:20.9233769,1108.722091,1095.696421,2217.444182,2,6250277
87856731,2026-07-24T13:58:55.9794571,1108.699779,1103.072501,2217.399558,2,4729690
87819062,2026-07-24T09:10:25.6648241,1108.698279,1102.376352,2217.396559,2,4064455
87803842,2026-07-24T07:13:55.7659524,1108.674317,1084.164587,2217.348634,2,3835347
87790745,2026-07-24T05:33:55.5231901,1108.626566,1074.237722,2217.253132,2,5938535
87787038,2026-07-24T05:06:01.9427903,1108.593908,1073.769288,2217.187816,2,7295727
87826309,2026-07-24T10:06:31.3485949,1108.563056,1098.463937,2217.126113,2,6085108
87942606,2026-07-24T23:55:21.8635875,1108.491455,1108.009562,2216.982909,2,5451504
87823178,2026-07-24T09:42:25.4174064,1108.487519,1087.211182,2216.975038,2,4551508
87822134,2026-07-24T09:34:25.3885853,1108.482478,1091.587445,2216.964956,2,4771323
87799122,2026-07-24T06:37:55.6374239,1108.480632,1082.350319,2216.961265,2,4243563
87768179,2026-07-24T02:41:54.9013399,1108.477133,1065.047861,2216.954266,2,6465548
87757179,2026-07-24T01:17:55.4707235,1108.448620,1086.095405,2216.897241,2,5150696
87824695,2026-07-24T09:54:32.4131008,1108.440113,1092.103931,2216.880226,2,5082280
87819507,2026-07-24T09:14:25.3913350,1108.422107,1086.883666,2216.844213,2,5697633
87857120,2026-07-24T14:02:57.9216668,1108.406108,1077.968340,2216.812217,2,3683154
87775037,2026-07-24T03:33:55.5429358,1108.369875,1097.549667,2216.739751,2,7742112
87815340,2026-07-24T08:42:36.4190510,1108.369094,1092.591844,2216.738188,2,3978872
87805345,2026-07-24T07:26:00.8730220,1108.348182,1092.342186,2216.696363,2,1917016
87811653,2026-07-24T08:13:55.6865658,1108.325028,1082.916228,2216.650057,2,4238377
87756106,2026-07-24T01:09:55.5759327,1108.288066,1059.987792,2216.576133,2,3399458
87929209,2026-07-24T22:27:20.9301526,1108.265185,1091.900394,2216.530370,2,3602772
87917119,2026-07-24T21:15:19.7968131,1108.260036,1088.930814,2216.520072,2,4424302
87785538,2026-07-24T04:53:55.5959429,1108.259452,1080.850312,2216.518904,2,7276728
87756530,2026-07-24T01:13:55.1080389,1108.237649,1066.370205,2216.475297,2,4960857
87903404,2026-07-24T19:47:22.3469981,1108.208897,1087.922980,2216.417794,2,4674792
87932932,2026-07-24T22:51:21.8482742,1108.196980,1081.240053,2216.393960,2,989047
87838899,2026-07-24T11:42:25.9994217,1108.193913,1106.137748,2216.387826,2,3135115
87820143,2026-07-24T09:18:26.2878160,1108.191091,1086.256315,2216.382182,2,5503979
87919315,2026-07-24T21:27:20.5052487,1108.173523,1064.304868,2216.347046,2,5004287
87929822,2026-07-24T22:31:22.4910440,1108.153324,1099.506870,2216.306649,2,4258705
87792706,2026-07-24T05:49:55.7229280,1108.144293,1085.919894,2216.288586,2,5608806
87803886,2026-07-24T07:13:55.8470448,1108.133933,1102.434508,2216.267866,2,6790128
87821082,2026-07-24T09:26:27.1864291,1108.071747,1080.874356,2216.143494,2,3769592
87798116,2026-07-24T06:29:55.7242427,1108.064838,1094.019700,2216.129676,2,6919055
87761930,2026-07-24T01:53:55.6317189,1108.056551,1102.642205,2216.113101,2,4608891
87798446,2026-07-24T06:33:55.2410419,1108.041233,1067.663017,2216.082466,2,4313049
87761153,2026-07-24T01:49:56.0627059,1108.031290,1099.659755,2216.062580,2,5231478
87934876,2026-07-24T23:03:22.2601313,1107.956775,1071.634747,2215.913549,2,5566196
87941487,2026-07-24T23:47:22.0517729,1107.944082,1103.974042,2215.888164,2,4396410
87749769,2026-07-24T00:21:55.3041554,1107.917098,1090.260964,2215.834197,2,4030954
87865218,2026-07-24T15:02:56.2088004,1107.901036,1091.088497,2215.802073,2,5150268
87832694,2026-07-24T10:54:25.7109831,1107.858747,1093.076498,2215.717493,2,4676533
87898785,2026-07-24T19:15:18.1652471,1107.831505,1051.917574,2215.663009,2,5973016
87916351,2026-07-24T21:11:24.8019726,1107.806888,1103.820870,2215.613776,2,3710951
87751951,2026-07-24T00:37:55.3345892,1107.779717,1077.522676,2215.559433,2,4490656
87751393,2026-07-24T00:33:55.5667697,1107.779717,1081.177199,2215.559433,2,4003503
87817420,2026-07-24T08:58:25.9154415,1107.776502,1101.304733,2215.553004,2,4997198
87928607,2026-07-24T22:23:19.3828710,1107.764177,1101.550693,2215.528354,2,6426329
87834730,2026-07-24T11:10:25.7653014,1107.757599,1096.200916,2215.515198,2,3673409
87783359,2026-07-24T04:37:55.8829088,1107.756892,1050.554694,2215.513783,2,5959176
87940355,2026-07-24T23:39:22.5243890,1107.696203,1093.317005,2215.392405,2,3560341
87907395,2026-07-24T20:15:18.0317106,1107.687184,1050.449147,2215.374368,2,5061598
87939126,2026-07-24T23:31:23.3123652,1107.651231,1080.127265,2215.302462,2,4207040
87753997,2026-07-24T00:53:55.2442744,1107.626444,1099.809582,2215.252888,2,3835243
87914197,2026-07-24T20:59:21.2113242,1107.602914,1106.764270,2215.205828,2,6946266
87762509,2026-07-24T01:57:55.5391668,1107.595171,1101.455227,2215.190342,2,5273496
87937223,2026-07-24T23:19:24.8378207,1107.573749,1107.123653,2215.147497,2,4981218
87909345,2026-07-24T20:27:20.2930418,1107.569651,1087.630692,2215.139303,2,2213913
87820556,2026-07-24T09:22:25.3411771,1107.522689,1083.525904,2215.045377,2,4347544
87936711,2026-07-24T23:15:20.8840372,1107.481237,1090.928363,2214.962473,2,8740052
87819520,2026-07-24T09:14:25.4095416,1107.466212,1101.345336,2214.932423,2,3580073
87782301,2026-07-24T04:29:55.9124243,1107.446523,1076.897922,2214.893047,2,8317131
87811649,2026-07-24T08:13:55.6808181,1107.397528,1081.176389,2214.795057,2,3922471
87809041,2026-07-24T07:53:55.4074330,1107.387831,1093.427289,2214.775661,2,620979
87775477,2026-07-24T03:37:55.4973182,1107.369661,1095.551206,2214.739323,2,4599672
87755634,2026-07-24T01:05:57.5102777,1107.369127,1103.789909,2214.738254,2,7365775
87827392,2026-07-24T10:14:25.4606641,1107.362155,1079.446428,2214.724310,2,4667361
87852603,2026-07-24T13:27:01.9886093,1107.324073,1091.295774,2214.648145,2,4497447
87939137,2026-07-24T23:31:23.3296954,1107.321720,1089.188114,2214.643439,2,6845695
87773938,2026-07-24T03:25:58.3025032,1107.306171,1103.113497,2214.612342,2,5983911
87871583,2026-07-24T15:51:01.8558274,1107.299322,1103.452901,2214.598644,2,6653905
87936097,2026-07-24T23:11:21.2418299,1107.267404,1073.645166,2214.534807,2,5029654
87940947,2026-07-24T23:43:21.8735338,1107.263045,1063.033068,2214.526091,2,3507072
87857798,2026-07-24T14:06:57.3803514,1107.262228,1095.671306,2214.524457,2,5870515
87812278,2026-07-24T08:17:57.3402312,1107.254140,1093.415860,2214.508280,2,3987510
87868902,2026-07-24T15:30:56.1046163,1107.251943,1094.454504,2214.503886,2,6543836
87753383,2026-07-24T00:49:54.8868697,1107.248845,1088.412988,2214.497690,2,6150611
87928594,2026-07-24T22:23:19.3378252,1107.239149,1067.627364,2214.478298,2,4076804
87895381,2026-07-24T18:51:17.9978179,1107.203746,1092.791892,2214.407492,2,3241359
87759789,2026-07-24T01:38:01.2724300,1107.200782,1079.574467,2214.401564,2,4377764
87818463,2026-07-24T09:06:27.5941262,1107.197033,1096.349873,2214.394066,2,3122109
87839941,2026-07-24T11:50:26.1294190,1107.167558,1098.758303,2214.335116,2,4048043
87826311,2026-07-24T10:06:31.3545347,1107.108846,1097.664647,2214.217692,2,5743088
87788470,2026-07-24T05:17:55.7719649,1107.096972,1098.811308,2214.193945,2,5797548
87770189,2026-07-24T02:58:15.8774142,1107.094747,1070.347073,2214.189493,2,4347809
87809551,2026-07-24T07:57:56.0428181,1107.092683,1072.649308,2214.185366,2,6498327
87843098,2026-07-24T12:14:56.2026693,1107.089973,1103.026668,2214.179945,2,5183761
87925554,2026-07-24T22:03:18.9467324,1107.065740,1074.968353,2214.131479,2,4807153
87924246,2026-07-24T21:55:19.6308326,1107.054971,1047.269890,2214.109943,2,2103513
87796969,2026-07-24T06:21:53.9189708,1107.037411,1100.972791,2214.074822,2,4012111
87922224,2026-07-24T21:43:19.5538394,1106.997710,1079.877598,2213.995419,2,602372
87943125,2026-07-24T23:59:22.8566457,1106.989374,1082.337393,2213.978748,2,3921761
87760888,2026-07-24T01:45:59.5939847,1106.983100,1091.988878,2213.966201,2,6907962
87748696,2026-07-24T00:13:25.5545224,1106.972283,1087.599383,2213.944566,2,4411067
87776577,2026-07-24T03:45:58.4493950,1106.959684,1106.648627,2213.919369,2,4867093
87826900,2026-07-24T10:10:27.5895631,1106.947065,1090.696565,2213.894129,2,6244785
87797029,2026-07-24T06:21:54.1099910,1106.922673,1084.907923,2213.845346,2,2948810
87785994,2026-07-24T04:57:56.5973182,1106.917788,1067.857679,2213.835577,2,5184654
87917092,2026-07-24T21:15:19.7357434,1106.909602,1086.801918,2213.819205,2,6064545
87785997,2026-07-24T04:57:56.6087863,1106.883204,1062.984323,2213.766407,2,5778253
87758751,2026-07-24T01:29:55.3977861,1106.865915,1075.434111,2213.731829,2,5048415
87837340,2026-07-24T11:30:26.2387629,1106.837776,1103.320509,2213.675551,2,6676748
87924265,2026-07-24T21:55:19.6643878,1106.789301,1082.603822,2213.578603,2,4689775
87760313,2026-07-24T01:41:55.6817245,1106.781650,1081.728358,2213.563300,2,2330285
87843639,2026-07-24T12:18:56.1970053,1106.752340,1098.271083,2213.504680,2,3651901
87831016,2026-07-24T10:42:25.5690534,1106.726897,1075.866225,2213.453794,2,4792460
87841531,2026-07-24T12:02:56.8626879,1106.725550,1057.863359,2213.451101,2,4981451
87926796,2026-07-24T22:11:19.1229173,1106.706301,1072.923901,2213.412602,2,6255866
87920782,2026-07-24T21:35:19.2470141,1106.674337,1073.011684,2213.348674,2,5639351
87808001,2026-07-24T07:45:58.0370717,1106.664539,1074.136401,2213.329077,2,6952972
87800247,2026-07-24T06:45:57.7491231,1106.663875,1098.935180,2213.327750,2,7220006
87747043,2026-07-24T00:01:25.1316714,1106.656151,1076.048968,2213.312302,2,3624349
87759102,2026-07-24T01:33:55.4771424,1106.648624,1103.276143,2213.297247,2,6405750
87920784,2026-07-24T21:35:19.2503140,1106.648096,1084.884017,2213.296191,2,5609063
87925594,2026-07-24T22:03:19.0171649,1106.623931,1068.656680,2213.247862,2,5275202
87787028,2026-07-24T05:06:01.9285279,1106.616770,1049.206673,2213.233540,2,3684469
87820053,2026-07-24T09:18:26.1195946,1106.592509,1093.946798,2213.185018,2,5484454
87767640,2026-07-24T02:37:55.5252531,1106.581745,1034.967103,2213.163490,2,5252784
87804413,2026-07-24T07:17:56.2124588,1106.547467,1090.671870,2213.094934,2,4683298
87917107,2026-07-24T21:15:19.7584332,1106.525109,1104.905666,2213.050218,2,5278093
87817447,2026-07-24T08:58:25.9720673,1106.523829,1103.548007,2213.047659,2,5665742
87785479,2026-07-24T04:53:55.5060184,1106.509162,1063.549210,2213.018323,2,2701455
87755073,2026-07-24T01:01:55.8662544,1106.455625,1097.309646,2212.911250,2,3938397
87910560,2026-07-24T20:35:19.9965547,1106.443924,1067.587678,2212.887848,2,4554578
87830503,2026-07-24T10:38:26.5404374,1106.428645,1078.905613,2212.857290,2,4113135
87837920,2026-07-24T11:34:26.2157488,1106.410005,1101.358233,2212.820010,2,4172315
87795005,2026-07-24T06:05:57.8977060,1106.398637,1082.800253,2212.797274,2,5599739
87778661,2026-07-24T04:01:55.6492329,1106.356609,1100.638990,2212.713218,2,7233289
87751363,2026-07-24T00:33:55.5233662,1106.341946,1077.180655,2212.683891,2,5470378
87861810,2026-07-24T14:39:01.4817860,1106.341808,1060.842862,2212.683616,2,4087700
87751364,2026-07-24T00:33:55.5246840,1106.336676,1080.869115,2212.673352,2,5551505
87838904,2026-07-24T11:42:26.0037817,1106.335504,1099.945983,2212.671009,2,5761837
87782823,2026-07-24T04:33:55.3295120,1106.318144,1047.566278,2212.636288,2,5423101
87756671,2026-07-24T01:13:55.1149617,1106.317251,1085.735363,2212.634502,2,4423653
87756110,2026-07-24T01:09:55.5845406,1106.304335,1102.570399,2212.608669,2,3059470
87920792,2026-07-24T21:35:19.2668629,1106.277616,1096.935014,2212.555232,2,5048478
87775986,2026-07-24T03:41:55.5562670,1106.218391,1058.799049,2212.436782,2,5630036
87818982,2026-07-24T09:10:25.5351874,1106.211370,1077.784110,2212.422740,2,5167943
87747613,2026-07-24T00:05:29.6098333,1106.210503,1084.289923,2212.421007,2,5550129
87898226,2026-07-24T19:11:19.0149582,1106.187467,1096.555858,2212.374933,2,8954377
87809046,2026-07-24T07:53:55.4150748,1106.133793,1087.667482,2212.267587,2,7147976
87810618,2026-07-24T08:05:57.6849521,1106.106128,1089.252282,2212.212256,2,3818587
87782311,2026-07-24T04:29:55.9247948,1106.063345,1079.130754,2212.126691,2,3244125
87937338,2026-07-24T23:19:25.0483745,1106.032813,1101.983981,2212.065627,2,4879832
87777567,2026-07-24T03:53:55.0829802,1106.030676,1062.046136,2212.061353,2,4910396
87816378,2026-07-24T08:50:33.4448311,1106.002962,1083.426744,2212.005923,2,5385860
87932231,2026-07-24T22:47:21.8137442,1105.987003,1052.570894,2211.974005,2,3191176
87806984,2026-07-24T07:37:55.6734382,1105.976477,1088.289347,2211.952953,2,4723020
87918639,2026-07-24T21:23:19.6620885,1105.897080,1072.593041,2211.794159,2,3324142
87933651,2026-07-24T22:55:21.6452359,1105.888208,1061.645304,2211.776417,2,6766742
87810599,2026-07-24T08:05:57.6558906,1105.858032,1075.907055,2211.716064,2,4754927
87753472,2026-07-24T00:49:55.0238326,1105.826528,1100.934983,2211.653057,2,7321232
87905153,2026-07-24T19:59:20.0386242,1105.823821,1085.867929,2211.647642,2,4101766
87906325,2026-07-24T20:07:18.3468491,1105.806360,1105.716307,2211.612720,2,8843368
87760405,2026-07-24T01:41:56.1643269,1105.798652,1101.086926,2211.597305,2,6485760
87932942,2026-07-24T22:51:21.8567394,1105.770540,1084.041775,2211.541080,2,5666632
87930411,2026-07-24T22:35:21.2217494,1105.760999,1056.577707,2211.521999,2,1366523
87762405,2026-07-24T01:57:55.3625947,1105.740043,1079.762057,2211.480086,2,3823011
87917808,2026-07-24T21:19:21.2733431,1105.732152,1089.330658,2211.464304,2,4555293
87773368,2026-07-24T03:21:55.6098888,1105.727348,1094.256527,2211.454697,2,2916145
87777560,2026-07-24T03:53:55.0669884,1105.725081,1096.292479,2211.450162,2,3626314
87757639,2026-07-24T01:21:55.0304238,1105.718198,1099.412029,2211.436395,2,7981346
87847290,2026-07-24T12:46:58.1255932,1105.693736,1103.738858,2211.387473,2,5393565
87762495,2026-07-24T01:57:55.5242147,1105.678029,1093.761192,2211.356059,2,5361883
87897652,2026-07-24T19:07:19.9701179,1105.673228,1054.267179,2211.346455,2,4381386
87782350,2026-07-24T04:29:55.9803801,1105.669598,1086.239132,2211.339196,2,4731257
87779236,2026-07-24T04:05:57.0485093,1105.646763,1094.937052,2211.293526,2,4037159
87768793,2026-07-24T02:45:56.8055671,1105.643783,1100.986302,2211.287565,2,6439163
87754017,2026-07-24T00:53:55.2675792,1105.627982,1095.507692,2211.255963,2,5654761
87793246,2026-07-24T05:53:55.5453244,1105.623165,1088.248040,2211.246330,2,6036922
87906319,2026-07-24T20:07:18.3269301,1105.622793,1073.308969,2211.245587,2,4641324
87858730,2026-07-24T14:14:55.6859932,1105.574073,1080.730190,2211.148146,2,4598774
87755054,2026-07-24T01:01:55.8227599,1105.540868,1089.207877,2211.081736,2,3197780
87753992,2026-07-24T00:53:55.2375979,1105.533138,1105.487462,2211.066277,2,4815229
87827346,2026-07-24T10:14:25.3801119,1105.527976,1069.444913,2211.055953,2,7067419
87762490,2026-07-24T01:57:55.5068093,1105.523347,1095.359324,2211.046694,2,3610475
87921495,2026-07-24T21:39:22.9322407,1105.518725,1081.653381,2211.037450,2,4799281
87790258,2026-07-24T05:29:56.0238402,1105.505005,1062.099586,2211.010010,2,4028298
87917851,2026-07-24T21:19:21.3594398,1105.486563,1071.080161,2210.973125,2,2696510
87756714,2026-07-24T01:13:55.2375095,1105.433688,1101.556694,2210.867375,2,5709017
87927415,2026-07-24T22:15:19.3459900,1105.428353,1097.741044,2210.856705,2,5577975
87758258,2026-07-24T01:25:58.0789687,1105.424437,1098.940689,2210.848874,2,5436929
87793940,2026-07-24T05:57:55.8578347,1105.411724,1082.049320,2210.823449,2,2799041
87826826,2026-07-24T10:10:27.4799924,1105.370204,1074.086075,2210.740408,2,4381380
87771267,2026-07-24T03:05:57.2448230,1105.354453,1076.131238,2210.708905,2,4814970
87826292,2026-07-24T10:06:31.3231148,1105.348378,1077.665275,2210.696756,2,4712579
87789100,2026-07-24T05:21:55.6341845,1105.341751,1072.681356,2210.683503,2,2564131
87820065,2026-07-24T09:18:26.1496589,1105.306700,1096.890486,2210.613400,2,3685605
87920785,2026-07-24T21:35:19.2526818,1105.269877,1075.655860,2210.539754,2,4563777
87811659,2026-07-24T08:13:55.6997642,1105.243790,1092.752601,2210.487581,2,4655184
87762926,2026-07-24T02:01:55.7386321,1105.223122,1071.181166,2210.446244,2,1523658
87835751,2026-07-24T11:18:25.9017330,1105.204801,1072.341267,2210.409602,2,6314277
87816379,2026-07-24T08:50:33.4470336,1105.191853,1079.481647,2210.383706,2,2468248
87781260,2026-07-24T04:21:55.0630273,1105.172443,1049.936465,2210.344886,2,7634031
87809040,2026-07-24T07:53:55.4074330,1105.134416,1074.385712,2210.268831,2,4300627
87822715,2026-07-24T09:38:28.1284400,1105.097194,1080.975685,2210.194388,2,4954420
87849370,2026-07-24T13:02:55.5517885,1105.066636,1030.862548,2210.133272,2,3723189
87936692,2026-07-24T23:15:20.8535413,1105.056149,1091.213339,2210.112298,2,6465737
87930432,2026-07-24T22:35:21.3107823,1104.999224,1073.104635,2209.998448,2,3970106
87842568,2026-07-24T12:10:55.8653632,1104.985183,1090.528406,2209.970367,2,3952035
87813537,2026-07-24T08:30:25.2197765,1104.971359,1067.080375,2209.942717,2,4437171
87905141,2026-07-24T19:59:20.0371503,1104.960912,1038.803888,2209.921823,2,7463421
87912332,2026-07-24T20:47:19.6121845,1104.944913,1083.074512,2209.889827,2,5443135
87935510,2026-07-24T23:07:25.1611074,1104.936795,1072.939162,2209.873590,2,3453183
87938545,2026-07-24T23:27:22.2580018,1104.934246,1095.271899,2209.868492,2,5855897
87792277,2026-07-24T05:45:58.3966937,1104.931346,1056.172091,2209.862693,2,5091195
87756526,2026-07-24T01:13:55.1030271,1104.919021,1051.209833,2209.838043,2,4292131
87904573,2026-07-24T19:55:19.8040405,1104.918557,1083.547845,2209.837115,2,5376957
87904594,2026-07-24T19:55:19.8523333,1104.918557,1088.765043,2209.837115,2,5871634
87773398,2026-07-24T03:21:55.6502704,1104.900426,1104.170540,2209.800853,2,3066238
87761412,2026-07-24T01:49:56.5383503,1104.878302,1086.529133,2209.756604,2,2855119
87761946,2026-07-24T01:53:55.6520342,1104.871390,1100.634992,2209.742780,2,4914648
87754958,2026-07-24T01:01:55.6009844,1104.834232,1058.148125,2209.668464,2,3328181
87822678,2026-07-24T09:38:28.0804097,1104.831679,1091.504302,2209.663358,2,6269451
87922928,2026-07-24T21:47:19.2796554,1104.820793,1088.427804,2209.641587,2,4388019
87801836,2026-07-24T06:57:57.5837665,1104.819318,1101.774842,2209.638635,2,2854884
87802783,2026-07-24T07:05:58.0619096,1104.778045,1078.019463,2209.556091,2,4291219
87849925,2026-07-24T13:07:02.5300827,1104.710319,1098.683932,2209.420637,2,7550284
87818990,2026-07-24T09:10:25.5555423,1104.705586,1097.510516,2209.411171,2,2697473
87817416,2026-07-24T08:58:25.9067276,1104.675761,1077.665583,2209.351522,2,4642110
87751377,2026-07-24T00:33:55.5391823,1104.643933,1101.794303,2209.287867,2,4149278
87902257,2026-07-24T19:39:21.4552228,1104.623946,1103.945223,2209.247893,2,5530877
87748157,2026-07-24T00:09:25.3727013,1104.573468,1044.768869,2209.146936,2,5534377
87776011,2026-07-24T03:41:55.5807023,1104.515280,1086.510988,2209.030560,2,4410491
87850964,2026-07-24T13:14:55.8788354,1104.492937,1091.456688,2208.985875,2,4512929
87822125,2026-07-24T09:34:25.3845822,1104.467591,1078.328137,2208.935183,2,4812195
87905180,2026-07-24T19:59:20.0966862,1104.461442,1077.787377,2208.922884,2,4669468
87826945,2026-07-24T10:10:27.6601482,1104.390419,1076.662222,2208.780837,2,3261466
87929208,2026-07-24T22:27:20.9260622,1104.389956,1083.568925,2208.779912,2,3571228
87753998,2026-07-24T00:53:55.2457109,1104.385641,1071.193592,2208.771282,2,5163701
87761938,2026-07-24T01:53:55.6428294,1104.353595,1097.320250,2208.707189,2,4580570
87923622,2026-07-24T21:51:19.6190961,1104.348230,1099.211558,2208.696461,2,6333007
87828942,2026-07-24T10:26:26.3982946,1104.338403,1068.338560,2208.676805,2,4957020
87749260,2026-07-24T00:17:25.4187087,1104.314294,1087.670013,2208.628587,2,5353119
87750829,2026-07-24T00:29:55.0362317,1104.215059,1090.582775,2208.430118,2,6193250
87814283,2026-07-24T08:34:25.4550059,1104.191687,1085.575918,2208.383374,2,7117655
87930972,2026-07-24T22:39:22.4420531,1104.190342,1059.469919,2208.380684,2,5437949
87910579,2026-07-24T20:35:20.0335824,1104.185896,1085.812530,2208.371792,2,5489227
87916374,2026-07-24T21:11:24.8518681,1104.179542,1097.980600,2208.359083,2,5761167
87827422,2026-07-24T10:14:25.5131778,1104.157455,1091.025237,2208.314910,2,5045132
87754526,2026-07-24T00:57:54.9808016,1104.152873,1088.440305,2208.305746,2,4723364
87747622,2026-07-24T00:05:29.6330882,1104.146075,1059.779673,2208.292151,2,5699581
87933629,2026-07-24T22:55:21.5915235,1104.101615,1078.421167,2208.203229,2,5238425
87755051,2026-07-24T01:01:55.7848275,1104.097129,1055.051216,2208.194257,2,5498078
87930987,2026-07-24T22:39:22.4601196,1104.082450,1091.472959,2208.164900,2,3716398
87760899,2026-07-24T01:45:59.6131666,1104.023022,1096.160082,2208.046043,2,4961276
87753993,2026-07-24T00:53:55.2429421,1104.017121,1098.464174,2208.034243,2,3946648
87837316,2026-07-24T11:30:26.1997457,1104.002357,1059.935048,2208.004713,2,4777251
87914900,2026-07-24T21:03:19.1967848,1103.978313,1079.135878,2207.956626,2,5440132
87747627,2026-07-24T00:05:29.6355065,1103.975111,1099.611966,2207.950221,2,4491912
87913541,2026-07-24T20:55:19.2989251,1103.947693,1090.490474,2207.895387,2,3618610
87911153,2026-07-24T20:39:24.4115235,1103.938853,1097.996174,2207.877705,2,4209123
87776547,2026-07-24T03:45:58.3937783,1103.938141,1088.492726,2207.876283,2,4577204
87770543,2026-07-24T03:02:09.2039604,1103.933205,1055.241446,2207.866410,2,5012455
87926221,2026-07-24T22:07:19.4396541,1103.903623,1063.504856,2207.807246,2,5945871
87772327,2026-07-24T03:13:55.3736683,1103.899548,1089.207956,2207.799095,2,4900121
87775565,2026-07-24T03:37:55.6337633,1103.862943,1093.591966,2207.725885,2,6409381
87748178,2026-07-24T00:09:25.4055162,1103.686142,1093.904031,2207.372285,2,3875742
87814286,2026-07-24T08:34:25.4581214,1103.677531,1093.762040,2207.355061,2,6683929
87766168,2026-07-24T02:25:56.6611794,1103.643827,1090.737689,2207.287655,2,6310923
87783166,2026-07-24T04:37:55.5612567,1103.632732,1091.101537,2207.265464,2,5922144
87772329,2026-07-24T03:13:55.3811613,1103.629890,1091.136761,2207.259780,2,3812011
87761396,2026-07-24T01:49:56.5177367,1103.622642,1100.126104,2207.245285,2,4422150
87930403,2026-07-24T22:35:21.2125482,1103.517341,1059.322741,2207.034682,2,3600005
87759328,2026-07-24T01:33:55.8638695,1103.512829,1101.558421,2207.025658,2,4188134
87847800,2026-07-24T12:50:56.3383791,1103.512134,1102.396504,2207.024269,2,3995043
87765138,2026-07-24T02:17:57.4702015,1103.486189,1087.868601,2206.972378,2,6007917
87824698,2026-07-24T09:54:32.4307631,1103.422664,1091.935074,2206.845328,2,5859499
87866770,2026-07-24T15:14:56.5763297,1103.422137,1086.564893,2206.844274,2,3411933
87773988,2026-07-24T03:25:58.3603603,1103.397932,1101.828235,2206.795864,2,3919822
87748189,2026-07-24T00:09:25.4296576,1103.366048,1094.661525,2206.732096,2,4540306
87752978,2026-07-24T00:46:03.3122800,1103.360934,1100.925776,2206.721869,2,6029702
87867110,2026-07-24T15:18:56.3079913,1103.339994,1097.818064,2206.679988,2,6291673
87899355,2026-07-24T19:19:24.4146403,1103.332290,1049.568751,2206.664580,2,7087624
87835211,2026-07-24T11:14:25.9533950,1103.317861,1053.561640,2206.635721,2,4752852
87809083,2026-07-24T07:53:55.4751984,1103.271022,1098.247496,2206.542045,2,4611129
87752012,2026-07-24T00:37:55.4481135,1103.248821,1070.137139,2206.497642,2,7384437
87924945,2026-07-24T21:59:20.8331995,1103.243273,1090.980071,2206.486547,2,4333855
87829459,2026-07-24T10:30:25.6223572,1103.233672,1062.782882,2206.467344,2,6627289
87790476,2026-07-24T05:33:55.1148814,1103.208350,1061.464022,2206.416701,2,5924398
87838888,2026-07-24T11:42:25.9757556,1103.200529,1076.709508,2206.401057,2,4766999
87913535,2026-07-24T20:55:19.2838757,1103.190840,1073.796879,2206.381680,2,6412028
87897668,2026-07-24T19:07:20.0070285,1103.157297,1087.161763,2206.314595,2,6000968
87916348,2026-07-24T21:11:24.7936778,1103.127447,1084.212693,2206.254893,2,5025022
87789137,2026-07-24T05:21:55.6913176,1103.122004,1045.724262,2206.244008,2,5566350
87811737,2026-07-24T08:13:55.8424087,1103.119207,1099.997668,2206.238413,2,3607650
87889871,2026-07-24T18:11:19.8067290,1103.095499,1083.496137,2206.190997,2,5091170
87790714,2026-07-24T05:33:55.4791872,1103.077823,1051.039833,2206.155647,2,4514454
87802250,2026-07-24T07:01:56.0987490,1103.061265,1081.391367,2206.122530,2,3885054
87757704,2026-07-24T01:21:55.1256872,1103.023552,1084.431597,2206.047104,2,5599266
87772884,2026-07-24T03:17:55.7397528,1102.983541,1096.025035,2205.967083,2,3316621
87911160,2026-07-24T20:39:24.4373550,1102.921988,1099.984421,2205.843975,2,5980150
87916359,2026-07-24T21:11:24.8134339,1102.915505,1089.834472,2205.831010,2,5116792
87847801,2026-07-24T12:50:56.3367328,1102.913143,1096.514535,2205.826287,2,5905654
87818447,2026-07-24T09:06:27.5659947,1102.905451,1054.844535,2205.810901,2,4108436
87751902,2026-07-24T00:37:55.2590745,1102.862660,1092.987101,2205.725319,2,5155201
87752956,2026-07-24T00:46:03.2797760,1102.818272,1092.013535,2205.636545,2,5929113
87939708,2026-07-24T23:35:21.3428628,1102.813283,1076.397096,2205.626567,2,5154161
87912939,2026-07-24T20:51:19.5809466,1102.802847,1079.927976,2205.605695,2,5627760
87828410,2026-07-24T10:22:25.4307771,1102.789193,1087.142181,2205.578386,2,5719832
87808618,2026-07-24T07:49:55.5677998,1102.750929,1102.461590,2205.501858,2,5777914
87765570,2026-07-24T02:21:55.4027695,1102.747268,1063.050509,2205.494536,2,6215425
87825235,2026-07-24T09:58:32.7966913,1102.740163,1084.674395,2205.480325,2,5309968
87847271,2026-07-24T12:46:58.0920916,1102.719921,1067.993086,2205.439841,2,4097050
87839936,2026-07-24T11:50:26.1256088,1102.680171,1076.651878,2205.360343,2,4217833
87894819,2026-07-24T18:47:18.1706908,1102.678435,1096.643212,2205.356871,2,5965694
87766344,2026-07-24T02:29:55.3969120,1102.630356,1079.375899,2205.260711,2,7197308
87849923,2026-07-24T13:07:02.5159812,1102.617260,1092.285343,2205.234521,2,4781938
87932966,2026-07-24T22:51:21.9003082,1102.617067,1085.635652,2205.234135,2,4990173
87795439,2026-07-24T06:09:53.9650280,1102.614859,1047.594494,2205.229718,2,5041010
87924296,2026-07-24T21:55:19.7245305,1102.609819,1090.046082,2205.219638,2,3799542
87901656,2026-07-24T19:35:19.2190338,1102.573423,1067.275521,2205.146846,2,5437134
87936106,2026-07-24T23:11:21.2582149,1102.560788,1068.731839,2205.121575,2,4888058
87783202,2026-07-24T04:37:55.6176258,1102.552048,1077.319743,2205.104096,2,4926114
87932291,2026-07-24T22:47:21.9220416,1102.545451,1061.780919,2205.090902,2,3496809
87924287,2026-07-24T21:55:19.7064419,1102.513320,1092.571104,2205.026639,2,5952524
87777036,2026-07-24T03:49:55.3026901,1102.447892,1053.548241,2204.895784,2,5418437
87898654,2026-07-24T19:15:17.9217848,1102.438521,1083.586804,2204.877043,2,3278255
87932934,2026-07-24T22:51:21.8488003,1102.424968,1065.349450,2204.849935,2,4889170
87774424,2026-07-24T03:29:55.3967696,1102.424140,1056.715055,2204.848281,2,4754631
87913540,2026-07-24T20:55:19.2917612,1102.386232,1072.857507,2204.772463,2,5221283
87845720,2026-07-24T12:34:57.5486225,1102.371422,1078.840876,2204.742844,2,5080832
87914210,2026-07-24T20:59:21.2218570,1102.355948,1094.038104,2204.711895,2,6663117
87920114,2026-07-24T21:31:19.4430896,1102.355314,1093.250893,2204.710629,2,3799902
87846772,2026-07-24T12:42:58.2461145,1102.348323,1073.092372,2204.696646,2,4475707
87748197,2026-07-24T00:09:25.4306521,1102.336625,1081.335558,2204.673250,2,3690131
87875540,2026-07-24T16:27:21.8057472,1102.313881,1069.304954,2204.627762,2,2835043
87750388,2026-07-24T00:26:01.7027979,1102.310291,1093.691543,2204.620581,2,3823654
87938544,2026-07-24T23:27:22.2629187,1102.257678,1080.825959,2204.515356,2,2808778
87815866,2026-07-24T08:46:26.8923423,1102.253027,1092.231053,2204.506054,2,6155400
87868905,2026-07-24T15:30:56.1093185,1102.237914,1084.667257,2204.475829,2,1731144
87813286,2026-07-24T08:26:27.1549156,1102.230085,1100.302136,2204.460170,2,3667798
87841523,2026-07-24T12:02:56.8316011,1102.224178,1088.078262,2204.448356,2,4838992
87764600,2026-07-24T02:13:56.1053177,1102.221058,1095.211373,2204.442116,2,3529403
87788684,2026-07-24T05:17:56.1817790,1102.216064,1080.956713,2204.432127,2,6356303
87929813,2026-07-24T22:31:22.4913712,1102.169358,1073.464995,2204.338715,2,5043290
87897523,2026-07-24T19:07:19.6773328,1102.154254,1062.846057,2204.308509,2,5439480
87756656,2026-07-24T01:13:55.2723394,1102.103559,1094.069153,2204.207119,2,5821442
87841577,2026-07-24T12:02:56.7903125,1102.087308,1090.677860,2204.174616,2,2803503
87796496,2026-07-24T06:17:55.3227901,1102.077039,1057.986840,2204.154079,2,5194282
87825760,2026-07-24T10:02:27.8302317,1102.073231,1076.923004,2204.146461,2,3741487
87854113,2026-07-24T13:38:55.8087876,1102.068945,1074.587819,2204.137891,2,4874503
87870473,2026-07-24T15:42:56.0862596,1102.061536,1087.056823,2204.123072,2,3930810
87900517,2026-07-24T19:27:19.7977261,1102.017149,1099.368922,2204.034298,2,3981763
87865699,2026-07-24T15:06:58.1907581,1102.011345,1072.656791,2204.022689,2,3640720
87846774,2026-07-24T12:42:58.2500418,1102.005929,1100.941388,2204.011858,2,3733466
87827352,2026-07-24T10:14:25.3904098,1101.984921,1063.898972,2203.969841,2,5575096
87862520,2026-07-24T14:42:58.5775105,1101.983679,1084.685774,2203.967357,2,4082214
87806994,2026-07-24T07:37:55.6931116,1101.948166,1082.529906,2203.896332,2,6144734
87912356,2026-07-24T20:47:19.6745370,1101.923635,1071.605819,2203.847269,2,4711896
87850443,2026-07-24T13:10:55.8542673,1101.921274,1088.900230,2203.842547,2,3265112
87852016,2026-07-24T13:22:57.8821440,1101.916497,1100.959085,2203.832994,2,5714235
87771253,2026-07-24T03:05:57.2207756,1101.898743,1058.225877,2203.797485,2,6292746
87756196,2026-07-24T01:09:55.7151584,1101.895475,1092.973973,2203.790950,2,4476484
87757728,2026-07-24T01:21:55.1517882,1101.889971,1093.602641,2203.779942,2,4819137
87940898,2026-07-24T23:43:21.7842487,1101.883948,1051.026886,2203.767896,2,4731874
87806495,2026-07-24T07:33:58.5987360,1101.881058,1086.392516,2203.762116,2,5959928
87920121,2026-07-24T21:31:19.4572709,1101.825899,1084.768482,2203.651797,2,1729670
87942039,2026-07-24T23:51:21.2437599,1101.813889,1090.909374,2203.627778,2,5054208
87934891,2026-07-24T23:03:22.2899851,1101.779067,1071.738697,2203.558134,2,4245672
87747628,2026-07-24T00:05:29.6350902,1101.768055,1086.515497,2203.536110,2,5140753
87941481,2026-07-24T23:47:22.0360468,1101.750953,1071.540112,2203.501906,2,3534509
87812160,2026-07-24T08:17:57.1295447,1101.750194,1096.115269,2203.500388,2,4794244
87827870,2026-07-24T10:18:25.1753041,1101.735479,1069.223825,2203.470957,2,6142221
87860426,2026-07-24T14:26:56.6951715,1101.731536,1075.607898,2203.463071,2,4921052
87942029,2026-07-24T23:51:21.2402412,1101.669514,1072.350838,2203.339029,2,7110269
87941482,2026-07-24T23:47:22.0326033,1101.667427,1066.643391,2203.334853,2,4968716
87910561,2026-07-24T20:35:19.9961105,1101.649984,1088.565947,2203.299968,2,5021118
87752412,2026-07-24T00:41:57.2723604,1101.633883,1055.965547,2203.267767,2,7013311
87807504,2026-07-24T07:41:55.4999636,1101.608116,1080.230712,2203.216232,2,3763191
87823174,2026-07-24T09:42:25.4060268,1101.585708,1091.148293,2203.171417,2,3905145
87852012,2026-07-24T13:22:57.8812234,1101.577079,1081.839940,2203.154157,2,4444156
87809035,2026-07-24T07:53:55.3965811,1101.539236,1059.820760,2203.078473,2,5194434
87813883,2026-07-24T08:30:25.8676103,1101.504690,1101.320143,2203.009379,2,4950898
87747034,2026-07-24T00:01:25.1239034,1101.457969,1058.938250,2202.915938,2,2585416
87849402,2026-07-24T13:02:55.6061306,1101.448313,1093.088149,2202.896627,2,3451422
87842580,2026-07-24T12:10:55.8970975,1101.445430,1098.240087,2202.890859,2,5118500
87753468,2026-07-24T00:49:55.0189537,1101.406072,1062.874519,2202.812145,2,5468454
87805506,2026-07-24T07:26:00.9464332,1101.385329,1086.526732,2202.770658,2,7333334
87940915,2026-07-24T23:43:21.8153807,1101.384292,1091.550877,2202.768585,2,4150726
87844724,2026-07-24T12:26:56.8346936,1101.332826,1095.207599,2202.665652,2,2628833
87777595,2026-07-24T03:53:55.1317933,1101.326158,1078.042047,2202.652316,2,3746857
87837334,2026-07-24T11:30:26.2284469,1101.325071,1081.815487,2202.650143,2,4110176
87770834,2026-07-24T03:02:09.6716655,1101.319532,1099.823341,2202.639065,2,5220289
87940922,2026-07-24T23:43:21.8272811,1101.303871,1096.212617,2202.607742,2,3156432
87748694,2026-07-24T00:13:25.5540958,1101.290592,1035.561227,2202.581183,2,5282954
87779692,2026-07-24T04:09:55.3207529,1101.264556,1080.543441,2202.529112,2,5095610
87908114,2026-07-24T20:19:20.1904220,1101.249212,1100.052721,2202.498423,2,5972619
87796871,2026-07-24T06:21:53.7759232,1101.234741,1084.285352,2202.469481,2,5851861
87835705,2026-07-24T11:18:25.8275937,1101.234729,1089.926127,2202.469457,2,8273633
87832600,2026-07-24T10:54:25.5627758,1101.187937,1090.893749,2202.375874,2,4502681
87814391,2026-07-24T08:34:25.6169101,1101.185942,1087.322332,2202.371884,2,3524431
87749251,2026-07-24T00:17:25.4067305,1101.161591,1098.611765,2202.323181,2,5423119
87819521,2026-07-24T09:14:25.4137757,1101.160283,1082.434524,2202.320567,2,5557858
87792576,2026-07-24T05:49:55.3608017,1101.130706,1063.987855,2202.261413,2,3328490
87894234,2026-07-24T18:43:18.0190960,1101.124798,1083.846492,2202.249597,2,6642109
87757205,2026-07-24T01:17:55.6050614,1101.117671,1097.923849,2202.235342,2,5234831
87826825,2026-07-24T10:10:27.4848270,1101.103289,1072.197864,2202.206578,2,5350586
87747226,2026-07-24T00:01:25.4269272,1101.095307,1046.346105,2202.190614,2,2960920
87747046,2026-07-24T00:01:25.1381816,1101.093889,1061.266344,2202.187779,2,5853891
87906322,2026-07-24T20:07:18.3329841,1101.065059,1069.125936,2202.130119,2,6342729
87801594,2026-07-24T06:57:57.1881686,1101.062587,1069.737345,2202.125174,2,5617898
87820148,2026-07-24T09:18:26.3060557,1101.051157,1095.055994,2202.102314,2,700752
87830501,2026-07-24T10:38:26.5425054,1101.036465,1063.451384,2202.072930,2,5265524
87932954,2026-07-24T22:51:21.8906485,1101.022560,1086.639412,2202.045119,2,4126545
87766609,2026-07-24T02:29:55.8195851,1101.018118,1068.748819,2202.036236,2,4109336
87849917,2026-07-24T13:07:02.5199024,1101.014923,1090.420868,2202.029846,2,4247207
87929197,2026-07-24T22:27:20.8987214,1100.995758,1057.502425,2201.991516,2,5284277
87767655,2026-07-24T02:37:55.5492288,1100.974737,1065.640899,2201.949474,2,2293684
87769735,2026-07-24T02:54:06.5193026,1100.959082,1044.829084,2201.918164,2,4199752
87914201,2026-07-24T20:59:21.2181687,1100.958003,1076.918953,2201.916006,2,5535867
87759788,2026-07-24T01:38:01.2612763,1100.826052,1059.761123,2201.652104,2,3422718
87795506,2026-07-24T06:09:54.0666957,1100.794222,1092.706019,2201.588444,2,5220472
87858295,2026-07-24T14:10:57.8771763,1100.777233,1063.807002,2201.554467,2,2685524
87921523,2026-07-24T21:39:22.9836806,1100.774063,1078.574228,2201.548126,2,3228872
87905618,2026-07-24T20:03:21.6509315,1100.755737,1055.554751,2201.511474,2,5496392
87771365,2026-07-24T03:05:57.4780559,1100.741271,1098.221834,2201.482543,2,5028351
87929815,2026-07-24T22:31:22.4843913,1100.739608,1057.290107,2201.479215,2,5206335
87930995,2026-07-24T22:39:22.4752748,1100.724316,1089.786225,2201.448632,2,5037218
87859889,2026-07-24T14:22:55.6516353,1100.723221,1062.848457,2201.446442,2,3929104
87860765,2026-07-24T14:30:55.5122484,1100.709435,1076.981688,2201.418870,2,3999600
87843477,2026-07-24T12:18:55.9122098,1100.687098,1090.497324,2201.374195,2,3056897
87926202,2026-07-24T22:07:19.4026878,1100.657867,1091.899860,2201.315733,2,5890857
87837327,2026-07-24T11:30:26.2159116,1100.625034,1070.620838,2201.250069,2,3743482
87903991,2026-07-24T19:51:18.5706052,1100.610555,1085.334464,2201.221109,2,2733037
87750405,2026-07-24T00:26:01.7084025,1100.576219,1071.182034,2201.152438,2,5940054
87894320,2026-07-24T18:43:18.1971037,1100.572716,1097.052159,2201.145432,2,5096364
87914205,2026-07-24T20:59:21.2187922,1100.550258,1088.755756,2201.100516,2,5239617
87920105,2026-07-24T21:31:19.4249769,1100.467253,1094.459886,2200.934506,2,2910890
87785823,2026-07-24T04:57:56.3189531,1100.435439,1093.892264,2200.870878,2,5000444
87848342,2026-07-24T12:54:55.9936163,1100.422924,1094.012693,2200.845847,2,5594755
87940920,2026-07-24T23:43:21.8085642,1100.410998,1092.338696,2200.821997,2,3033206
87800187,2026-07-24T06:45:57.6145770,1100.410123,1060.971086,2200.820247,2,4494685
87781780,2026-07-24T04:26:02.6146990,1100.402185,1061.864284,2200.804370,2,4561455
87821104,2026-07-24T09:26:27.2171841,1100.391471,1097.828029,2200.782942,2,4741680
87813757,2026-07-24T08:30:25.6246097,1100.387353,1094.783823,2200.774706,2,3747790
87749756,2026-07-24T00:21:55.2805150,1100.378745,1056.770438,2200.757490,2,2074585
87796011,2026-07-24T06:13:54.1596687,1100.362040,1067.162899,2200.724080,2,5134934
87892586,2026-07-24T18:31:19.1686397,1100.354318,1087.941178,2200.708635,2,5012569
87929834,2026-07-24T22:31:22.5232116,1100.342591,1075.841316,2200.685182,2,3120013
87942032,2026-07-24T23:51:21.2259104,1100.322082,1054.104882,2200.644164,2,6560259
87793416,2026-07-24T05:53:55.8468606,1100.253239,1075.602925,2200.506479,2,3807115
87839944,2026-07-24T11:50:26.1338591,1100.237716,1078.740305,2200.475431,2,2892134
87773363,2026-07-24T03:21:55.5969142,1100.233972,1070.389902,2200.467945,2,4405769
87796518,2026-07-24T06:17:55.3683382,1100.213334,1063.410490,2200.426667,2,4663429
87922924,2026-07-24T21:47:19.2652892,1100.205974,1080.846100,2200.411948,2,5020286
87779150,2026-07-24T04:05:56.8929326,1100.196169,1099.603871,2200.392339,2,4962823
87840993,2026-07-24T11:58:55.8907102,1100.163381,1091.088986,2200.326763,2,5106595
87760316,2026-07-24T01:41:55.6782203,1100.144590,1062.992857,2200.289180,2,4793835
87770792,2026-07-24T03:02:09.6181603,1100.140342,1084.994144,2200.280684,2,4051803
87895999,2026-07-24T18:55:18.0641079,1100.122370,1088.538697,2200.244741,2,3544610
87790203,2026-07-24T05:29:55.9045946,1100.112338,1042.594682,2200.224677,2,4680873
87766092,2026-07-24T02:25:56.4193861,1100.101096,1055.064327,2200.202192,2,5210992
87749762,2026-07-24T00:21:55.2895659,1100.072458,1064.617185,2200.144916,2,6023073
87762480,2026-07-24T01:57:55.4824599,1100.059483,1089.449422,2200.118967,2,5786342
87816908,2026-07-24T08:54:25.6612250,1100.033326,1088.980950,2200.066652,2,7292605
87824744,2026-07-24T09:54:32.4963325,1100.030540,1083.933353,2200.061079,2,5606564
87908728,2026-07-24T20:23:21.4620937,1100.023397,1076.518231,2200.046793,2,5153331
87899947,2026-07-24T19:23:20.8775268,1100.013032,1077.589110,2200.026064,2,5151290
87905760,2026-07-24T20:03:21.9061847,1100.007266,1094.045854,2200.014532,2,2704906
87838891,2026-07-24T11:42:25.9791703,1099.990098,1086.921342,2199.980197,2,7949756
87828405,2026-07-24T10:22:25.4230263,1099.969985,1073.769152,2199.939971,2,4723295
87928602,2026-07-24T22:23:19.3594015,1099.944547,1074.296067,2199.889095,2,6491512
87836264,2026-07-24T11:22:26.6406145,1099.932202,1044.467843,2199.864404,2,3271070
87942052,2026-07-24T23:51:21.3018035,1099.928734,1071.224317,2199.857468,2,3252812
87942596,2026-07-24T23:55:21.8606475,1099.872397,1086.574956,2199.744794,2,2887403
87911757,2026-07-24T20:43:19.8736129,1099.788810,1077.589363,2199.577619,2,4417249
87749768,2026-07-24T00:21:55.3038294,1099.788142,1092.999359,2199.576284,2,6584460
87799743,2026-07-24T06:41:57.7088745,1099.784282,1087.864878,2199.568565,2,1910267
87930971,2026-07-24T22:39:22.4450045,1099.774968,1056.786267,2199.549936,2,5528210
87929811,2026-07-24T22:31:22.4772740,1099.774890,1047.698494,2199.549781,2,2112581
87938542,2026-07-24T23:27:22.2574166,1099.771696,1081.947969,2199.543392,2,4834245
87755499,2026-07-24T01:05:57.2415801,1099.770147,1082.258416,2199.540293,2,6557901
87772834,2026-07-24T03:17:55.6493659,1099.754409,1063.707748,2199.508818,2,3674271
87913550,2026-07-24T20:55:19.3121760,1099.712821,1094.681695,2199.425641,2,2516911
87901098,2026-07-24T19:31:18.1157270,1099.678200,1091.923598,2199.356400,2,5921590
87832078,2026-07-24T10:50:25.7468244,1099.674655,1089.015696,2199.349310,2,6234099
87845191,2026-07-24T12:30:55.8342951,1099.656792,1081.928722,2199.313584,2,2795483
87747632,2026-07-24T00:05:29.6406183,1099.647174,1090.139273,2199.294349,2,3372565
87830510,2026-07-24T10:38:26.5554502,1099.634322,1084.697955,2199.268645,2,3495987
87809146,2026-07-24T07:53:55.5776038,1099.633744,1093.801486,2199.267489,2,5142725
87757199,2026-07-24T01:17:55.5851319,1099.623074,1085.053262,2199.246147,2,4070279
87812728,2026-07-24T08:21:55.4074606,1099.612912,1069.584912,2199.225824,2,1155632
87815348,2026-07-24T08:42:36.4438383,1099.611863,1088.213496,2199.223727,2,5406689
87825783,2026-07-24T10:02:27.8623985,1099.580497,1096.394460,2199.160993,2,6813064
87904023,2026-07-24T19:51:18.6209824,1099.545514,1074.628761,2199.091027,2,6168321
87907519,2026-07-24T20:15:18.2971182,1099.541460,1092.058718,2199.082919,2,4779606
87829458,2026-07-24T10:30:25.6207655,1099.541305,1056.899295,2199.082611,2,4402869
87828406,2026-07-24T10:22:25.4217885,1099.526853,1060.390611,2199.053707,2,3795002
87796434,2026-07-24T06:17:55.2175864,1099.493715,1092.475579,2198.987430,2,5448885
87816896,2026-07-24T08:54:25.6446933,1099.455129,1073.258205,2198.910258,2,6565114
87811662,2026-07-24T08:13:55.7082764,1099.450778,1087.107948,2198.901556,2,4779428
87834171,2026-07-24T11:06:27.1206247,1099.447679,1068.544155,2198.895358,2,5893121
87938534,2026-07-24T23:27:22.2480316,1099.438169,1065.040386,2198.876339,2,3389404
87758772,2026-07-24T01:29:55.4352772,1099.429422,1077.875101,2198.858843,2,4117569
87871549,2026-07-24T15:51:01.7767831,1099.392606,1073.896398,2198.785213,2,4568285
87922233,2026-07-24T21:43:19.5575637,1099.384531,1083.201922,2198.769062,2,5411428
87860961,2026-07-24T14:30:55.8475936,1099.363560,1071.968285,2198.727120,2,1948281
87862328,2026-07-24T14:42:58.1088307,1099.344511,1066.352605,2198.689022,2,5334683
87771264,2026-07-24T03:05:57.2367079,1099.339544,1045.425342,2198.679088,2,3505127
87748716,2026-07-24T00:13:25.5902316,1099.339066,1090.983660,2198.678133,2,6414960
87939164,2026-07-24T23:31:23.3833141,1099.327485,1047.652237,2198.654970,2,5101699
87832601,2026-07-24T10:54:25.5659365,1099.326612,1093.179299,2198.653224,2,3645148
87869777,2026-07-24T15:38:57.6678610,1099.305495,1082.293136,2198.610991,2,4204993
87820700,2026-07-24T09:22:25.5658031,1099.273376,1091.045439,2198.546752,2,4682846
87873536,2026-07-24T16:11:21.3064260,1099.268539,1075.906210,2198.537078,2,5917592
87906335,2026-07-24T20:07:18.3728244,1099.257003,1097.259894,2198.514006,2,1359122
87939139,2026-07-24T23:31:23.3221285,1099.254141,1071.099126,2198.508282,2,4836207
87758263,2026-07-24T01:25:58.2501827,1099.237242,1074.183763,2198.474483,2,4652041
87931019,2026-07-24T22:39:22.5290535,1099.217052,1069.564313,2198.434104,2,5191317
87939151,2026-07-24T23:31:23.3555094,1099.214884,1068.474018,2198.429768,2,6404930
87922229,2026-07-24T21:43:19.5607232,1099.202982,1067.527939,2198.405965,2,4597020
87795527,2026-07-24T06:09:54.1154169,1099.180051,1072.226163,2198.360102,2,3632059
87911737,2026-07-24T20:43:19.8262643,1099.137539,1077.361584,2198.275077,2,3753682
87842044,2026-07-24T12:07:02.1363993,1099.135385,1079.133949,2198.270770,2,4471792
87753994,2026-07-24T00:53:55.2412198,1099.129059,1092.419537,2198.258118,2,3898304
87867287,2026-07-24T15:18:56.7146419,1099.110452,1083.151663,2198.220904,2,5027314
87853069,2026-07-24T13:30:55.9784424,1099.098738,1071.119854,2198.197476,2,3097733
87767662,2026-07-24T02:37:55.5548251,1099.066470,1057.767402,2198.132940,2,5239462
87760844,2026-07-24T01:45:59.5156541,1099.063611,1069.030273,2198.127221,2,3753017
87789944,2026-07-24T05:29:55.4659678,1099.036467,1073.498830,2198.072934,2,6582182
87856736,2026-07-24T13:58:55.9955816,1099.021163,1097.878395,2198.042326,2,4183940
87752476,2026-07-24T00:41:57.3849859,1099.020526,1081.252616,2198.041051,2,4976082
87821090,2026-07-24T09:26:27.1910091,1099.008631,1082.996194,2198.017261,2,5110177
87756527,2026-07-24T01:13:55.1032491,1099.004978,1046.860354,2198.009957,2,3906066
87930983,2026-07-24T22:39:22.4600840,1099.003393,1065.579686,2198.006785,2,3053933
87757180,2026-07-24T01:17:55.4699243,1098.955719,1065.780025,2197.911438,2,3998927
87893113,2026-07-24T18:35:18.5423985,1098.945062,1034.309742,2197.890125,2,4913501
87809557,2026-07-24T07:57:56.0458672,1098.888219,1047.304308,2197.776438,2,5030003
87927396,2026-07-24T22:15:19.3406405,1098.877858,1063.261354,2197.755716,2,4775066
87807488,2026-07-24T07:41:55.4675249,1098.875709,1081.641433,2197.751418,2,2744093
87748181,2026-07-24T00:09:25.4190646,1098.872453,1098.560223,2197.744906,2,4176965
87895961,2026-07-24T18:55:18.0070635,1098.872200,1081.960315,2197.744400,2,4509049
87754521,2026-07-24T00:57:54.9751469,1098.851573,1057.541487,2197.703147,2,3152021
87782860,2026-07-24T04:33:55.3859577,1098.842978,1068.807229,2197.685957,2,5868907
87864210,2026-07-24T14:54:58.7953147,1098.820511,1077.015053,2197.641021,2,5942309
87859465,2026-07-24T14:18:56.3687421,1098.812845,1081.130138,2197.625690,2,2449018
87909967,2026-07-24T20:31:20.6738305,1098.793798,1095.943295,2197.587597,2,4724645
87899366,2026-07-24T19:19:24.4432142,1098.779860,1071.057055,2197.559721,2,4648037
87753374,2026-07-24T00:49:54.8620404,1098.731043,1085.016436,2197.462086,2,3672518
87831027,2026-07-24T10:42:25.5815608,1098.705575,1067.939666,2197.411150,2,3898481
87924279,2026-07-24T21:55:19.6817627,1098.685182,1079.920803,2197.370364,2,5947607
87828416,2026-07-24T10:22:25.4473991,1098.673740,1092.019718,2197.347480,2,4509862
87832594,2026-07-24T10:54:25.5579754,1098.645475,1064.794277,2197.290951,2,4718490
87925561,2026-07-24T22:03:18.9607775,1098.626511,1079.045069,2197.253023,2,5803348
87806511,2026-07-24T07:33:58.6322801,1098.612292,1082.129668,2197.224583,2,2569212
87920103,2026-07-24T21:31:19.4184088,1098.573790,1089.605121,2197.147580,2,4833179
87832592,2026-07-24T10:54:25.5580301,1098.565093,1087.173218,2197.130186,2,5713775
87922230,2026-07-24T21:43:19.5654571,1098.504274,1094.109269,2197.008549,2,7719044
87926188,2026-07-24T22:07:19.3609868,1098.500650,1060.058977,2197.001300,2,3784190
87750835,2026-07-24T00:29:55.0444490,1098.449469,1068.898675,2196.898937,2,4746113
87812723,2026-07-24T08:21:55.4043697,1098.449391,1083.773205,2196.898782,2,6217980
87845598,2026-07-24T12:34:57.3365097,1098.444610,1088.852565,2196.889221,2,4890803
87747634,2026-07-24T00:05:29.6552369,1098.431424,1093.021973,2196.862848,2,3807017
87931602,2026-07-24T22:43:21.5101198,1098.379250,1069.023616,2196.758500,2,3539226
87816414,2026-07-24T08:50:33.5551102,1098.368189,1090.973296,2196.736378,2,4257208
87817017,2026-07-24T08:54:25.8357784,1098.330810,1081.495388,2196.661620,2,6742508
87825798,2026-07-24T10:02:27.8960512,1098.323565,1093.069598,2196.647130,2,5490749
87939128,2026-07-24T23:31:23.3129955,1098.305253,1072.628884,2196.610506,2,5887544
87811650,2026-07-24T08:13:55.6801099,1098.284713,1065.379662,2196.569425,2,5549382
87927992,2026-07-24T22:19:20.6907703,1098.281098,1094.793294,2196.562197,2,4347804
87778634,2026-07-24T04:01:55.5993752,1098.262560,1068.940345,2196.525121,2,4990223
87761351,2026-07-24T01:49:56.4288575,1098.260664,1041.456418,2196.521328,2,3398371
87798160,2026-07-24T06:29:55.7777612,1098.249320,1066.228403,2196.498641,2,3266673
87747067,2026-07-24T00:01:25.1769034,1098.230681,1083.326037,2196.461363,2,5714319
87821619,2026-07-24T09:30:25.3864532,1098.222411,1065.823201,2196.444821,2,5011681
87748722,2026-07-24T00:13:25.5958165,1098.214149,1097.723385,2196.428298,2,3517782
87840472,2026-07-24T11:54:55.9068457,1098.197109,1089.766967,2196.394218,2,3746678
87851616,2026-07-24T13:18:56.0778786,1098.196668,1084.010232,2196.393336,2,1951763
87917832,2026-07-24T21:19:21.3093862,1098.178892,1098.175480,2196.357784,2,2069718
87778153,2026-07-24T03:57:56.5795537,1098.135935,1079.353065,2196.271870,2,3868328
87845789,2026-07-24T12:34:57.6491761,1098.129872,1097.885051,2196.259744,2,5329671
87868874,2026-07-24T15:30:56.0580623,1098.110666,1077.030747,2196.221332,2,5609323
87755055,2026-07-24T01:01:55.8267172,1098.095290,1058.043199,2196.190581,2,4079084
87940944,2026-07-24T23:43:21.8708602,1098.064138,1067.822432,2196.128275,2,4204919
87865115,2026-07-24T15:02:55.9391764,1098.063334,1094.649202,2196.126668,2,4008814
87782928,2026-07-24T04:33:55.4763232,1098.046929,1085.160088,2196.093858,2,1952584
87918621,2026-07-24T21:23:19.6112966,1098.037308,1080.304803,2196.074615,2,3736113
87827879,2026-07-24T10:18:25.1959016,1098.033333,1064.516005,2196.066666,2,1599157
87803380,2026-07-24T07:09:55.4769888,1098.024598,1075.960585,2196.049197,2,3613823
87900527,2026-07-24T19:27:19.8141217,1098.020461,1089.105049,2196.040921,2,6080269
87751885,2026-07-24T00:37:55.2303301,1098.012889,1051.138847,2196.025779,2,7339908
87897088,2026-07-24T19:03:18.4170888,1098.005166,1080.965423,2196.010333,2,4905324
87912946,2026-07-24T20:51:19.5871418,1097.998883,1077.122015,2195.997766,2,3341553
87773417,2026-07-24T03:21:55.6941008,1097.989953,1090.490196,2195.979905,2,5154019
87804344,2026-07-24T07:17:56.0991096,1097.927901,1051.040193,2195.855802,2,3971556
87862525,2026-07-24T14:42:58.5851307,1097.891401,1077.439124,2195.782802,2,4352682
87747626,2026-07-24T00:05:29.6357635,1097.886196,1092.602866,2195.772391,2,5258654
87933633,2026-07-24T22:55:21.6050157,1097.858336,1072.310893,2195.716671,2,3675447
87763996,2026-07-24T02:09:55.1749775,1097.799784,1066.795367,2195.599567,2,3001077
87915585,2026-07-24T21:07:24.9463699,1097.788201,1071.519997,2195.576402,2,4566234
87897666,2026-07-24T19:07:20.0110788,1097.782132,1074.762217,2195.564264,2,4056909
87757181,2026-07-24T01:17:55.4636959,1097.746895,1068.572375,2195.493791,2,2212019
87856738,2026-07-24T13:58:55.9979957,1097.727088,1090.111899,2195.454177,2,4932271
87763546,2026-07-24T02:05:58.4082867,1097.703349,1089.398545,2195.406698,2,4334967
87848853,2026-07-24T12:58:55.7846569,1097.679668,1071.415373,2195.359337,2,4372932
87836265,2026-07-24T11:22:26.6453257,1097.672181,1063.175159,2195.344362,2,4491363
87819519,2026-07-24T09:14:25.4089157,1097.660619,1073.334911,2195.321238,2,4850108
87796526,2026-07-24T06:17:55.3869510,1097.655129,1059.981616,2195.310258,2,5208546
87914196,2026-07-24T20:59:21.2110768,1097.644971,1072.900203,2195.289942,2,5707259
87929829,2026-07-24T22:31:22.4955614,1097.644310,1066.550098,2195.288620,2,3314702
87750378,2026-07-24T00:26:01.6999051,1097.626476,1093.191927,2195.252952,2,4248918
87861997,2026-07-24T14:39:01.9070053,1097.618696,1076.244911,2195.237391,2,6088027
87802311,2026-07-24T07:01:56.1502237,1097.613897,1064.040319,2195.227794,2,5080665
87917826,2026-07-24T21:19:21.3093742,1097.606800,1086.535471,2195.213600,2,3902022
87778111,2026-07-24T03:57:56.4910761,1097.601028,1066.949446,2195.202056,2,6395842
87831307,2026-07-24T10:46:26.9651804,1097.596267,1080.331763,2195.192535,2,7217496
87929203,2026-07-24T22:27:20.9157948,1097.595851,1071.517206,2195.191703,2,4964544
87861474,2026-07-24T14:34:57.0983977,1097.592875,1070.645411,2195.185749,2,5225977
87813892,2026-07-24T08:30:25.8777904,1097.552548,1097.060788,2195.105096,2,4462340
87935515,2026-07-24T23:07:25.1684246,1097.537353,1069.407356,2195.074706,2,6148090
87778637,2026-07-24T04:01:55.5955657,1097.535733,1062.520667,2195.071467,2,4129738
87864456,2026-07-24T14:58:59.5907810,1097.534312,1076.339254,2195.068623,2,1634192
87901661,2026-07-24T19:35:19.2345362,1097.526671,1078.488940,2195.053343,2,5284668
87762477,2026-07-24T01:57:55.4714197,1097.514354,1094.999849,2195.028709,2,4801618
87927979,2026-07-24T22:19:20.6810883,1097.501369,1076.470279,2195.002738,2,4680666
87906361,2026-07-24T20:07:18.4058293,1097.493916,1080.855507,2194.987832,2,3044689
87769747,2026-07-24T02:54:06.5509748,1097.478785,1056.904252,2194.957570,2,7556948
87836292,2026-07-24T11:22:26.6792085,1097.450342,1092.369663,2194.900684,2,1983879
87780288,2026-07-24T04:13:55.4380578,1097.448431,1096.042016,2194.896861,2,6135124
87761871,2026-07-24T01:53:55.5245994,1097.427727,1059.709877,2194.855453,2,4843679
87823183,2026-07-24T09:42:25.4233942,1097.405226,1077.564327,2194.810451,2,5692006
87908112,2026-07-24T20:19:20.1656293,1097.383747,1085.757307,2194.767493,2,5279116
87806962,2026-07-24T07:37:55.6257021,1097.377247,1046.555209,2194.754495,2,4699502
87775467,2026-07-24T03:37:55.4747116,1097.360935,1058.452652,2194.721870,2,3417691
87771865,2026-07-24T03:09:55.3703010,1097.347547,1079.864772,2194.695094,2,4394106
87763003,2026-07-24T02:01:55.9826701,1097.330385,1081.048956,2194.660769,2,4325093
87845716,2026-07-24T12:34:57.5412187,1097.323594,1081.613860,2194.647187,2,4192087
87768279,2026-07-24T02:41:55.0409517,1097.320554,1083.233639,2194.641109,2,4350223
87817940,2026-07-24T09:02:25.4806511,1097.303160,1059.495522,2194.606321,2,5582845
87852021,2026-07-24T13:22:57.8925024,1097.277149,1090.866217,2194.554297,2,4843946
87896486,2026-07-24T18:59:19.6017070,1097.223050,1087.130929,2194.446100,2,3651453
87811670,2026-07-24T08:13:55.7227863,1097.208987,1077.198637,2194.417974,2,5221960
87937327,2026-07-24T23:19:25.0322323,1097.194574,1048.055376,2194.389147,2,4628264
87907528,2026-07-24T20:15:18.3268390,1097.191142,1096.540771,2194.382283,2,5115626
87936107,2026-07-24T23:11:21.2555201,1097.187176,1065.108558,2194.374353,2,5370074
87825229,2026-07-24T09:58:32.7881721,1097.182464,1068.500446,2194.364928,2,4940317
87901685,2026-07-24T19:35:19.3812757,1097.181854,1079.231412,2194.363707,2,7841033
87766089,2026-07-24T02:25:56.4329204,1097.138169,1055.174362,2194.276338,2,6301498
87749253,2026-07-24T00:17:25.4112821,1097.136901,1091.506952,2194.273801,2,3215318
87914189,2026-07-24T20:59:21.1990259,1097.105037,1058.882658,2194.210074,2,4744544
87777133,2026-07-24T03:49:55.4521767,1097.100630,1083.370407,2194.201260,2,7034883
87767220,2026-07-24T02:33:55.3372133,1097.099282,1077.099539,2194.198564,2,4848598
87926794,2026-07-24T22:11:19.1236702,1097.076550,1052.973863,2194.153100,2,4008137
87865766,2026-07-24T15:06:58.3255177,1097.064604,1096.834606,2194.129207,2,4654309
87770798,2026-07-24T03:02:09.6300497,1097.050362,1086.051572,2194.100725,2,5057167
87814358,2026-07-24T08:34:25.5621833,1097.038790,1095.849932,2194.077581,2,3941772
87747056,2026-07-24T00:01:25.1543124,1097.031749,1095.083287,2194.063498,2,4177976
87857371,2026-07-24T14:02:58.3027281,1097.027046,1084.802591,2194.054092,2,4551825
87754448,2026-07-24T00:57:54.8558617,1097.010593,1076.983306,2194.021186,2,5558821
87828952,2026-07-24T10:26:26.4105700,1096.952252,1089.754073,2193.904504,2,7567531
87892102,2026-07-24T18:27:20.6810681,1096.938826,1090.230259,2193.877653,2,3869642
87847799,2026-07-24T12:50:56.3323440,1096.916377,1078.395680,2193.832754,2,7460614
87756109,2026-07-24T01:09:55.5769151,1096.889346,1047.024592,2193.778692,2,6014480
87931571,2026-07-24T22:43:21.4401172,1096.823430,1062.385530,2193.646860,2,4788766
87939120,2026-07-24T23:31:23.2956017,1096.815595,1049.335119,2193.631190,2,3301974
87807535,2026-07-24T07:41:55.5566338,1096.810062,1077.636705,2193.620125,2,5627915
87924951,2026-07-24T21:59:20.8445192,1096.793611,1085.774143,2193.587223,2,3850428
87814925,2026-07-24T08:38:26.1726993,1096.766980,1087.619774,2193.533960,2,4530464
87924278,2026-07-24T21:55:19.6858099,1096.757365,1076.468894,2193.514729,2,5665373
87774503,2026-07-24T03:29:55.5578059,1096.730338,1092.618636,2193.460676,2,5369514
87834176,2026-07-24T11:06:27.1251081,1096.698219,1051.019368,2193.396438,2,5422579
87826298,2026-07-24T10:06:31.3270129,1096.658878,1064.932214,2193.317756,2,5305299
87839411,2026-07-24T11:46:35.7407011,1096.658624,1052.327046,2193.317248,2,5335280
87908719,2026-07-24T20:23:21.4452237,1096.648961,1086.549632,2193.297923,2,4001241
87761882,2026-07-24T01:53:55.5372911,1096.623814,1073.189095,2193.247628,2,6045135
87828404,2026-07-24T10:22:25.4194549,1096.621574,1058.755008,2193.243147,2,4383222
87756690,2026-07-24T01:13:55.1143549,1096.617562,1045.796422,2193.235123,2,5228771
87906339,2026-07-24T20:07:18.3678055,1096.607901,1095.018986,2193.215801,2,5925525
87929205,2026-07-24T22:27:20.9218673,1096.580129,1064.919022,2193.160258,2,4608181
87942605,2026-07-24T23:55:21.8461801,1096.579796,1057.656347,2193.159591,2,4974303
87810089,2026-07-24T08:01:55.8526796,1096.530098,1068.912772,2193.060196,2,2591643
87939150,2026-07-24T23:31:23.3506954,1096.506463,1071.595957,2193.012925,2,4444973
87938996,2026-07-24T23:31:23.0241138,1096.498647,1060.335829,2192.997294,2,7536293
87778081,2026-07-24T03:57:56.4458197,1096.493612,1091.773295,2192.987224,2,4125205
87911730,2026-07-24T20:43:19.8160325,1096.450226,1068.568219,2192.900451,2,4463811
87933630,2026-07-24T22:55:21.6010558,1096.431928,1074.911481,2192.863855,2,4285050
87922239,2026-07-24T21:43:19.5913986,1096.428066,1087.880092,2192.856132,2,3800062
87765572,2026-07-24T02:21:55.4041205,1096.423090,1057.065545,2192.846180,2,4803733
87769224,2026-07-24T02:50:08.7788280,1096.386138,1058.061516,2192.772276,2,4919529
87928597,2026-07-24T22:23:19.3402706,1096.381214,1071.503146,2192.762429,2,4285210
87849407,2026-07-24T13:02:55.6073468,1096.341968,1087.277436,2192.683935,2,4099219
87846749,2026-07-24T12:42:58.2115582,1096.334699,1051.990581,2192.669398,2,2298864
87824171,2026-07-24T09:50:31.8634082,1096.325434,1060.778812,2192.650867,2,4607727
87758206,2026-07-24T01:25:58.1025789,1096.319830,1087.878444,2192.639659,2,1653089
87783922,2026-07-24T04:41:55.5028049,1096.312853,1072.593888,2192.625706,2,5173304
87939723,2026-07-24T23:35:21.3826718,1096.304280,1069.093695,2192.608559,2,2920939
87812250,2026-07-24T08:17:57.2718609,1096.303287,1095.071746,2192.606574,2,2319294
87772311,2026-07-24T03:13:55.3456014,1096.280181,1050.801052,2192.560362,2,5197722
87777570,2026-07-24T03:53:55.0859113,1096.279074,1046.189989,2192.558148,2,5181051
87934282,2026-07-24T22:59:26.7429895,1096.278733,1049.685426,2192.557466,2,5275468
87922207,2026-07-24T21:43:19.5286923,1096.278456,1068.806878,2192.556912,2,3813469
87756681,2026-07-24T01:13:55.3092491,1096.275193,1059.931113,2192.550385,2,5220004
87772829,2026-07-24T03:17:55.6374394,1096.266724,1052.934923,2192.533448,2,4831386
87924280,2026-07-24T21:55:19.6858719,1096.249781,1078.551350,2192.499561,2,5154946
87940914,2026-07-24T23:43:21.8163636,1096.243414,1067.835982,2192.486829,2,7737016
87777041,2026-07-24T03:49:55.3150899,1096.241020,1056.649310,2192.482040,2,6244337
87943129,2026-07-24T23:59:22.8653952,1096.234524,1066.787262,2192.469048,2,7050994
87793431,2026-07-24T05:53:55.8572982,1096.223877,1079.476469,2192.447753,2,6252405
87754001,2026-07-24T00:53:55.2537161,1096.179419,1095.350523,2192.358838,2,5718448
87859898,2026-07-24T14:22:55.6575901,1096.177576,1074.647711,2192.355152,2,6295392
87772412,2026-07-24T03:13:55.5379331,1096.177386,1093.082656,2192.354771,2,5780306
87827876,2026-07-24T10:18:25.1880453,1096.140253,1073.673807,2192.280507,2,6483102
87940331,2026-07-24T23:39:22.4797184,1096.138950,1042.800957,2192.277901,2,2835165
87750391,2026-07-24T00:26:01.7027271,1096.133668,1090.932411,2192.267336,2,4908301
87840466,2026-07-24T11:54:55.8971604,1096.120071,1069.147081,2192.240142,2,4815810
87904579,2026-07-24T19:55:19.8206207,1096.119726,1093.501218,2192.239452,2,5708320
87833121,2026-07-24T10:58:25.6929674,1096.089453,1036.588891,2192.178906,2,1353427
87789724,2026-07-24T05:25:57.7052550,1096.070831,1043.293665,2192.141663,2,2626681
87775469,2026-07-24T03:37:55.4777544,1096.066747,1068.391622,2192.133494,2,5153822
87824692,2026-07-24T09:54:32.4094152,1096.015369,1046.234555,2192.030738,2,4992294
87776536,2026-07-24T03:45:58.3771523,1096.011550,1078.433396,2192.023100,2,3828030
87760161,2026-07-24T01:41:55.4203683,1096.005091,1081.271516,2192.010183,2,3789944
87875003,2026-07-24T16:23:19.8282420,1095.997551,1070.528393,2191.995102,2,400764
87764775,2026-07-24T02:17:56.9008636,1095.994725,1067.256697,2191.989449,2,4907619
87841574,2026-07-24T12:02:56.9477123,1095.980805,1069.740070,2191.961610,2,5211418
87816925,2026-07-24T08:54:25.6831554,1095.967132,1081.996859,2191.934263,2,6389456
87866760,2026-07-24T15:14:56.5025484,1095.952932,1077.941524,2191.905864,2,6077754
87831547,2026-07-24T10:46:27.4202808,1095.952332,1074.911612,2191.904665,2,4758656
87936703,2026-07-24T23:15:20.8735813,1095.951416,1057.739700,2191.902833,2,2609198
87747076,2026-07-24T00:01:25.1921330,1095.922577,1085.160701,2191.845154,2,3806294
87859923,2026-07-24T14:22:55.7106215,1095.870515,1092.165431,2191.741030,2,4972514
87935505,2026-07-24T23:07:25.1576686,1095.865408,1044.422842,2191.730815,2,4370614
87749775,2026-07-24T00:21:55.3190895,1095.864052,1085.566735,2191.728103,2,6726002
87752943,2026-07-24T00:46:03.2680566,1095.834415,1079.871896,2191.668830,2,4434278
87829981,2026-07-24T10:34:25.5548662,1095.833352,1049.819611,2191.666705,2,4846001
87748710,2026-07-24T00:13:25.5793857,1095.821714,1069.243577,2191.643428,2,4863311
87752424,2026-07-24T00:41:57.2994368,1095.813845,1090.620771,2191.627689,2,4488159
87928598,2026-07-24T22:23:19.3452238,1095.800772,1062.345003,2191.601543,2,3758464
87801737,2026-07-24T06:57:57.4147997,1095.778156,1061.006545,2191.556312,2,4999713
87813808,2026-07-24T08:30:25.7223856,1095.776122,1079.668929,2191.552245,2,4966907
87758841,2026-07-24T01:29:55.5606183,1095.724792,1090.560508,2191.449584,2,4268013
87860432,2026-07-24T14:26:56.7096681,1095.717372,1069.933294,2191.434744,2,5218927
87932945,2026-07-24T22:51:21.8670079,1095.647313,1072.026547,2191.294626,2,4232114
87905742,2026-07-24T20:03:21.8739159,1095.647055,1061.892651,2191.294110,2,4038757
87840022,2026-07-24T11:50:26.3222023,1095.636642,1095.548655,2191.273283,2,7255719
87830508,2026-07-24T10:38:26.5544238,1095.628128,1079.502118,2191.256257,2,3423661
87837879,2026-07-24T11:34:26.1535141,1095.618796,1077.477891,2191.237591,2,5177212
87834181,2026-07-24T11:06:27.1398202,1095.615088,1073.790266,2191.230177,2,3309438
87805246,2026-07-24T07:26:00.5461946,1095.612725,1076.384992,2191.225449,2,3465056
87751908,2026-07-24T00:37:55.2707132,1095.588567,1085.344060,2191.177134,2,1531054
87806480,2026-07-24T07:33:58.5787093,1095.569595,1076.444025,2191.139190,2,3661779
87802771,2026-07-24T07:05:58.0467025,1095.550259,1066.448484,2191.100518,2,3567743
87913559,2026-07-24T20:55:19.3283447,1095.549335,1085.924675,2191.098669,2,3341041
87822667,2026-07-24T09:38:28.0595539,1095.545717,1084.620180,2191.091434,2,6818888
87936719,2026-07-24T23:15:20.9083810,1095.535772,1082.711098,2191.071545,2,4946448
87805425,2026-07-24T07:26:01.0913516,1095.535286,1066.255679,2191.070572,2,5400469
87852539,2026-07-24T13:27:01.8706493,1095.521500,1092.931211,2191.042999,2,3900821
87836279,2026-07-24T11:22:26.6580685,1095.510041,1073.524382,2191.020081,2,4689160
87809594,2026-07-24T07:57:56.1001595,1095.506192,1073.246515,2191.012383,2,5449623
87844713,2026-07-24T12:26:56.8240970,1095.497736,1058.640213,2190.995471,2,4526735
87942034,2026-07-24T23:51:21.2545666,1095.489189,1084.109566,2190.978378,2,3641309
87798689,2026-07-24T06:33:55.6182857,1095.485108,1075.972615,2190.970215,2,4296814
87930982,2026-07-24T22:39:22.4577802,1095.475651,1074.202371,2190.951303,2,3763690
87847802,2026-07-24T12:50:56.3379259,1095.462358,1079.397645,2190.924716,2,748484
87809669,2026-07-24T07:57:56.2382701,1095.451162,1093.332212,2190.902324,2,4301999
87915581,2026-07-24T21:07:24.9443142,1095.447179,1075.654368,2190.894358,2,5522010
87784755,2026-07-24T04:49:55.5698294,1095.412842,1090.260336,2190.825685,2,6157160
87771377,2026-07-24T03:05:57.4953637,1095.406997,1078.419195,2190.813995,2,6050352
87839987,2026-07-24T11:50:26.1936131,1095.324761,1086.125818,2190.649522,2,5128891
87852541,2026-07-24T13:27:01.8694241,1095.281714,1065.577582,2190.563428,2,6938693
87774375,2026-07-24T03:29:55.3161858,1095.276733,1089.648316,2190.553465,2,4908103
87763019,2026-07-24T02:01:55.9871258,1095.268174,1085.147544,2190.536348,2,6466043
87924262,2026-07-24T21:55:19.6621405,1095.238399,1053.351578,2190.476798,2,4234278
87827882,2026-07-24T10:18:25.2065402,1095.230186,1068.070459,2190.460371,2,3213169
87757779,2026-07-24T01:21:55.2347951,1095.203449,1090.890711,2190.406898,2,5378204
87806446,2026-07-24T07:33:58.5117651,1095.179164,1061.888062,2190.358328,2,5643797
87772828,2026-07-24T03:17:55.6349654,1095.171140,1042.167174,2190.342280,2,4946655
87847280,2026-07-24T12:46:58.0977286,1095.160401,1053.419805,2190.320802,2,4533591
87908100,2026-07-24T20:19:20.1469252,1095.156544,1038.458311,2190.313088,2,4939563
87752937,2026-07-24T00:46:03.2600560,1095.153591,1040.762162,2190.307183,2,5330725
87850440,2026-07-24T13:10:55.8423183,1095.150656,1074.332393,2190.301312,2,4343631
87913552,2026-07-24T20:55:19.3192585,1095.133956,1081.343718,2190.267913,2,3912597
87933628,2026-07-24T22:55:21.5869220,1095.111592,1042.449767,2190.223185,2,5464947
87901090,2026-07-24T19:31:18.0983559,1095.082568,1088.117760,2190.165135,2,7479280
87860959,2026-07-24T14:30:55.8438415,1095.034208,1064.908387,2190.068416,2,4424030
87858305,2026-07-24T14:10:57.9045487,1095.033149,1090.717396,2190.066299,2,5236647
87936117,2026-07-24T23:11:21.2830920,1094.994025,1090.923098,2189.988050,2,3806424
87829557,2026-07-24T10:30:25.8182983,1094.977989,1090.603032,2189.955979,2,4136689
87921489,2026-07-24T21:39:22.9288685,1094.977883,1054.312639,2189.955765,2,4435553
87905871,2026-07-24T20:03:22.1159641,1094.974882,1055.604382,2189.949765,2,5916563
87801201,2026-07-24T06:53:55.8996198,1094.950904,1063.688480,2189.901808,2,3521689
87824166,2026-07-24T09:50:31.8573751,1094.940622,1049.881097,2189.881244,2,5017941
87781305,2026-07-24T04:21:55.1403498,1094.926498,1065.267324,2189.852996,2,4427184
87941509,2026-07-24T23:47:22.0926060,1094.925666,1072.104593,2189.851331,2,5293358
87748198,2026-07-24T00:09:25.4349547,1094.900325,1082.801144,2189.800650,2,3916987
87800731,2026-07-24T06:49:55.6968835,1094.895474,1063.542176,2189.790949,2,4438661
87940912,2026-07-24T23:43:21.8139265,1094.885929,1072.090067,2189.771859,2,6531604
87938557,2026-07-24T23:27:22.2890183,1094.881008,1090.011459,2189.762016,2,5129577
87795975,2026-07-24T06:13:54.0811667,1094.859251,1038.820926,2189.718503,2,4218103
87815974,2026-07-24T08:46:27.0985856,1094.850885,1083.938011,2189.701771,2,6093948
87888141,2026-07-24T17:59:22.9279987,1094.824108,1070.944342,2189.648215,2,1037918
87893202,2026-07-24T18:35:18.7567208,1094.816408,1084.749335,2189.632816,2,3961639
87870837,2026-07-24T15:46:58.3139273,1094.797258,1060.555301,2189.594516,2,3209099
87748164,2026-07-24T00:09:25.3924346,1094.772595,1057.376172,2189.545191,2,1949265
87906332,2026-07-24T20:07:18.3613262,1094.765792,1086.046974,2189.531583,2,4126218
87826831,2026-07-24T10:10:27.4954547,1094.751588,1067.105367,2189.503176,2,4484676
87833652,2026-07-24T11:02:28.7631350,1094.743672,1062.770713,2189.487345,2,5220704
87804873,2026-07-24T07:21:55.4667235,1094.710682,1046.954622,2189.421364,2,5317529
87895389,2026-07-24T18:51:18.0174043,1094.701737,1081.950626,2189.403475,2,4952385
87751392,2026-07-24T00:33:55.5635204,1094.683116,1081.155170,2189.366232,2,2373856
87845187,2026-07-24T12:30:55.8202829,1094.672166,1053.659458,2189.344333,2,2105973
87783910,2026-07-24T04:41:55.4834307,1094.653605,1056.999040,2189.307209,2,5091203
87756112,2026-07-24T01:09:55.5891587,1094.653025,1054.715639,2189.306051,2,7119239
87839935,2026-07-24T11:50:26.1266718,1094.633467,1080.856541,2189.266933,2,5925522
87899375,2026-07-24T19:19:24.4719465,1094.631362,1090.937009,2189.262725,2,3397351
87747615,2026-07-24T00:05:29.6038362,1094.621884,1064.049043,2189.243769,2,4617391
87833119,2026-07-24T10:58:25.6906887,1094.585824,1062.483223,2189.171648,2,3679151
87914890,2026-07-24T21:03:19.1517904,1094.575400,1050.953492,2189.150800,2,7115379
87866176,2026-07-24T15:10:56.0635263,1094.554063,1091.577674,2189.108126,2,4179271
87814394,2026-07-24T08:34:25.6226488,1094.550893,1087.631720,2189.101786,2,1631653
87909954,2026-07-24T20:31:20.6389509,1094.540510,1056.157263,2189.081021,2,5054901
87934284,2026-07-24T22:59:26.7501594,1094.536666,1049.991942,2189.073332,2,766253
87899380,2026-07-24T19:19:24.4804016,1094.528553,1083.506328,2189.057106,2,5097791
87773358,2026-07-24T03:21:55.5900005,1094.525337,1043.861032,2189.050673,2,3546040
87817945,2026-07-24T09:02:25.4924584,1094.515758,1068.753792,2189.031516,2,3905893
87794386,2026-07-24T06:01:54.1663155,1094.508485,1057.052042,2189.016971,2,5012547
87768255,2026-07-24T02:41:55.0149084,1094.507449,1063.968750,2189.014899,2,4210407
87915592,2026-07-24T21:07:24.9534533,1094.475591,1080.915462,2188.951182,2,5611082
87811657,2026-07-24T08:13:55.6991231,1094.467137,1063.747140,2188.934274,2,5240899
87826834,2026-07-24T10:10:27.4951564,1094.460527,1070.294508,2188.921054,2,4690023
87818043,2026-07-24T09:02:25.6369118,1094.457862,1094.341676,2188.915724,2,3332943
87770289,2026-07-24T02:58:16.0259327,1094.441061,1084.464892,2188.882122,2,3989242
87909328,2026-07-24T20:27:20.2529887,1094.419547,1073.041414,2188.839095,2,4891421
87791229,2026-07-24T05:37:56.5965252,1094.414116,1020.181622,2188.828231,2,5720127
87910577,2026-07-24T20:35:20.0229519,1094.410328,1077.629389,2188.820656,2,4320652
87825764,2026-07-24T10:02:27.8333102,1094.398969,1074.176202,2188.797938,2,4823479
87750131,2026-07-24T00:26:01.0709089,1094.396957,1086.168161,2188.793914,2,5409995
87755596,2026-07-24T01:05:57.4356692,1094.356895,1083.928741,2188.713790,2,5288246
87772737,2026-07-24T03:17:55.4679741,1094.355239,1072.896284,2188.710478,2,6286521
87763800,2026-07-24T02:09:54.8724266,1094.330718,1066.431735,2188.661436,2,3585269
87843094,2026-07-24T12:14:56.1927110,1094.326301,1062.064359,2188.652601,2,6029909
87779158,2026-07-24T04:05:56.9053357,1094.304844,1050.886044,2188.609687,2,5270088
87753008,2026-07-24T00:46:03.3691003,1094.303154,1092.313690,2188.606308,2,5537422
87852022,2026-07-24T13:22:57.8930750,1094.301853,1078.544985,2188.603705,2,4284311
87940916,2026-07-24T23:43:21.8201321,1094.283708,1092.434760,2188.567416,2,4244663
87914889,2026-07-24T21:03:19.1547408,1094.272655,1075.429355,2188.545309,2,3921998
87924286,2026-07-24T21:55:19.7147815,1094.249750,1084.958360,2188.499501,2,2517012
87756146,2026-07-24T01:09:55.6333351,1094.234770,1082.703305,2188.469541,2,4169886
87751904,2026-07-24T00:37:55.2627453,1094.228150,1089.760817,2188.456300,2,3420980
87939124,2026-07-24T23:31:23.3037325,1094.201489,1040.422881,2188.402977,2,3359894
87801274,2026-07-24T06:53:56.0080466,1094.196099,1091.368368,2188.392198,2,1845404
87761397,2026-07-24T01:49:56.5160880,1094.195357,1062.794141,2188.390713,2,5358401
87847349,2026-07-24T12:46:58.2186045,1094.168074,1090.666227,2188.336147,2,4950128
87833190,2026-07-24T10:58:25.7980355,1094.149673,1093.131854,2188.299346,2,5755337
87846245,2026-07-24T12:38:58.6778115,1094.141505,1077.526161,2188.283009,2,3525765
87834710,2026-07-24T11:10:25.7413808,1094.119370,1076.084419,2188.238739,2,3603841
87932268,2026-07-24T22:47:21.8838504,1094.116560,1075.625250,2188.233119,2,3439523
87895978,2026-07-24T18:55:18.0326016,1094.114613,1086.694776,2188.229227,2,2574278
87761889,2026-07-24T01:53:55.5400814,1094.108321,1068.195920,2188.216641,2,3941969
87932235,2026-07-24T22:47:21.8238971,1094.033481,1052.013282,2188.066963,2,4353319
87824180,2026-07-24T09:50:31.8645553,1094.032576,1072.875128,2188.065153,2,6142447
87917816,2026-07-24T21:19:21.2867841,1094.027789,1080.188216,2188.055578,2,4925861
87844157,2026-07-24T12:22:56.3296025,1094.025713,1068.999924,2188.051427,2,5380652
87866223,2026-07-24T15:10:56.1489783,1094.006194,1068.940650,2188.012388,2,4729649
87876588,2026-07-24T16:35:19.4531013,1094.006039,1090.314421,2188.012077,2,3582688
87923617,2026-07-24T21:51:19.6089857,1094.002189,1076.719918,2188.004379,2,4119605
87846246,2026-07-24T12:38:58.6768944,1093.995633,1071.683812,2187.991266,2,6729493
87865702,2026-07-24T15:06:58.1939459,1093.967514,1075.646101,2187.935029,2,4699697
87866234,2026-07-24T15:10:56.1587522,1093.967514,1071.739414,2187.935029,2,3934532
87776491,2026-07-24T03:45:58.2841951,1093.964345,1091.004874,2187.928691,2,4737283
87840463,2026-07-24T11:54:55.8919775,1093.959943,1066.069187,2187.919887,2,1903641
87940360,2026-07-24T23:39:22.5261725,1093.959274,1057.598628,2187.918548,2,3588116
87756119,2026-07-24T01:09:55.5915506,1093.950041,1072.622475,2187.900081,2,5388998
87761862,2026-07-24T01:53:55.4918536,1093.943847,1092.429335,2187.887695,2,5642285
87894235,2026-07-24T18:43:18.0221886,1093.926075,1088.590049,2187.852150,2,3948850
87911778,2026-07-24T20:43:19.9279536,1093.910818,1067.217676,2187.821636,2,6540405
87788341,2026-07-24T05:17:55.5774544,1093.909525,1080.814259,2187.819049,2,2925027
87846758,2026-07-24T12:42:58.2181328,1093.893569,1075.051605,2187.787138,2,5956667
87898795,2026-07-24T19:15:18.1980279,1093.890420,1072.881038,2187.780840,2,5393518
87762982,2026-07-24T02:01:55.5450959,1093.877714,1066.419067,2187.755428,2,4359977
87911733,2026-07-24T20:43:19.8207786,1093.861930,1069.643205,2187.723859,2,4201279
87927401,2026-07-24T22:15:19.3462359,1093.861897,1063.392691,2187.723794,2,4142030
87750367,2026-07-24T00:26:01.6987196,1093.860480,1082.137463,2187.720961,2,5665816
87771880,2026-07-24T03:09:55.3941461,1093.847414,1084.540409,2187.694828,2,7529616
87940783,2026-07-24T23:43:21.5658062,1093.829920,1063.398123,2187.659840,2,3405478
87814800,2026-07-24T08:38:25.9860266,1093.828480,1077.814243,2187.656961,2,5794156
87900514,2026-07-24T19:27:19.7912532,1093.827126,1065.077847,2187.654251,2,6541967
87820559,2026-07-24T09:22:25.3410295,1093.800490,1068.125804,2187.600981,2,3844169
87748163,2026-07-24T00:09:25.3874094,1093.797643,1035.091996,2187.595285,2,6126259
87792377,2026-07-24T05:45:58.5643123,1093.760322,1086.004642,2187.520644,2,6238000
87921524,2026-07-24T21:39:22.9813454,1093.751041,1066.739269,2187.502081,2,3038010
87901108,2026-07-24T19:31:18.1392534,1093.697114,1092.794375,2187.394227,2,12233195
87888749,2026-07-24T18:03:20.0183924,1093.688150,1076.004712,2187.376300,2,5612194
87757757,2026-07-24T01:21:55.2047940,1093.640020,1083.708596,2187.280040,2,5183665
87936111,2026-07-24T23:11:21.2661962,1093.639143,1066.589491,2187.278285,2,4777322
87849385,2026-07-24T13:02:55.5804233,1093.625739,1074.406622,2187.251477,2,5352821
87849924,2026-07-24T13:07:02.5232864,1093.625739,1070.527646,2187.251477,2,3608817
87750415,2026-07-24T00:26:01.7296963,1093.619477,1064.297261,2187.238954,2,6007260
87855542,2026-07-24T13:50:55.3091023,1093.590686,1080.522263,2187.181373,2,5342317
87777354,2026-07-24T03:53:54.7618388,1093.572484,1068.118200,2187.144968,2,4505636
87849397,2026-07-24T13:02:55.6013228,1093.544103,1090.671437,2187.088207,2,4176389
87871942,2026-07-24T15:59:40.7487800,1093.537819,1055.320728,2187.075638,2,7714705
87811664,2026-07-24T08:13:55.7088279,1093.537485,1072.075495,2187.074971,2,5748709
87766604,2026-07-24T02:29:55.8072714,1093.490660,1040.698940,2186.981321,2,2780117
87810075,2026-07-24T08:01:55.8325142,1093.468185,1057.097971,2186.936370,2,6557184
87896947,2026-07-24T19:03:18.1437068,1093.453317,1053.821153,2186.906634,2,6209195
87814287,2026-07-24T08:34:25.4581188,1093.443087,1072.602094,2186.886175,2,4941080
87900513,2026-07-24T19:27:19.7874097,1093.441651,1068.937851,2186.883302,2,4072301
87804902,2026-07-24T07:21:55.5127872,1093.423033,1059.301439,2186.846066,2,5246341
87905181,2026-07-24T19:59:20.0908671,1093.408813,1086.184876,2186.817626,2,6403421
87751389,2026-07-24T00:33:55.5530163,1093.401984,1092.423174,2186.803967,2,7078833
87755067,2026-07-24T01:01:55.8711104,1093.398296,1077.817098,2186.796593,2,5257781
87824293,2026-07-24T09:50:32.0476453,1093.363637,1038.623657,2186.727273,2,4692103
87914209,2026-07-24T20:59:21.2184240,1093.361605,1082.959572,2186.723211,2,4141194
87928035,2026-07-24T22:19:20.7813286,1093.355292,1043.157625,2186.710584,2,996022
87833651,2026-07-24T11:02:28.7621313,1093.351473,1067.969451,2186.702945,2,6816179
87927985,2026-07-24T22:19:20.6937009,1093.333371,1060.966533,2186.666742,2,4585854
87844607,2026-07-24T12:26:56.5396935,1093.327388,1060.808416,2186.654776,2,6690395
87910563,2026-07-24T20:35:19.9976898,1093.325121,1074.531342,2186.650242,2,3676381
87933692,2026-07-24T22:55:21.7008508,1093.304548,1043.357225,2186.609096,2,4886225
87920107,2026-07-24T21:31:19.4336632,1093.298734,1071.226082,2186.597467,2,5002932
87861492,2026-07-24T14:34:57.1154047,1093.293835,1070.837057,2186.587671,2,4971678
87894863,2026-07-24T18:47:18.2665761,1093.285575,1089.666025,2186.571150,2,4473239
87908107,2026-07-24T20:19:20.1650855,1093.259269,1084.448159,2186.518538,2,5919267
87763831,2026-07-24T02:09:54.9100273,1093.251625,1085.637273,2186.503250,2,5388660
87832599,2026-07-24T10:54:25.5666338,1093.226215,1046.670165,2186.452430,2,7021696
87749778,2026-07-24T00:21:55.3198400,1093.208475,1089.226536,2186.416951,2,2579124
87789152,2026-07-24T05:21:55.7114090,1093.207010,1040.557813,2186.414020,2,5097190
87758677,2026-07-24T01:29:55.2867360,1093.206865,1016.350004,2186.413730,2,1654174
87859272,2026-07-24T14:18:56.0511188,1093.192021,1065.214434,2186.384042,2,4676827
87810090,2026-07-24T08:01:55.8556672,1093.191571,1061.325430,2186.383143,2,5989197
87835250,2026-07-24T11:14:26.0299526,1093.186647,1078.008638,2186.373293,2,4916463
87823645,2026-07-24T09:46:50.1788025,1093.163436,1078.150713,2186.326872,2,4839494
87827475,2026-07-24T10:14:25.6676933,1093.134597,1073.669945,2186.269193,2,5340627
87754530,2026-07-24T00:57:54.9877045,1093.119055,1080.356609,2186.238110,2,774324
87752940,2026-07-24T00:46:03.2689612,1093.118231,1075.410798,2186.236462,2,4184143
87760355,2026-07-24T01:41:55.7501308,1093.096376,1065.299348,2186.192753,2,4643842
87911732,2026-07-24T20:43:19.8187730,1093.090139,1051.237431,2186.180279,2,6844309
87892552,2026-07-24T18:31:19.0987440,1093.060968,1015.851902,2186.121937,2,5523869
87860991,2026-07-24T14:30:55.9034066,1093.060037,1085.751425,2186.120073,2,4133046
87817444,2026-07-24T08:58:25.9670240,1093.038717,1086.857734,2186.077434,2,6091316
87918640,2026-07-24T21:23:19.6653034,1093.030900,1067.147673,2186.061801,2,5551847
87913546,2026-07-24T20:55:19.2988705,1093.019950,1075.160978,2186.039900,2,3295020
87844593,2026-07-24T12:26:56.5320881,1092.988762,1058.738217,2185.977523,2,4849818
87755060,2026-07-24T01:01:55.8346378,1092.962733,1076.129079,2185.925466,2,6198000
87817506,2026-07-24T08:58:26.1502105,1092.946204,1069.409390,2185.892407,2,5470522
87914897,2026-07-24T21:03:19.1770917,1092.925980,1082.004071,2185.851961,2,5593003
87930938,2026-07-24T22:39:22.3612151,1092.908188,1086.882365,2185.816376,2,3914110
87901778,2026-07-24T19:35:19.5576613,1092.881878,1065.348949,2185.763755,2,4536950
87836792,2026-07-24T11:26:27.9735721,1092.861412,1053.808795,2185.722824,2,5467902
87899369,2026-07-24T19:19:24.4497873,1092.848268,1067.004598,2185.696535,2,5691128
87771320,2026-07-24T03:05:57.3628740,1092.816806,1066.567682,2185.633613,2,4634463
87757696,2026-07-24T01:21:55.1138812,1092.808589,1047.105226,2185.617178,2,4778541
87904576,2026-07-24T19:55:19.8120417,1092.795274,1075.255967,2185.590548,2,5610094
87816902,2026-07-24T08:54:25.6543122,1092.789026,1070.433272,2185.578052,2,5532516
87773471,2026-07-24T03:21:55.7743658,1092.781040,1091.359553,2185.562079,2,3225965
87801237,2026-07-24T06:53:55.9525198,1092.743753,1051.695195,2185.487506,2,5471629
87941496,2026-07-24T23:47:22.0647484,1092.706288,1084.823144,2185.412575,2,4354326
87911761,2026-07-24T20:43:19.8900371,1092.694539,1072.296491,2185.389078,2,3895191
87823648,2026-07-24T09:46:50.1784362,1092.693772,1068.660434,2185.387544,2,4227103
87902826,2026-07-24T19:43:22.4139540,1092.649135,1064.998376,2185.298271,2,6712500
87934893,2026-07-24T23:03:22.2970955,1092.636631,1059.005648,2185.273262,2,2383650
87754087,2026-07-24T00:53:55.3876552,1092.601687,1083.521000,2185.203373,2,3272066
87750848,2026-07-24T00:29:55.0660656,1092.559693,1089.641806,2185.119385,2,4683132
87761919,2026-07-24T01:53:55.5867887,1092.558249,1062.620069,2185.116498,2,2810748
87764573,2026-07-24T02:13:56.0744090,1092.511921,1068.306565,2185.023843,2,4014660
87868189,2026-07-24T15:26:57.9862404,1092.492675,1071.151945,2184.985350,2,3922620
87934285,2026-07-24T22:59:26.7548475,1092.487769,1051.085534,2184.975537,2,7054617
87750819,2026-07-24T00:29:55.0285510,1092.474431,1044.963082,2184.948861,2,2756127
87828941,2026-07-24T10:26:26.3979066,1092.462913,1055.310511,2184.925827,2,4857468
87822660,2026-07-24T09:38:28.0453040,1092.438678,1075.216647,2184.877356,2,4011446
87930407,2026-07-24T22:35:21.2139770,1092.432615,1062.712141,2184.865230,2,4334246
87809584,2026-07-24T07:57:56.0955714,1092.424018,1058.350542,2184.848036,2,3878074
87893793,2026-07-24T18:39:21.2140704,1092.420471,1087.403976,2184.840941,2,7038378
87938547,2026-07-24T23:27:22.2712987,1092.412453,1075.474001,2184.824907,2,3738033
87822143,2026-07-24T09:34:25.4083313,1092.404343,1078.385729,2184.808687,2,3847585
87911162,2026-07-24T20:39:24.4453345,1092.388995,1089.539593,2184.777990,2,2949922
87754517,2026-07-24T00:57:54.9683046,1092.369445,1040.479448,2184.738889,2,5844406
87749784,2026-07-24T00:21:55.3233946,1092.367140,1085.838504,2184.734281,2,946037
87785483,2026-07-24T04:53:55.5161004,1092.341403,1037.145735,2184.682805,2,4738245
87895414,2026-07-24T18:51:18.0532754,1092.338740,1089.011151,2184.677480,2,4225887
87915612,2026-07-24T21:07:25.0138802,1092.317062,1077.349932,2184.634124,2,5161051
87842051,2026-07-24T12:07:02.1541475,1092.300216,1067.285423,2184.600432,2,3356893
87750389,2026-07-24T00:26:01.7047081,1092.293045,1090.399115,2184.586090,2,4299945
87869919,2026-07-24T15:38:57.9599822,1092.272416,1071.408106,2184.544831,2,4065707
87902835,2026-07-24T19:43:22.4234083,1092.270977,1071.197290,2184.541953,2,3491612
87810088,2026-07-24T08:01:55.8422363,1092.269532,1053.998176,2184.539064,2,3324981
87905167,2026-07-24T19:59:20.0746645,1092.194615,1079.538802,2184.389230,2,4572776
87772666,2026-07-24T03:17:55.3449088,1092.193665,1080.850333,2184.387330,2,4946770
87861477,2026-07-24T14:34:57.1081010,1092.187990,1059.975646,2184.375980,2,4815318
87771333,2026-07-24T03:05:57.4039392,1092.156784,1067.580268,2184.313568,2,3870972
87751403,2026-07-24T00:33:55.5773532,1092.156018,1077.970230,2184.312036,2,5058703
87842653,2026-07-24T12:10:56.0027064,1092.155541,1059.713288,2184.311082,2,2641950
87825321,2026-07-24T09:58:32.9308891,1092.124854,1089.447552,2184.249709,2,5248519
87820570,2026-07-24T09:22:25.3523954,1092.122655,1070.426797,2184.245310,2,6254501
87778614,2026-07-24T04:01:55.5570719,1092.119143,1078.507301,2184.238287,2,5033234
87907967,2026-07-24T20:19:19.8177960,1092.112767,1067.893182,2184.225534,2,4825295
87904014,2026-07-24T19:51:18.6097771,1092.098773,1091.644816,2184.197547,2,5148887
87847693,2026-07-24T12:50:56.1548432,1092.093926,1083.358638,2184.187852,2,4816196
87934887,2026-07-24T23:03:22.2711725,1092.083135,1055.666897,2184.166269,2,3293810
87862002,2026-07-24T14:39:01.9112791,1092.058829,1053.943175,2184.117658,2,4964816
87939714,2026-07-24T23:35:21.3543598,1092.025671,1088.163972,2184.051341,2,4577690
87901664,2026-07-24T19:35:19.2357568,1092.021123,1076.941730,2184.042245,2,3657725
87867835,2026-07-24T15:22:55.8793839,1092.004946,1065.179345,2184.009891,2,4531594
87812260,2026-07-24T08:17:57.3009270,1092.004481,1088.768967,2184.008962,2,6334112
87835252,2026-07-24T11:14:26.0346395,1091.948013,1076.542794,2183.896027,2,4325678
87926777,2026-07-24T22:11:19.0909660,1091.939092,1026.307257,2183.878185,2,4167747
87813889,2026-07-24T08:30:25.8761163,1091.899618,1091.758239,2183.799236,2,3534005
87863049,2026-07-24T14:47:03.1186442,1091.897056,1065.567057,2183.794112,2,3064279
87817508,2026-07-24T08:58:26.1524889,1091.895624,1090.222485,2183.791249,2,1048400
87812698,2026-07-24T08:21:55.3573665,1091.893163,1081.932606,2183.786326,2,6543135
87805893,2026-07-24T07:29:56.4290745,1091.874995,1037.376917,2183.749991,2,3336493
87903415,2026-07-24T19:47:22.3659279,1091.844690,1087.107967,2183.689379,2,5685853
87928595,2026-07-24T22:23:19.3457799,1091.843779,1063.153452,2183.687559,2,4871393
87823634,2026-07-24T09:46:50.1583999,1091.831912,1041.968641,2183.663824,2,1046859
87918612,2026-07-24T21:23:19.6105561,1091.812023,1073.249480,2183.624046,2,3138532
87942046,2026-07-24T23:51:21.2852776,1091.806856,1080.266206,2183.613712,2,3905542
87804408,2026-07-24T07:17:56.1975174,1091.798734,1064.218914,2183.597469,2,3582024
87845197,2026-07-24T12:30:55.8523625,1091.793531,1065.431172,2183.587062,2,5623068
87831021,2026-07-24T10:42:25.5716340,1091.791540,1037.607379,2183.583080,2,4874280
87930450,2026-07-24T22:35:21.3383651,1091.789138,1065.096309,2183.578275,2,4149416
87849379,2026-07-24T13:02:55.5733192,1091.747966,1056.063280,2183.495932,2,4794886
87929246,2026-07-24T22:27:21.0047101,1091.747137,1056.323210,2183.494274,2,3773920
87803341,2026-07-24T07:09:55.4096283,1091.737061,1056.251037,2183.474122,2,4197679
87884805,2026-07-24T17:35:26.1427142,1091.718623,1068.587530,2183.437247,2,4510121
87871043,2026-07-24T15:46:58.7905471,1091.694213,1062.302685,2183.388427,2,5016504
87836288,2026-07-24T11:22:26.6740001,1091.626165,1069.610900,2183.252330,2,2944178
87905768,2026-07-24T20:03:21.9179122,1091.615144,1084.772573,2183.230289,2,5198422
87809607,2026-07-24T07:57:56.1279235,1091.601312,1067.387370,2183.202624,2,6185282
87920793,2026-07-24T21:35:19.2683842,1091.599159,1080.684554,2183.198319,2,3265959
87869415,2026-07-24T15:34:58.2401023,1091.597778,1068.613408,2183.195555,2,4350200
87912944,2026-07-24T20:51:19.5897364,1091.593607,1073.381727,2183.187214,2,5945166
87822187,2026-07-24T09:34:25.4661703,1091.584879,1088.837734,2183.169758,2,5006133
87921504,2026-07-24T21:39:22.9512363,1091.581745,1079.471714,2183.163489,2,4617985
87927995,2026-07-24T22:19:20.7011269,1091.574322,1091.109403,2183.148645,2,3364852
87823638,2026-07-24T09:46:50.1643155,1091.571029,1042.336029,2183.142058,2,4161592
87750133,2026-07-24T00:26:01.0660641,1091.562418,1081.270568,2183.124835,2,5551298
87750143,2026-07-24T00:26:01.0843364,1091.562418,1086.105968,2183.124835,2,5649770
87852010,2026-07-24T13:22:57.8802486,1091.562379,1081.385461,2183.124759,2,4850583
87931582,2026-07-24T22:43:21.4640680,1091.539842,1075.404304,2183.079685,2,4348934
87839419,2026-07-24T11:46:35.7556642,1091.514945,1066.487025,2183.029889,2,4462622
87838438,2026-07-24T11:38:26.0328855,1091.474596,1089.877884,2182.949191,2,4761611
87927990,2026-07-24T22:19:20.6913979,1091.443204,1056.672620,2182.886408,2,5816313
87751396,2026-07-24T00:33:55.5696969,1091.440390,1088.816837,2182.880781,2,2629479
87781306,2026-07-24T04:21:55.1361385,1091.439245,1056.891537,2182.878491,2,5796208
87766091,2026-07-24T02:25:56.4287022,1091.423188,1046.695815,2182.846376,2,3540319
87821614,2026-07-24T09:30:25.3760129,1091.417940,1034.246830,2182.835880,2,5004654
87813832,2026-07-24T08:30:25.7675109,1091.391728,1083.545074,2182.783455,2,4134172
87755590,2026-07-24T01:05:57.4231899,1091.386707,1071.431279,2182.773414,2,4164209
87768175,2026-07-24T02:41:54.8992619,1091.361833,1023.379531,2182.723666,2,4208875
87911166,2026-07-24T20:39:24.5245841,1091.359943,1085.220618,2182.719885,2,5239102
87805948,2026-07-24T07:29:56.5842506,1091.356120,1069.467139,2182.712241,2,4324939
87750363,2026-07-24T00:26:01.0786360,1091.352505,1078.682838,2182.705010,2,5088356
87916370,2026-07-24T21:11:24.8330198,1091.339631,1082.408315,2182.679261,2,3121206
87844161,2026-07-24T12:22:56.3345690,1091.322071,1076.654311,2182.644142,2,3520539
87747620,2026-07-24T00:05:29.6320944,1091.319839,1071.253976,2182.639677,2,3574569
87747644,2026-07-24T00:05:29.6797334,1091.314889,1070.344605,2182.629779,2,4618346
87891447,2026-07-24T18:23:19.6112727,1091.276907,1059.689120,2182.553813,2,5478910
87904586,2026-07-24T19:55:19.8295189,1091.275311,1086.316875,2182.550621,2,994873
87901675,2026-07-24T19:35:19.2464452,1091.265437,1071.124522,2182.530874,2,5221729
87901569,2026-07-24T19:35:19.0642783,1091.257258,1090.398187,2182.514516,2,5376645
87924944,2026-07-24T21:59:20.8321867,1091.250455,1067.757483,2182.500910,2,4827927
87848378,2026-07-24T12:54:56.0531063,1091.242878,1082.673460,2182.485756,2,3952205
87763272,2026-07-24T02:05:57.7766151,1091.231709,1085.903907,2182.463418,2,6307076
87824703,2026-07-24T09:54:32.4340245,1091.227930,1075.629814,2182.455860,2,5075030
87847277,2026-07-24T12:46:58.1066205,1091.189177,1073.139696,2182.378355,2,4665927
87793924,2026-07-24T05:57:55.8315977,1091.189003,1065.606371,2182.378006,2,5987160
87848856,2026-07-24T12:58:55.7899745,1091.180678,1064.187677,2182.361356,2,6093533
87778921,2026-07-24T04:05:56.4595828,1091.173847,1075.642087,2182.347695,2,5360603
87898798,2026-07-24T19:15:18.2097185,1091.167533,1077.337103,2182.335065,2,4892718
87905228,2026-07-24T19:59:20.1878283,1091.163795,1054.958138,2182.327591,2,3663233
87748179,2026-07-24T00:09:25.4075720,1091.162577,1084.107944,2182.325153,2,3941837
87906942,2026-07-24T20:11:18.3632720,1091.159217,1080.335761,2182.318434,2,4441084
87861514,2026-07-24T14:34:57.1626766,1091.148215,1082.478009,2182.296430,2,4552378
87841630,2026-07-24T12:02:56.9503860,1091.095441,1070.545164,2182.190883,2,5909858
87889857,2026-07-24T18:11:19.7810414,1091.069081,1075.834018,2182.138161,2,4255657
87772867,2026-07-24T03:17:55.7021426,1091.019558,1059.792375,2182.039116,2,4107408
87808984,2026-07-24T07:53:55.3133886,1091.012875,1070.180005,2182.025749,2,3960281
87753983,2026-07-24T00:53:55.2220241,1091.008551,1031.008459,2182.017101,2,6313841
87835234,2026-07-24T11:14:26.0009933,1090.998054,1069.849075,2181.996109,2,4739961
87865716,2026-07-24T15:06:58.2297199,1090.972946,1066.690806,2181.945893,2,5500633
87916360,2026-07-24T21:11:24.8188791,1090.949240,1076.669446,2181.898480,2,7785505
87903412,2026-07-24T19:47:22.3651079,1090.928263,1081.645272,2181.856526,2,4819414
87866762,2026-07-24T15:14:56.5025556,1090.927895,1071.682394,2181.855789,2,8968754
87926185,2026-07-24T22:07:19.3578137,1090.906155,1025.548852,2181.812310,2,4920235
87749788,2026-07-24T00:21:55.3259199,1090.887074,1089.506281,2181.774148,2,3753050
87844736,2026-07-24T12:26:56.9289644,1090.870210,1081.300882,2181.740420,2,4067656
87824699,2026-07-24T09:54:32.4241252,1090.859913,1044.930984,2181.719826,2,4681900
87842047,2026-07-24T12:07:02.1535713,1090.846673,1064.947780,2181.693346,2,4841018
87804355,2026-07-24T07:17:56.1145505,1090.821162,1057.633754,2181.642325,2,5341132
87748175,2026-07-24T00:09:25.4028397,1090.815667,1065.536256,2181.631335,2,4835303
87854117,2026-07-24T13:38:55.8034600,1090.803249,1067.330192,2181.606498,2,4287097
87871367,2026-07-24T15:51:01.3362708,1090.767295,1046.628622,2181.534589,2,5940807
87805380,2026-07-24T07:26:00.9342473,1090.746786,1064.930394,2181.493572,2,6294926
87897238,2026-07-24T19:03:18.6845371,1090.740739,1077.527123,2181.481478,2,3136321
87792307,2026-07-24T05:45:58.4563013,1090.735846,1033.017996,2181.471693,2,5434754
87853605,2026-07-24T13:34:55.7947235,1090.703005,1070.998539,2181.406009,2,1093582
87834716,2026-07-24T11:10:25.7479096,1090.688854,1077.147719,2181.377707,2,3819620
87877126,2026-07-24T16:39:22.4065157,1090.681324,1070.777830,2181.362647,2,3681345
87939743,2026-07-24T23:35:21.4271165,1090.678840,1052.232691,2181.357681,2,4606093
87940908,2026-07-24T23:43:21.8051911,1090.644467,1038.401180,2181.288934,2,5402342
87931001,2026-07-24T22:39:22.4920580,1090.644316,1079.507654,2181.288631,2,5388552
87839735,2026-07-24T11:50:25.7959650,1090.639832,1052.657884,2181.279663,2,5012686
87803583,2026-07-24T07:13:55.3755731,1090.634064,1054.198769,2181.268127,2,3333032
87906951,2026-07-24T20:11:18.3779313,1090.633789,1077.579484,2181.267578,2,4766753
87912380,2026-07-24T20:47:19.7078525,1090.618052,1064.364273,2181.236104,2,3990782
87848269,2026-07-24T12:54:55.8565017,1090.604734,1064.877925,2181.209469,2,3924622
87942610,2026-07-24T23:55:21.8773018,1090.593137,1083.568103,2181.186274,2,3521535
87775995,2026-07-24T03:41:55.5560754,1090.588855,1041.804154,2181.177711,2,2902742
87834704,2026-07-24T11:10:25.7366730,1090.543410,1067.140323,2181.086821,2,5872492
87857787,2026-07-24T14:06:57.3713495,1090.539106,1062.802261,2181.078212,2,5258329
87858357,2026-07-24T14:10:58.0045362,1090.523200,1088.765502,2181.046400,2,3858980
87869935,2026-07-24T15:38:57.9712954,1090.487068,1063.569711,2180.974137,2,5241449
87808512,2026-07-24T07:49:55.4134613,1090.478800,1031.523400,2180.957601,2,4029074
87835783,2026-07-24T11:18:25.9559399,1090.458131,1074.283178,2180.916262,2,4871961
87936112,2026-07-24T23:11:21.2695136,1090.406854,1072.703473,2180.813707,2,4299743
87837324,2026-07-24T11:30:26.2099998,1090.386869,1049.980248,2180.773739,2,5225282
87749238,2026-07-24T00:17:25.3801923,1090.344248,1033.636268,2180.688497,2,5117746
87926200,2026-07-24T22:07:19.3937182,1090.321772,1084.063708,2180.643544,2,5248527
87934892,2026-07-24T23:03:22.2969322,1090.316512,1071.871305,2180.633025,2,3478882
87936709,2026-07-24T23:15:20.8766887,1090.283674,1036.368429,2180.567348,2,4132379
87940925,2026-07-24T23:43:21.8292569,1090.278839,1083.859147,2180.557678,2,2716527
87773364,2026-07-24T03:21:55.5979614,1090.273778,1047.180281,2180.547555,2,5834755
87755591,2026-07-24T01:05:57.4254867,1090.205387,1076.557946,2180.410775,2,4201146
87920797,2026-07-24T21:35:19.2742720,1090.199349,1079.191363,2180.398699,2,3080698
87850968,2026-07-24T13:14:55.8761375,1090.191518,1066.465291,2180.383037,2,5273046
87801820,2026-07-24T06:57:57.5514385,1090.170045,1065.801444,2180.340090,2,4747040
87828951,2026-07-24T10:26:26.4069522,1090.168902,1066.882907,2180.337804,2,5872951
87924955,2026-07-24T21:59:20.8503874,1090.164583,1088.000143,2180.329165,2,5255735
87821096,2026-07-24T09:26:27.2015095,1090.152041,1069.065733,2180.304082,2,5222577
87802247,2026-07-24T07:01:56.0918101,1090.137407,1052.501592,2180.274814,2,5900109
87759801,2026-07-24T01:38:01.2878406,1090.135880,1052.253857,2180.271760,2,5569464
87939695,2026-07-24T23:35:21.3251669,1090.134506,1039.114516,2180.269011,2,3814555
87907548,2026-07-24T20:15:18.3683379,1090.133007,1083.171714,2180.266014,2,4617830
87772148,2026-07-24T03:13:55.0877410,1090.116728,1081.911065,2180.233456,2,5371259
87906929,2026-07-24T20:11:18.3388028,1090.109674,1084.614221,2180.219349,2,5388136
87840995,2026-07-24T11:58:55.8918054,1090.106031,1061.535779,2180.212061,2,2461687
87928599,2026-07-24T22:23:19.3488438,1090.099017,1059.746677,2180.198034,2,6086359
87781356,2026-07-24T04:21:55.2123267,1090.098970,1063.190730,2180.197941,2,1372163
87842677,2026-07-24T12:10:56.0415036,1090.096676,1062.270355,2180.193351,2,7087942
87921498,2026-07-24T21:39:22.9391088,1090.035690,1058.839951,2180.071380,2,7117539
87800748,2026-07-24T06:49:55.7162876,1089.995999,1084.075378,2179.991997,2,5125808
87814379,2026-07-24T08:34:25.6046212,1089.988457,1077.702684,2179.976914,2,4485650
87933626,2026-07-24T22:55:21.5861229,1089.946794,1049.663100,2179.893588,2,5698098
87902265,2026-07-24T19:39:21.4720595,1089.925285,1087.552507,2179.850570,2,6229754
87941497,2026-07-24T23:47:22.0665834,1089.924743,1087.860369,2179.849487,2,4599351
87749255,2026-07-24T00:17:25.4126262,1089.909459,1085.504109,2179.818918,2,6017184
87747633,2026-07-24T00:05:29.6520835,1089.905981,1085.015537,2179.811963,2,3611295
87853604,2026-07-24T13:34:55.7927871,1089.903961,1064.983740,2179.807922,2,3120321
87901078,2026-07-24T19:31:18.0882498,1089.903921,1053.756708,2179.807843,2,4937116
87749808,2026-07-24T00:21:55.3693363,1089.896134,1085.688132,2179.792268,2,4495653
87856492,2026-07-24T13:58:55.5378817,1089.886276,1056.820198,2179.772552,2,2881640
87908705,2026-07-24T20:23:21.4212218,1089.882339,1051.015354,2179.764679,2,5739485
87932944,2026-07-24T22:51:21.8641575,1089.868910,1061.471791,2179.737820,2,5918148
87756191,2026-07-24T01:09:55.7106398,1089.822607,1072.994060,2179.645213,2,5154644
87754002,2026-07-24T00:53:55.2461495,1089.803085,1038.263178,2179.606170,2,3799225
87853160,2026-07-24T13:30:56.1363836,1089.802835,1076.970776,2179.605671,2,6543560
87898244,2026-07-24T19:11:19.0431987,1089.796833,1082.955912,2179.593666,2,9806141
87895407,2026-07-24T18:51:18.0412548,1089.780309,1083.682533,2179.560618,2,3334406
87839472,2026-07-24T11:46:35.8341983,1089.778788,1079.366548,2179.557576,2,7231306
87836809,2026-07-24T11:26:28.0001527,1089.770084,1067.583718,2179.540167,2,3754654
87917850,2026-07-24T21:19:21.3639564,1089.744220,1069.802656,2179.488440,2,3699905
87784490,2026-07-24T04:46:03.7283641,1089.716002,1059.894245,2179.432005,2,5502832
87792730,2026-07-24T05:49:55.7602477,1089.700504,1073.146069,2179.401008,2,5496371
87933644,2026-07-24T22:55:21.6331344,1089.698928,1083.579093,2179.397855,2,3647157
87932300,2026-07-24T22:47:21.9503947,1089.681712,1057.812695,2179.363424,2,3687953
87814791,2026-07-24T08:38:25.9746708,1089.648070,1022.913340,2179.296140,2,4701644
87931568,2026-07-24T22:43:21.4334369,1089.642473,1033.496490,2179.284947,2,6082763
87934300,2026-07-24T22:59:26.7800777,1089.632505,1083.949673,2179.265010,2,4490269
87915609,2026-07-24T21:07:24.9949640,1089.606972,1071.385668,2179.213944,2,6195481
87904574,2026-07-24T19:55:19.8036748,1089.592979,1044.194861,2179.185958,2,6213855
87903995,2026-07-24T19:51:18.5776103,1089.592979,1047.396366,2179.185958,2,6378892
87751372,2026-07-24T00:33:55.5296680,1089.574998,1062.925232,2179.149996,2,4849058
87757703,2026-07-24T01:21:55.1241011,1089.547750,1062.040064,2179.095501,2,3871681
87898250,2026-07-24T19:11:19.0526372,1089.535989,1078.252941,2179.071977,2,3885103
87920790,2026-07-24T21:35:19.2642739,1089.518548,1061.431238,2179.037096,2,4307930
87800243,2026-07-24T06:45:57.7424019,1089.509497,1058.894798,2179.018993,2,3393779
87935525,2026-07-24T23:07:25.1813880,1089.502583,1070.053472,2179.005166,2,5758774
87933673,2026-07-24T22:55:21.6793499,1089.496763,1047.908733,2178.993526,2,4402431
87942613,2026-07-24T23:55:21.8892553,1089.487424,1086.167105,2178.974848,2,4864720
87847789,2026-07-24T12:50:56.3172412,1089.483511,1035.334578,2178.967021,2,5861639
87799634,2026-07-24T06:41:57.5207286,1089.473234,1037.549935,2178.946468,2,4480706
87884808,2026-07-24T17:35:26.1378053,1089.466292,1076.726961,2178.932584,2,5035080
87899371,2026-07-24T19:19:24.4528706,1089.459736,1069.928332,2178.919472,2,5102286
87857775,2026-07-24T14:06:57.3620943,1089.455951,1070.808282,2178.911902,2,2774165
87868318,2026-07-24T15:26:58.2232233,1089.455227,1077.670514,2178.910455,2,5158384
87905747,2026-07-24T20:03:21.8805722,1089.448480,1068.664674,2178.896959,2,5376568
87903399,2026-07-24T19:47:22.3501399,1089.443174,1061.805776,2178.886349,2,6081386
87911158,2026-07-24T20:39:24.4210994,1089.425420,1068.645179,2178.850839,2,4036358
87899185,2026-07-24T19:19:24.0306185,1089.414042,1062.876034,2178.828085,2,4899447
87937971,2026-07-24T23:23:21.5622712,1089.408155,1055.942993,2178.816311,2,4057716
87817941,2026-07-24T09:02:25.4896249,1089.404004,1056.209656,2178.808009,2,4728531
87747630,2026-07-24T00:05:29.6289582,1089.392208,1036.501267,2178.784416,2,6329692
87903438,2026-07-24T19:47:22.4138134,1089.362089,1078.450109,2178.724178,2,6573785
87749772,2026-07-24T00:21:55.3134633,1089.360906,1080.896491,2178.721812,2,5751703
87922248,2026-07-24T21:43:19.6158950,1089.351301,1062.014569,2178.702602,2,3977675
87903434,2026-07-24T19:47:22.4097596,1089.348272,1074.524399,2178.696544,2,1357847
87841505,2026-07-24T12:02:56.7907549,1089.348103,1058.684152,2178.696206,2,6206228
87904578,2026-07-24T19:55:19.8132810,1089.343190,1066.626961,2178.686380,2,4783309
87853052,2026-07-24T13:30:55.9513359,1089.312798,998.625315,2178.625595,2,3962140
87857259,2026-07-24T14:02:58.1393706,1089.243867,1074.405827,2178.487733,2,7443751
87785546,2026-07-24T04:53:55.6073466,1089.228507,1080.801541,2178.457014,2,6042261
87917805,2026-07-24T21:19:21.2628393,1089.219477,1042.976482,2178.438953,2,5195521
87766885,2026-07-24T02:33:54.8168621,1089.208671,1084.312361,2178.417342,2,5247865
87902849,2026-07-24T19:43:22.4704669,1089.196889,1086.295536,2178.393777,2,4468076
87756433,2026-07-24T01:13:54.8820143,1089.196273,1082.763663,2178.392546,2,5455298
87813770,2026-07-24T08:30:25.6487695,1089.172392,1057.747755,2178.344785,2,1386762
87822132,2026-07-24T09:34:25.3879839,1089.157618,1037.636757,2178.315237,2,5106078
87772360,2026-07-24T03:13:55.4287906,1089.155210,1064.537575,2178.310421,2,5405842
87816897,2026-07-24T08:54:25.6492079,1089.145225,1050.360036,2178.290451,2,4318466
87907511,2026-07-24T20:15:18.2791556,1089.143147,1033.184570,2178.286295,2,4331720
87747072,2026-07-24T00:01:25.1867136,1089.121239,1078.861938,2178.242478,2,4893520
87812838,2026-07-24T08:21:55.5798321,1089.078112,1078.625421,2178.156224,2,3637564
87813240,2026-07-24T08:26:27.0747335,1089.055509,1071.837476,2178.111018,2,4997380
87843106,2026-07-24T12:14:56.2149672,1089.044031,1070.227157,2178.088061,2,3644589
87921496,2026-07-24T21:39:22.9365771,1089.040344,1051.643836,2178.080688,2,4841607
87807072,2026-07-24T07:37:55.8823065,1089.021297,1072.357892,2178.042595,2,4964789
87933657,2026-07-24T22:55:21.6461204,1088.999839,1076.546845,2177.999679,2,5766318
87838379,2026-07-24T11:38:25.9477659,1088.989209,1068.158600,2177.978418,2,3423877
87936162,2026-07-24T23:11:21.3706092,1088.983590,1036.773039,2177.967181,2,3850997
87920818,2026-07-24T21:35:19.3348902,1088.972256,1071.374991,2177.944511,2,4878262
87864655,2026-07-24T14:58:59.9430662,1088.962152,1076.379923,2177.924303,2,4921657
87908721,2026-07-24T20:23:21.4443318,1088.962037,1073.267164,2177.924074,2,5792187
87837395,2026-07-24T11:30:26.3367366,1088.950514,1081.450201,2177.901027,2,3110003
87930463,2026-07-24T22:35:21.3647498,1088.934573,1039.550053,2177.869145,2,6420002
87758575,2026-07-24T01:29:55.0926230,1088.920923,1063.089200,2177.841846,2,8369383
87856211,2026-07-24T13:54:55.8727602,1088.891721,1063.163935,2177.783443,2,3270733
87846241,2026-07-24T12:38:58.6697416,1088.876474,1043.823870,2177.752948,2,1652370
87917090,2026-07-24T21:15:19.7297903,1088.869508,1039.426755,2177.739016,2,5296748
87752938,2026-07-24T00:46:03.2607352,1088.861191,1043.709069,2177.722382,2,4006759
87893710,2026-07-24T18:39:21.0525948,1088.839972,1068.819053,2177.679945,2,6838603
87935526,2026-07-24T23:07:25.1924947,1088.802349,1081.322029,2177.604698,2,3703677
87933649,2026-07-24T22:55:21.6402508,1088.791098,1082.218438,2177.582195,2,4355238
87808087,2026-07-24T07:45:58.1841128,1088.777855,1065.947856,2177.555709,2,4106718
87748712,2026-07-24T00:13:25.5875370,1088.772858,1060.365562,2177.545716,2,4468223
87889884,2026-07-24T18:11:19.8201612,1088.770562,1058.379137,2177.541125,2,7234885
87923606,2026-07-24T21:51:19.5933942,1088.767023,1064.102425,2177.534045,2,3793188
87771712,2026-07-24T03:09:55.1380697,1088.760762,1087.651047,2177.521523,2,5496511
87917802,2026-07-24T21:19:21.2541346,1088.746984,1041.128406,2177.493967,2,1435117
87855648,2026-07-24T13:50:55.5030501,1088.711164,1084.707594,2177.422328,2,4011119
87903407,2026-07-24T19:47:22.3550989,1088.706485,1069.245382,2177.412971,2,4412993
87823686,2026-07-24T09:46:50.2487522,1088.705491,1085.659027,2177.410982,2,3906588
87777037,2026-07-24T03:49:55.3043202,1088.685357,1019.839141,2177.370714,2,4494517
87783097,2026-07-24T04:37:55.4505132,1088.681265,1082.003658,2177.362529,2,3187037
87819615,2026-07-24T09:14:25.6715554,1088.636935,1079.109058,2177.273870,2,5347543
87752946,2026-07-24T00:46:03.2711597,1088.636802,1051.931140,2177.273603,2,5752038
87932937,2026-07-24T22:51:21.8538594,1088.628366,1037.635302,2177.256732,2,4702211
87748713,2026-07-24T00:13:25.5902059,1088.618819,1072.981646,2177.237638,2,5706983
87906367,2026-07-24T20:07:18.4157468,1088.589756,1059.360827,2177.179512,2,4346144
87832071,2026-07-24T10:50:25.7426046,1088.560084,1047.884518,2177.120168,2,3626942
87793778,2026-07-24T05:57:55.6041062,1088.559032,1049.486423,2177.118065,2,6175562
87914894,2026-07-24T21:03:19.1680496,1088.551820,1056.826027,2177.103641,2,3994527
87902820,2026-07-24T19:43:22.4057099,1088.534297,1041.152350,2177.068594,2,4531075
87905749,2026-07-24T20:03:21.8760911,1088.524217,1057.681319,2177.048433,2,4245568
87756584,2026-07-24T01:13:55.1950601,1088.499187,1068.639863,2176.998373,2,4918742
87774975,2026-07-24T03:33:55.4579714,1088.498643,1059.477577,2176.997285,2,4062261
87761942,2026-07-24T01:53:55.6452345,1088.487944,1067.705210,2176.975888,2,6107625
87902855,2026-07-24T19:43:22.4837928,1088.484266,1080.303651,2176.968532,2,4922614
87897710,2026-07-24T19:07:20.1108313,1088.481330,1078.233352,2176.962660,2,4241002
87914901,2026-07-24T21:03:19.2021065,1088.474995,1078.856375,2176.949991,2,4947846
87814374,2026-07-24T08:34:25.5997855,1088.462884,1083.167515,2176.925768,2,6404813
87932289,2026-07-24T22:47:21.9218831,1088.450698,1056.602527,2176.901396,2,3694985
87840467,2026-07-24T11:54:55.8999044,1088.439216,1062.677487,2176.878432,2,4083506
87760389,2026-07-24T01:41:56.1296012,1088.435090,1061.550525,2176.870181,2,3236208
87892652,2026-07-24T18:31:19.3149720,1088.432739,1076.285663,2176.865478,2,5054266
87931572,2026-07-24T22:43:21.4493332,1088.408478,1065.911976,2176.816957,2,2166071
87751901,2026-07-24T00:37:55.2599908,1088.404413,1060.567579,2176.808825,2,5850642
87883028,2026-07-24T17:23:19.6683916,1088.365373,1077.382451,2176.730745,2,4337714
87914899,2026-07-24T21:03:19.1930404,1088.348510,1081.793017,2176.697020,2,3566981
87894232,2026-07-24T18:43:18.0184008,1088.337183,1053.154698,2176.674367,2,7808442
87819565,2026-07-24T09:14:25.5787138,1088.326944,1073.008932,2176.653889,2,5199590
87758273,2026-07-24T01:25:58.2749357,1088.324941,1061.964948,2176.649882,2,5015266
87848335,2026-07-24T12:54:55.9866709,1088.324573,1072.381393,2176.649146,2,3885690
87922909,2026-07-24T21:47:19.2528640,1088.324322,1062.339566,2176.648645,2,5217194
87814288,2026-07-24T08:34:25.4593311,1088.314485,1057.928868,2176.628970,2,5260279
87838381,2026-07-24T11:38:25.9485290,1088.306461,1070.121349,2176.612921,2,1742737
87913554,2026-07-24T20:55:19.3172457,1088.300956,1085.048760,2176.601912,2,5053003
87863044,2026-07-24T14:47:03.1139238,1088.295258,1062.874245,2176.590516,2,6190548
87775989,2026-07-24T03:41:55.5571968,1088.278364,1015.980886,2176.556729,2,1944959
87798587,2026-07-24T06:33:55.4656189,1088.261803,1079.599546,2176.523607,2,4671737
87823657,2026-07-24T09:46:50.1890099,1088.251129,1072.299919,2176.502257,2,2604019
87815451,2026-07-24T08:42:36.7061139,1088.233723,1087.383974,2176.467446,2,4291365
87748161,2026-07-24T00:09:25.3851516,1088.227640,1034.587496,2176.455280,2,4395037
87822692,2026-07-24T09:38:28.0941482,1088.226888,1080.246630,2176.453776,2,6352572
87748173,2026-07-24T00:09:25.4018908,1088.219385,1073.071496,2176.438770,2,3207250
87895959,2026-07-24T18:55:18.0031252,1088.207024,1058.458942,2176.414048,2,5098791
87844604,2026-07-24T12:26:56.5436199,1088.196553,1053.733833,2176.393106,2,6466393
87902840,2026-07-24T19:43:22.4411383,1088.191216,1075.701769,2176.382432,2,4733858
87853127,2026-07-24T13:30:56.0791336,1088.179945,1081.182630,2176.359890,2,4696441
87814321,2026-07-24T08:34:25.5052378,1088.168059,1074.252080,2176.336117,2,5488067
87785993,2026-07-24T04:57:56.5948432,1088.127654,1019.333257,2176.255307,2,5997578
87827362,2026-07-24T10:14:25.4033167,1088.121634,1052.188458,2176.243268,2,5389692
87835759,2026-07-24T11:18:25.9154059,1088.115727,1053.305371,2176.231453,2,6918027
87941485,2026-07-24T23:47:22.0413411,1088.110554,1053.013167,2176.221107,2,3831836
87752537,2026-07-24T00:41:57.4819535,1088.109080,1073.373502,2176.218159,2,5659086
87898808,2026-07-24T19:15:18.2259940,1088.099213,1086.146095,2176.198426,2,5021527
87929210,2026-07-24T22:27:20.9278464,1088.076962,1079.547080,2176.153925,2,4976481
87929817,2026-07-24T22:31:22.5019372,1088.045959,1057.015774,2176.091918,2,5042596
87901103,2026-07-24T19:31:18.1297059,1088.010423,1084.577475,2176.020846,2,6041671
87942053,2026-07-24T23:51:21.3047306,1087.995875,1068.175984,2175.991750,2,3872041
87920800,2026-07-24T21:35:19.2833507,1087.975552,1077.210803,2175.951104,2,4309931
87770588,2026-07-24T03:02:09.2659869,1087.953866,1071.066819,2175.907733,2,5066237
87814854,2026-07-24T08:38:26.0736464,1087.903354,1060.870871,2175.806707,2,5341042
87901670,2026-07-24T19:35:19.2371809,1087.892215,1068.983319,2175.784430,2,4080854
87837857,2026-07-24T11:34:26.1283621,1087.890878,1060.574050,2175.781755,2,3708666
87925573,2026-07-24T22:03:18.9807751,1087.882665,1068.418006,2175.765329,2,4917302
87927393,2026-07-24T22:15:19.3387309,1087.875522,1086.084320,2175.751043,2,5873824
87904005,2026-07-24T19:51:18.5905813,1087.869201,1079.463835,2175.738401,2,1154249
87843630,2026-07-24T12:18:56.1808625,1087.866730,1054.983053,2175.733459,2,5239560
87866584,2026-07-24T15:14:56.2010622,1087.851843,1070.385441,2175.703686,2,10139597
87832132,2026-07-24T10:50:25.8363781,1087.827160,1087.334711,2175.654321,2,4682081
87838376,2026-07-24T11:38:25.9436113,1087.781187,1071.189231,2175.562374,2,7639070
87854111,2026-07-24T13:38:55.8081600,1087.777298,1063.687489,2175.554597,2,4075702
87812199,2026-07-24T08:17:57.1902538,1087.770374,1069.057465,2175.540747,2,5601644
87774954,2026-07-24T03:33:55.4228523,1087.752566,1041.934084,2175.505132,2,5117637
87925568,2026-07-24T22:03:18.9741452,1087.748043,1074.688941,2175.496085,2,5858338
87878878,2026-07-24T16:51:22.0987633,1087.731465,988.687147,2175.462930,2,4018488
87896006,2026-07-24T18:55:18.0882443,1087.729170,1081.997764,2175.458341,2,5591450
87900519,2026-07-24T19:27:19.8002669,1087.715615,1056.678990,2175.431230,2,5636490
87893136,2026-07-24T18:35:18.5832667,1087.702567,1057.119493,2175.405133,2,4240474
87848086,2026-07-24T12:54:55.4990910,1087.686312,1059.964710,2175.372624,2,3984022
87889269,2026-07-24T18:07:19.4017473,1087.682801,1073.223788,2175.365601,2,5805927
87825765,2026-07-24T10:02:27.8371855,1087.664345,1066.215175,2175.328690,2,5684252
87797007,2026-07-24T06:21:53.9846266,1087.653499,1039.927768,2175.306999,2,4090926
87927384,2026-07-24T22:15:19.3219249,1087.643656,1073.981775,2175.287312,2,2716545
87822130,2026-07-24T09:34:25.3917336,1087.642628,1069.142821,2175.285257,2,5039032
87921517,2026-07-24T21:39:22.9668881,1087.639819,1081.043948,2175.279638,2,3568673
87833118,2026-07-24T10:58:25.6906888,1087.637037,1032.563754,2175.274074,2,4170965
87924919,2026-07-24T21:59:20.7786756,1087.622310,1063.968814,2175.244620,2,5121796
87922251,2026-07-24T21:43:19.6198738,1087.608283,1063.675464,2175.216566,2,3509811
87780281,2026-07-24T04:13:55.4253568,1087.607502,1053.107667,2175.215004,2,5263404
87819654,2026-07-24T09:14:25.7251786,1087.585802,1086.931185,2175.171604,2,4629238
87936729,2026-07-24T23:15:20.9186662,1087.569749,1080.950843,2175.139497,2,5610959
87857282,2026-07-24T14:02:58.1779526,1087.554399,1075.184537,2175.108797,2,6026281
87780206,2026-07-24T04:13:55.3078405,1087.553473,1077.955032,2175.106946,2,5057870
87869464,2026-07-24T15:34:58.3261959,1087.551618,1072.864296,2175.103236,2,5056665
87855693,2026-07-24T13:50:55.5689020,1087.534499,1064.245272,2175.068998,2,2900761
87909963,2026-07-24T20:31:20.6679711,1087.533214,1064.729314,2175.066427,2,4950707
87784223,2026-07-24T04:46:03.2786112,1087.527245,1062.559553,2175.054490,2,6210754
87942604,2026-07-24T23:55:21.8658863,1087.503388,1058.592146,2175.006775,2,4638491
87776616,2026-07-24T03:45:58.5289737,1087.503173,1069.010050,2175.006347,2,4408071
87819629,2026-07-24T09:14:25.6958550,1087.498600,1086.453713,2174.997200,2,3675734
87748743,2026-07-24T00:13:25.6227835,1087.488239,1075.260366,2174.976478,2,5026779
87826836,2026-07-24T10:10:27.5045827,1087.478245,1066.352570,2174.956489,2,5547517
87749763,2026-07-24T00:21:55.2991852,1087.462154,1056.293521,2174.924309,2,4006866
87754528,2026-07-24T00:57:54.9835603,1087.368706,1068.991710,2174.737411,2,5162073
87838369,2026-07-24T11:38:25.9308488,1087.347045,1066.664683,2174.694089,2,4468705
87937979,2026-07-24T23:23:21.5947994,1087.331539,1081.440512,2174.663078,2,2641469
87847282,2026-07-24T12:46:58.1104191,1087.327174,1069.104233,2174.654348,2,4323927
87893681,2026-07-24T18:39:20.9015986,1087.322657,1062.649278,2174.645314,2,2849670
87903516,2026-07-24T19:47:22.5747060,1087.316786,1053.992655,2174.633573,2,6036246
87910568,2026-07-24T20:35:20.0018329,1087.299902,1072.241128,2174.599804,2,5385069
87864129,2026-07-24T14:54:58.6475015,1087.267132,1057.828479,2174.534264,2,3885976
87751368,2026-07-24T00:33:55.5311296,1087.252329,1053.121537,2174.504658,2,2992793
87827963,2026-07-24T10:18:25.3361627,1087.239883,1079.086787,2174.479766,2,5201489
87909327,2026-07-24T20:27:20.2498185,1087.236205,1043.707982,2174.472410,2,4813573
87849386,2026-07-24T13:02:55.5803239,1087.220662,1056.484239,2174.441324,2,2000403
87840471,2026-07-24T11:54:55.9026486,1087.211099,1060.965493,2174.422198,2,4089554
87911780,2026-07-24T20:43:19.9391023,1087.174053,1057.645034,2174.348105,2,5462395
87940822,2026-07-24T23:43:21.6380660,1087.172974,1078.002237,2174.345947,2,3920882
87939702,2026-07-24T23:35:21.3364458,1087.158479,1054.364258,2174.316958,2,5105769
87823640,2026-07-24T09:46:50.1722816,1087.134278,1053.678634,2174.268556,2,5446776
87822656,2026-07-24T09:38:28.0385788,1087.124291,1060.985664,2174.248582,2,4900875
87928613,2026-07-24T22:23:19.3964526,1087.124080,1082.263094,2174.248159,2,7205149
87908726,2026-07-24T20:23:21.4566627,1087.102758,1083.985882,2174.205516,2,2669291
87897161,2026-07-24T19:03:18.5584086,1087.097343,1086.182326,2174.194687,2,5254090
87865729,2026-07-24T15:06:58.2598038,1087.079935,1054.910797,2174.159870,2,4950967
87856071,2026-07-24T13:54:55.6590527,1087.070375,1059.494168,2174.140750,2,4738267
87844603,2026-07-24T12:26:56.5344634,1087.031237,1047.422834,2174.062473,2,6420335
87858617,2026-07-24T14:14:55.5015631,1087.028166,1070.904752,2174.056331,2,6036767
87902253,2026-07-24T19:39:21.4430997,1087.012885,1055.284287,2174.025769,2,7013580
87894236,2026-07-24T18:43:18.0234403,1086.984557,1061.794268,2173.969115,2,3663943
87791860,2026-07-24T05:42:02.9301547,1086.979260,1060.170510,2173.958521,2,6318099
87801282,2026-07-24T06:53:56.0208073,1086.961513,1057.791001,2173.923026,2,3922163
87914885,2026-07-24T21:03:19.1552596,1086.958036,1056.566761,2173.916072,2,5405903
87897196,2026-07-24T19:03:18.6118898,1086.933298,1083.070399,2173.866596,2,4812424
87814822,2026-07-24T08:38:26.0163885,1086.907324,1058.062287,2173.814648,2,7028127
87815343,2026-07-24T08:42:36.4344858,1086.907324,1063.543548,2173.814648,2,2575006
87819066,2026-07-24T09:10:25.6808025,1086.906483,1083.934084,2173.812966,2,3964859
87814284,2026-07-24T08:34:25.4581481,1086.901573,1061.749067,2173.803146,2,4564421
87791316,2026-07-24T05:37:56.7496100,1086.891958,1071.984135,2173.783917,2,3670930
87931004,2026-07-24T22:39:22.4869127,1086.870553,1084.798716,2173.741105,2,3774880
87863052,2026-07-24T14:47:03.1256966,1086.857106,1058.665795,2173.714211,2,4815366
87934286,2026-07-24T22:59:26.7555365,1086.855150,1035.575981,2173.710301,2,2722531
87781861,2026-07-24T04:26:02.7923848,1086.843669,1078.580914,2173.687339,2,1898566
87903994,2026-07-24T19:51:18.5729093,1086.843540,1045.893353,2173.687081,2,5598356
87808092,2026-07-24T07:45:58.1878242,1086.822361,1077.152196,2173.644722,2,4922783
87747051,2026-07-24T00:01:25.1543666,1086.818366,1059.208748,2173.636733,2,4740927
87820586,2026-07-24T09:22:25.3893874,1086.792726,1062.874035,2173.585451,2,4477991
87825238,2026-07-24T09:58:32.8026224,1086.765717,1064.077478,2173.531435,2,4538762
87908712,2026-07-24T20:23:21.4287824,1086.762142,1073.033516,2173.524284,2,5166071
87878172,2026-07-24T16:47:20.3200798,1086.754669,1068.838069,2173.509338,2,1713794
87827358,2026-07-24T10:14:25.4016480,1086.749654,1041.163225,2173.499308,2,5127431
87906937,2026-07-24T20:11:18.3533566,1086.747637,1075.791061,2173.495273,2,5290489
87854649,2026-07-24T13:42:55.9037641,1086.738754,1066.959716,2173.477509,2,3998471
87805913,2026-07-24T07:29:56.5016608,1086.714937,1045.291770,2173.429873,2,3290224
87835764,2026-07-24T11:18:25.9326029,1086.697340,1061.226163,2173.394680,2,2186583
87790725,2026-07-24T05:33:55.4970146,1086.689668,1017.196393,2173.379336,2,6187900
87892668,2026-07-24T18:31:19.3621410,1086.658769,1080.439593,2173.317537,2,4714277
87909965,2026-07-24T20:31:20.6669332,1086.647164,1066.443830,2173.294328,2,4942660
87802355,2026-07-24T07:01:56.3341577,1086.646500,1057.323115,2173.293000,2,4990098
87777089,2026-07-24T03:49:55.3798285,1086.623814,1065.072317,2173.247628,2,7108079
87802129,2026-07-24T07:01:55.8053809,1086.566154,1035.517533,2173.132308,2,3821374
87899964,2026-07-24T19:23:20.9128944,1086.551367,1084.889739,2173.102734,2,2194991
87896116,2026-07-24T18:55:18.2842068,1086.547759,1083.755281,2173.095519,2,3905434
87869377,2026-07-24T15:34:58.1611794,1086.516779,1073.422839,2173.033558,2,5404783
87750852,2026-07-24T00:29:55.0760639,1086.508729,1080.552950,2173.017458,2,8086963
87939724,2026-07-24T23:35:21.3852214,1086.503078,1080.171241,2173.006155,2,5055325
87825768,2026-07-24T10:02:27.8450184,1086.490747,1065.459013,2172.981494,2,3403053
87937954,2026-07-24T23:23:21.5296272,1086.478913,1024.700182,2172.957826,2,209868123
87825778,2026-07-24T10:02:27.8576479,1086.476092,1081.733367,2172.952185,2,6174264
87908146,2026-07-24T20:19:20.2506432,1086.461031,1075.868870,2172.922061,2,4236745
87923603,2026-07-24T21:51:19.5857208,1086.460190,1036.433913,2172.920381,2,4384918
87927398,2026-07-24T22:15:19.3457764,1086.438009,1078.206045,2172.876017,2,5681712
87903410,2026-07-24T19:47:22.3625993,1086.429430,1070.518089,2172.858861,2,4827055
87877910,2026-07-24T16:43:20.8064684,1086.425609,1061.880630,2172.851217,2,4394830
87854647,2026-07-24T13:42:55.9041826,1086.421848,1072.197343,2172.843696,2,8777478
87811187,2026-07-24T08:09:56.1483575,1086.418061,1071.133586,2172.836123,2,3586258
87804867,2026-07-24T07:21:55.4564035,1086.398906,1034.429502,2172.797812,2,6137290
87795520,2026-07-24T06:09:54.1020945,1086.382339,1061.226285,2172.764677,2,5497380
87832154,2026-07-24T10:50:25.8646438,1086.373294,1077.897391,2172.746588,2,3165049
87912339,2026-07-24T20:47:19.6317025,1086.333397,1074.622346,2172.666794,2,4486530
87784417,2026-07-24T04:46:03.6098949,1086.322086,1040.745247,2172.644172,2,5586540
87782263,2026-07-24T04:29:55.8267093,1086.319404,1081.811046,2172.638809,2,6456449
87759748,2026-07-24T01:38:01.2041507,1086.291335,1084.080827,2172.582671,2,3325215
87844176,2026-07-24T12:22:56.3453684,1086.283184,1073.554222,2172.566368,2,390856
87915576,2026-07-24T21:07:24.9366185,1086.277125,1054.525130,2172.554250,2,4161216
87939135,2026-07-24T23:31:23.3292871,1086.274958,1084.600351,2172.549916,2,4051935
87920811,2026-07-24T21:35:19.3119843,1086.233930,1073.011828,2172.467861,2,3235189
87909338,2026-07-24T20:27:20.2871956,1086.216129,1068.974114,2172.432258,2,4586977
87931615,2026-07-24T22:43:21.5276764,1086.212478,1067.905063,2172.424957,2,4720758
87898970,2026-07-24T19:15:18.5409563,1086.200640,1070.416704,2172.401281,2,4878973
87810608,2026-07-24T08:05:57.6739062,1086.196179,1051.149397,2172.392357,2,5425746
87747057,2026-07-24T00:01:25.1581050,1086.194634,1080.137458,2172.389268,2,5449777
87928592,2026-07-24T22:23:19.3440518,1086.187968,1027.080361,2172.375937,2,4404788
87753473,2026-07-24T00:49:55.0264617,1086.182256,1065.934088,2172.364512,2,4347245
87850468,2026-07-24T13:10:55.8868996,1086.174990,1080.896071,2172.349979,2,3843733
87752538,2026-07-24T00:41:57.4812211,1086.162731,1080.158543,2172.325462,2,2825851
87927412,2026-07-24T22:15:19.3673459,1086.154823,1054.279967,2172.309645,2,5077253
87925574,2026-07-24T22:03:18.9770480,1086.144855,1066.084509,2172.289711,2,4047712
87807027,2026-07-24T07:37:55.7367929,1086.143949,1060.309205,2172.287897,2,4622047
87844785,2026-07-24T12:26:56.9748760,1086.112498,1076.121502,2172.224996,2,4291805
87843637,2026-07-24T12:18:56.1933709,1086.036072,1069.444335,2172.072144,2,6158842
87932962,2026-07-24T22:51:21.9007586,1086.026565,1079.106319,2172.053130,2,4899721
87905156,2026-07-24T19:59:20.0488667,1086.014506,1056.298339,2172.029013,2,3408129
87779697,2026-07-24T04:09:55.3325695,1085.981882,1042.066880,2171.963763,2,5780342
87811617,2026-07-24T08:13:55.6354201,1085.942334,1063.274165,2171.884668,2,3703178
87799709,2026-07-24T06:41:57.6495515,1085.937073,1046.167287,2171.874146,2,6670065
87902252,2026-07-24T19:39:21.4507775,1085.917565,1069.945245,2171.835130,2,637966
87787641,2026-07-24T05:09:56.7224657,1085.908316,1045.965065,2171.816632,2,4773041
87917104,2026-07-24T21:15:19.7581930,1085.901535,1057.364465,2171.803069,2,5398173
87842059,2026-07-24T12:07:02.1707741,1085.881062,1059.434871,2171.762124,2,5180322
87826838,2026-07-24T10:10:27.5071946,1085.875361,1069.975042,2171.750721,2,4622151
87817484,2026-07-24T08:58:26.0441285,1085.869003,1066.436893,2171.738005,2,5192541
87929215,2026-07-24T22:27:20.9340028,1085.853339,1071.804798,2171.706678,2,5809605
87864670,2026-07-24T14:58:59.9709997,1085.846431,1065.451492,2171.692862,2,4157313
87750844,2026-07-24T00:29:55.0575067,1085.835404,1059.159243,2171.670807,2,5647766
87858086,2026-07-24T14:10:57.5312756,1085.823038,1041.074688,2171.646076,2,3424063
87758026,2026-07-24T01:25:57.7001419,1085.821725,1066.910329,2171.643450,2,5508980
87841001,2026-07-24T11:58:55.9081365,1085.821671,1059.441848,2171.643341,2,6049678
87831560,2026-07-24T10:46:27.4348395,1085.810773,1065.648993,2171.621545,2,2506264
87929770,2026-07-24T22:31:22.3273991,1085.793306,1075.259616,2171.586611,2,4370488
87913595,2026-07-24T20:55:19.4037982,1085.768292,1049.198819,2171.536584,2,5749147
87812797,2026-07-24T08:21:55.5151383,1085.767580,1068.638728,2171.535159,2,4330285
87920161,2026-07-24T21:31:19.5535967,1085.767490,1043.103157,2171.534981,2,3032462
87857867,2026-07-24T14:06:57.5313685,1085.767348,1081.593778,2171.534696,2,4104802
87929840,2026-07-24T22:31:22.5416822,1085.752900,1067.304255,2171.505799,2,4591750
87822153,2026-07-24T09:34:25.4256129,1085.747698,1081.256917,2171.495397,2,4322245
87747053,2026-07-24T00:01:25.1544144,1085.722873,1069.964184,2171.445746,2,5480802
87758251,2026-07-24T01:25:58.2499911,1085.703918,1027.327232,2171.407836,2,5888086
87827893,2026-07-24T10:18:25.2091305,1085.695237,1057.073584,2171.390474,2,3347815
87900523,2026-07-24T19:27:19.8068932,1085.686404,1068.779106,2171.372809,2,4257967
87820068,2026-07-24T09:18:26.1511036,1085.684715,1062.558802,2171.369429,2,5304874
87910597,2026-07-24T20:35:20.0610692,1085.666586,1072.531329,2171.333173,2,5115260
87836805,2026-07-24T11:26:27.9946361,1085.652247,1059.397404,2171.304495,2,4045659
87833057,2026-07-24T10:58:25.5913141,1085.650811,1083.435650,2171.301623,2,2971936
87749765,2026-07-24T00:21:55.2979274,1085.610646,1041.633377,2171.221292,2,5427000
87926189,2026-07-24T22:07:19.3599118,1085.588636,1033.237116,2171.177272,2,3991259
87863092,2026-07-24T14:47:03.1838199,1085.581937,1068.899534,2171.163874,2,4447316
87924274,2026-07-24T21:55:19.6808578,1085.578259,1061.491009,2171.156518,2,6980462
87929825,2026-07-24T22:31:22.4972650,1085.577581,1080.657882,2171.155162,2,4658742
87751391,2026-07-24T00:33:55.5631378,1085.573673,1083.403421,2171.147347,2,6749442
87765952,2026-07-24T02:25:56.1743387,1085.557243,1065.103333,2171.114487,2,4640642
87777095,2026-07-24T03:49:55.3986902,1085.534307,1061.231559,2171.068614,2,1785535
87940928,2026-07-24T23:43:21.8306482,1085.514711,1079.196594,2171.029423,2,7421471
87774862,2026-07-24T03:33:55.2211827,1085.513483,1083.474334,2171.026967,2,3428501
87820621,2026-07-24T09:22:25.4316815,1085.496383,1071.754917,2170.992766,2,5378259
87844719,2026-07-24T12:26:56.6005181,1085.468332,1071.520464,2170.936663,2,6002948
87803410,2026-07-24T07:09:55.5167640,1085.452313,1059.745728,2170.904626,2,2366455
87801281,2026-07-24T06:53:56.0195503,1085.439971,1057.252343,2170.879943,2,7320697
87757195,2026-07-24T01:17:55.4964869,1085.424519,1062.212470,2170.849038,2,4723123
87854643,2026-07-24T13:42:55.8965804,1085.424166,1055.739813,2170.848332,2,3243040
87748726,2026-07-24T00:13:25.5932240,1085.405908,1068.994096,2170.811817,2,5509159
87932196,2026-07-24T22:47:21.7464195,1085.403142,1081.094855,2170.806284,2,3385524
87924277,2026-07-24T21:55:19.6859258,1085.391007,1054.010840,2170.782013,2,2509961
87906326,2026-07-24T20:07:18.3437832,1085.389685,1052.407295,2170.779370,2,4654043
87791320,2026-07-24T05:37:56.7596276,1085.371127,1080.930630,2170.742253,2,3680207
87813771,2026-07-24T08:30:25.6529854,1085.367161,1051.949612,2170.734322,2,3761084
87821095,2026-07-24T09:26:27.1967256,1085.363507,1047.819095,2170.727014,2,4089505
87813873,2026-07-24T08:30:25.8386489,1085.362517,1073.721152,2170.725034,2,5753809
87919356,2026-07-24T21:27:20.5839143,1085.358260,1068.524827,2170.716519,2,2127410
87757230,2026-07-24T01:17:55.6557951,1085.346758,1063.106331,2170.693515,2,7051984
87828944,2026-07-24T10:26:26.3971088,1085.312331,1048.726923,2170.624662,2,5795288
87901684,2026-07-24T19:35:19.3854558,1085.310549,1071.025139,2170.621098,2,4519330
87845311,2026-07-24T12:30:56.0418822,1085.310310,1081.314669,2170.620621,2,5039849
87821725,2026-07-24T09:30:25.5880745,1085.279055,1080.777094,2170.558110,2,4261234
87749792,2026-07-24T00:21:55.3368947,1085.276394,1084.166753,2170.552788,2,4464756
87936113,2026-07-24T23:11:21.2721587,1085.270613,1079.827292,2170.541227,2,6064608
87916375,2026-07-24T21:11:24.8517554,1085.246581,1083.499569,2170.493162,2,4879988
87941488,2026-07-24T23:47:22.0512672,1085.211632,1070.152061,2170.423265,2,6117847
87908118,2026-07-24T20:19:20.2001251,1085.195218,1080.263660,2170.390436,2,976049
87778192,2026-07-24T03:57:56.6555784,1085.194071,1071.351032,2170.388143,2,4577342
87838936,2026-07-24T11:42:26.0466741,1085.193400,1069.090107,2170.386801,2,5440601
87768794,2026-07-24T02:45:56.8016543,1085.150935,1084.142378,2170.301871,2,1772291
87932242,2026-07-24T22:47:21.8347938,1085.145016,1053.596679,2170.290032,2,2270978
87934864,2026-07-24T23:03:22.2330419,1085.106123,1079.622317,2170.212246,2,4245238
87763846,2026-07-24T02:09:54.9565959,1085.098564,1078.091143,2170.197128,2,6293440
87857883,2026-07-24T14:06:57.5518941,1085.091015,1077.121349,2170.182030,2,1437392
87867298,2026-07-24T15:18:56.7372113,1085.089293,1061.696577,2170.178586,2,2891969
87756734,2026-07-24T01:13:55.3581392,1085.050031,1065.309982,2170.100061,2,4036918
87850988,2026-07-24T13:14:55.9207571,1085.044557,1078.965811,2170.089114,2,5614706
87902326,2026-07-24T19:39:21.6137630,1085.038152,1064.995595,2170.076304,2,5198561
87917813,2026-07-24T21:19:21.2868050,1085.035857,1056.549266,2170.071714,2,4791465
87747659,2026-07-24T00:05:29.7131460,1085.025664,1075.008304,2170.051329,2,6338550
87821622,2026-07-24T09:30:25.3925246,1085.014084,1061.689468,2170.028168,2,5260261
87748196,2026-07-24T00:09:25.4338756,1085.012660,1076.964297,2170.025320,2,7249441
87782334,2026-07-24T04:29:55.9547397,1084.998398,1046.957206,2169.996796,2,6742162
87876301,2026-07-24T16:31:20.0266488,1084.982547,1050.957455,2169.965094,2,2854027
87808064,2026-07-24T07:45:58.1536389,1084.980033,1058.857819,2169.960065,2,4371111
87918635,2026-07-24T21:23:19.6494439,1084.976029,1081.440560,2169.952057,2,991861
87827459,2026-07-24T10:14:25.6416818,1084.961604,1059.311547,2169.923208,2,1474660
87890946,2026-07-24T18:19:22.8700259,1084.947678,1036.352979,2169.895356,2,5329176
87832585,2026-07-24T10:54:25.5540523,1084.939956,1022.916950,2169.879912,2,3697946
87842046,2026-07-24T12:07:02.1501924,1084.934871,1051.398612,2169.869743,2,3975100
87781829,2026-07-24T04:26:02.7180696,1084.918649,1066.821625,2169.837298,2,9275396
87748737,2026-07-24T00:13:25.6182562,1084.917632,1069.698909,2169.835265,2,4909119
87910581,2026-07-24T20:35:20.0381659,1084.896750,1078.070213,2169.793501,2,4098882
87750134,2026-07-24T00:26:01.0801461,1084.895526,1073.777794,2169.791053,2,4243877
87819044,2026-07-24T09:10:25.6333559,1084.873842,1077.139013,2169.747684,2,5424652
87855719,2026-07-24T13:50:55.6092597,1084.858678,1079.398523,2169.717356,2,6634176
87763986,2026-07-24T02:09:55.1652426,1084.857701,1021.162797,2169.715401,2,5101967
87905170,2026-07-24T19:59:20.0810647,1084.816103,1080.917854,2169.632206,2,3839605
87828415,2026-07-24T10:22:25.4445293,1084.812074,1060.576983,2169.624147,2,4308588
87836804,2026-07-24T11:26:27.9927447,1084.811207,1053.656923,2169.622414,2,5687691
87856204,2026-07-24T13:54:55.8651799,1084.803376,1039.287974,2169.606752,2,4977087
87762427,2026-07-24T01:57:55.4186957,1084.799134,1055.288049,2169.598267,2,4252129
87908727,2026-07-24T20:23:21.4608397,1084.787144,1068.921355,2169.574287,2,3654618
87750344,2026-07-24T00:26:01.0529496,1084.786987,1032.728887,2169.573974,2,5280310
87855500,2026-07-24T13:50:55.2554124,1084.770971,1080.394635,2169.541942,2,5127124
87857902,2026-07-24T14:06:57.5862691,1084.751642,1071.518598,2169.503285,2,826613
87809154,2026-07-24T07:53:55.5867734,1084.750368,1061.975249,2169.500737,2,5599040
87917815,2026-07-24T21:19:21.2842693,1084.744948,1066.709050,2169.489896,2,4364267
87898247,2026-07-24T19:11:19.0476351,1084.708428,1077.843970,2169.416856,2,4951183
87818760,2026-07-24T09:10:25.1978962,1084.692292,1047.744675,2169.384584,2,4629998
87817943,2026-07-24T09:02:25.4897507,1084.679286,1055.592052,2169.358573,2,6628874
87812754,2026-07-24T08:21:55.4492096,1084.672828,1068.094964,2169.345655,2,5907064
87848866,2026-07-24T12:58:55.7912346,1084.656919,1074.089566,2169.313838,2,3534046
87818458,2026-07-24T09:06:27.5856861,1084.643590,1052.498676,2169.287179,2,4786450
87783941,2026-07-24T04:41:55.5233368,1084.637894,1078.379072,2169.275789,2,5102194
87917132,2026-07-24T21:15:19.8124877,1084.617792,1066.407753,2169.235584,2,4977441
87916365,2026-07-24T21:11:24.8225822,1084.604351,1058.655601,2169.208701,2,8102242
87916377,2026-07-24T21:11:24.8467864,1084.598837,1066.060082,2169.197674,2,3979313
87751359,2026-07-24T00:33:55.5145753,1084.593925,1027.459886,2169.187849,2,5157906
87814412,2026-07-24T08:34:25.6519679,1084.584767,1079.217965,2169.169534,2,4709833
87747066,2026-07-24T00:01:25.1769121,1084.573916,1083.159192,2169.147831,2,4173542
87772952,2026-07-24T03:17:55.8651582,1084.553708,1065.282506,2169.107417,2,4575493
87937328,2026-07-24T23:19:25.0331211,1084.527521,1038.955775,2169.055042,2,5066595
87839422,2026-07-24T11:46:35.7593697,1084.526394,1064.173075,2169.052787,2,7043800
87747672,2026-07-24T00:05:29.7406694,1084.524647,1065.940418,2169.049293,2,4098362
87930999,2026-07-24T22:39:22.4844300,1084.524276,1069.869593,2169.048552,2,6907559
87854114,2026-07-24T13:38:55.8092757,1084.522979,1063.252150,2169.045959,2,5702531
87940358,2026-07-24T23:39:22.5237665,1084.518341,1072.020143,2169.036682,2,4654195
87809104,2026-07-24T07:53:55.5130441,1084.517587,1055.174986,2169.035173,2,5684414
87850439,2026-07-24T13:10:55.8483685,1084.506229,1061.530206,2169.012458,2,3295009
87782121,2026-07-24T04:29:55.5680301,1084.500805,1078.766045,2169.001610,2,3831040
87908145,2026-07-24T20:19:20.2516823,1084.481171,1066.677502,2168.962342,2,4516222
87826847,2026-07-24T10:10:27.5185413,1084.476227,1082.075118,2168.952454,2,4500832
87748715,2026-07-24T00:13:25.5870673,1084.475544,1056.635966,2168.951088,2,5499049
87895394,2026-07-24T18:51:18.0212890,1084.452048,1056.597359,2168.904095,2,3655541
87834235,2026-07-24T11:06:27.2499277,1084.451132,1069.613619,2168.902264,2,5220651
87754551,2026-07-24T00:57:55.0297078,1084.444665,1071.157894,2168.889330,2,7607639
87797117,2026-07-24T06:21:54.2349318,1084.438825,1042.174662,2168.877650,2,4580590
87831049,2026-07-24T10:42:25.6225470,1084.415217,1069.621873,2168.830433,2,4701636
87929250,2026-07-24T22:27:21.0219021,1084.358911,1051.175521,2168.717822,2,5132868
87760314,2026-07-24T01:41:55.6815249,1084.356448,1024.036745,2168.712896,2,4283112
87912337,2026-07-24T20:47:19.6283246,1084.345299,1039.787039,2168.690599,2,5221443
87898229,2026-07-24T19:11:19.0181000,1084.340495,1057.726853,2168.680991,2,4370485
87820046,2026-07-24T09:18:26.1103577,1084.338241,1040.663729,2168.676483,2,4427573
87897690,2026-07-24T19:07:20.0740955,1084.305719,1083.398230,2168.611438,2,3762195
87918643,2026-07-24T21:23:19.6608730,1084.300534,1070.637420,2168.601069,2,5212634
87894827,2026-07-24T18:47:18.1829527,1084.277743,1067.819454,2168.555485,2,3760342
87862529,2026-07-24T14:42:58.5884480,1084.246479,1070.350065,2168.492958,2,5916618
87773941,2026-07-24T03:25:58.3045103,1084.216072,1054.605249,2168.432144,2,4622484
87758845,2026-07-24T01:29:55.5668244,1084.206319,1056.056159,2168.412638,2,2939617
87763482,2026-07-24T02:05:58.2132759,1084.185791,1043.690325,2168.371581,2,3572114
87897696,2026-07-24T19:07:20.0829003,1084.183075,1082.516119,2168.366150,2,5300797
87883588,2026-07-24T17:27:20.4177383,1084.151569,1064.317836,2168.303137,2,6104639
87821170,2026-07-24T09:26:27.3765765,1084.150830,1081.976931,2168.301660,2,4525767
87751973,2026-07-24T00:37:55.3716650,1084.150642,1083.012746,2168.301284,2,4943004
87817521,2026-07-24T08:58:26.1686253,1084.149767,1079.185584,2168.299535,2,6428704
87806540,2026-07-24T07:33:58.6758899,1084.119043,1077.721073,2168.238087,2,6215679
87905779,2026-07-24T20:03:21.9414213,1084.115229,1072.474148,2168.230458,2,4167890
87932249,2026-07-24T22:47:21.8472651,1084.112537,1053.671261,2168.225074,2,5216470
87902278,2026-07-24T19:39:21.5082156,1084.104008,1068.376477,2168.208017,2,2700475
87755856,2026-07-24T01:09:55.1876477,1084.090099,1048.843082,2168.180198,2,4905487
87798596,2026-07-24T06:33:55.4769899,1084.089478,1043.022584,2168.178956,2,114367482
87942592,2026-07-24T23:55:21.8516745,1084.088912,1045.164457,2168.177824,2,4271711
87893769,2026-07-24T18:39:21.1789821,1084.064879,1078.588450,2168.129758,2,5347158
87844626,2026-07-24T12:26:56.5867832,1084.006035,1064.990112,2168.012069,2,6260986
87816411,2026-07-24T08:50:33.5494879,1083.970238,1058.230873,2167.940476,2,2995980
87902859,2026-07-24T19:43:22.4899344,1083.954033,1081.636867,2167.908066,2,5863892
87926811,2026-07-24T22:11:19.1611498,1083.952741,1076.240544,2167.905483,2,6689496
87901086,2026-07-24T19:31:18.0977631,1083.936844,1055.594856,2167.873687,2,902144
87781800,2026-07-24T04:26:02.6539347,1083.895554,1038.599691,2167.791108,2,5677722
87855692,2026-07-24T13:50:55.5641781,1083.894089,1058.933486,2167.788179,2,4923696
87850537,2026-07-24T13:10:56.0096538,1083.894082,1065.087652,2167.788165,2,5645300
87941522,2026-07-24T23:47:22.1177242,1083.887690,1065.266587,2167.775381,2,3666875
87911151,2026-07-24T20:39:24.3965370,1083.875476,1036.112983,2167.750951,2,5604900
87841005,2026-07-24T11:58:55.9076869,1083.805384,1057.214843,2167.610768,2,5580824
87867653,2026-07-24T15:22:55.5635391,1083.786142,1050.414185,2167.572284,2,3779078
87749812,2026-07-24T00:21:55.3748303,1083.784345,1065.703309,2167.568691,2,4806830
87911728,2026-07-24T20:43:19.8086636,1083.766345,1025.118988,2167.532690,2,4264798
87810567,2026-07-24T08:05:57.6066178,1083.754711,1054.657378,2167.509423,2,4838855
87917114,2026-07-24T21:15:19.7893548,1083.742567,1070.954128,2167.485135,2,4026215
87823209,2026-07-24T09:42:25.4821638,1083.737857,1080.721446,2167.475715,2,4441494
87865585,2026-07-24T15:06:57.9686322,1083.724218,1075.556478,2167.448435,2,2223414
87876332,2026-07-24T16:31:20.0876736,1083.722234,1066.575621,2167.444469,2,3793330
87752433,2026-07-24T00:41:57.3038604,1083.716639,1056.821028,2167.433278,2,3196564
87782829,2026-07-24T04:33:55.3393063,1083.715969,1026.565781,2167.431938,2,3834990
87894915,2026-07-24T18:47:18.3562361,1083.715341,1074.508230,2167.430681,2,5161961
87911784,2026-07-24T20:43:19.9380474,1083.711551,1078.093473,2167.423102,2,5703495
87924958,2026-07-24T21:59:20.8537395,1083.695159,1081.214031,2167.390318,2,3621335
87855694,2026-07-24T13:50:55.5672692,1083.689463,1040.258262,2167.378927,2,4172500
87846890,2026-07-24T12:42:58.4427311,1083.688283,1081.477304,2167.376566,2,5366098
87819524,2026-07-24T09:14:25.4248182,1083.683076,1051.251837,2167.366153,2,5390869
87905758,2026-07-24T20:03:21.9001315,1083.627758,1076.859782,2167.255515,2,6787199
87909374,2026-07-24T20:27:20.3852624,1083.625008,1055.386186,2167.250015,2,3300683
87828454,2026-07-24T10:22:25.5149258,1083.619738,1072.282659,2167.239476,2,5422542
87841872,2026-07-24T12:07:01.8377053,1083.596105,1050.492419,2167.192209,2,4580136
87830536,2026-07-24T10:38:26.5869836,1083.593988,1077.781352,2167.187976,2,5113621
87778144,2026-07-24T03:57:56.5586429,1083.593101,1064.136558,2167.186202,2,4928603
87836806,2026-07-24T11:26:27.9998829,1083.588672,1054.033052,2167.177344,2,3842015
87775006,2026-07-24T03:33:55.5006404,1083.585143,1051.949504,2167.170287,2,1933017
87926840,2026-07-24T22:11:19.2132398,1083.579087,1035.639713,2167.158174,2,4163180
87850962,2026-07-24T13:14:55.8746099,1083.564948,1048.633896,2167.129896,2,5785356
87914936,2026-07-24T21:03:19.2681433,1083.553823,1058.230800,2167.107646,2,4132232
87895506,2026-07-24T18:51:18.2098175,1083.550648,1072.416061,2167.101297,2,5064538
87895963,2026-07-24T18:55:18.0091816,1083.540848,1059.896098,2167.081696,2,4425284
87803377,2026-07-24T07:09:55.4693727,1083.508728,1071.631927,2167.017455,2,4712313
87769213,2026-07-24T02:50:08.7557623,1083.502279,1006.526564,2167.004559,2,2375415
87845212,2026-07-24T12:30:55.8695091,1083.484696,1076.412742,2166.969391,2,4363832
87848328,2026-07-24T12:54:55.9726757,1083.457391,1048.010980,2166.914782,2,5909107
87837092,2026-07-24T11:30:25.7804292,1083.450925,1050.061074,2166.901849,2,3958182
87827363,2026-07-24T10:14:25.4100684,1083.447852,1050.717958,2166.895704,2,5602445
87878689,2026-07-24T16:51:21.7197651,1083.445651,1075.947769,2166.891303,2,4830542
87899957,2026-07-24T19:23:20.8994195,1083.445501,1071.078067,2166.891002,2,5437773
87864124,2026-07-24T14:54:58.6462595,1083.443425,1060.254084,2166.886849,2,3616435
87754533,2026-07-24T00:57:54.9959849,1083.429932,1062.001835,2166.859863,2,1444529
87836298,2026-07-24T11:22:26.6862870,1083.420270,1066.472200,2166.840540,2,5043162
87850386,2026-07-24T13:10:55.7564226,1083.407524,1072.279883,2166.815048,2,3925510
87749764,2026-07-24T00:21:55.2991444,1083.407330,1064.453152,2166.814659,2,2680134
87926190,2026-07-24T22:07:19.3695238,1083.392216,1050.055650,2166.784432,2,5137933
87940397,2026-07-24T23:39:22.6138914,1083.391289,1039.554145,2166.782578,2,2030424
87855192,2026-07-24T13:46:57.9545938,1083.387068,1059.823309,2166.774135,2,3276753
87931055,2026-07-24T22:39:22.5973248,1083.327252,1044.223739,2166.654504,2,4229021
87817024,2026-07-24T08:54:25.8427338,1083.320312,1070.207005,2166.640624,2,5037673
87939131,2026-07-24T23:31:23.3337038,1083.310586,1076.495467,2166.621173,2,2760278
87860542,2026-07-24T14:26:56.9307463,1083.291845,1080.890701,2166.583690,2,4177488
87811224,2026-07-24T08:09:56.2164223,1083.272004,1073.886977,2166.544008,2,2025410
87859150,2026-07-24T14:18:55.8237614,1083.232807,1081.105670,2166.465614,2,5341258
87926800,2026-07-24T22:11:19.1289025,1083.225780,1036.976012,2166.451560,2,4144090
87857769,2026-07-24T14:06:57.3395609,1083.224270,1063.569991,2166.448540,2,4534713
87837865,2026-07-24T11:34:26.1368167,1083.198187,1054.613736,2166.396373,2,5688353
87894890,2026-07-24T18:47:18.3133225,1083.170504,1079.288473,2166.341008,2,5064213
87908715,2026-07-24T20:23:21.4361213,1083.156222,1067.391002,2166.312445,2,6199811
87830502,2026-07-24T10:38:26.5474375,1083.147444,1040.462218,2166.294888,2,8600451
87811758,2026-07-24T08:13:55.8646955,1083.115172,1076.936295,2166.230344,2,4602497
87842574,2026-07-24T12:10:55.8830761,1083.111942,1050.284027,2166.223885,2,5758211
87861493,2026-07-24T14:34:57.1203946,1083.103157,1070.912026,2166.206314,2,1168963
87833674,2026-07-24T11:02:28.7871371,1083.092279,1060.355228,2166.184559,2,3680576
87918644,2026-07-24T21:23:19.6714015,1083.083771,1065.738706,2166.167541,2,6142999
87860358,2026-07-24T14:26:56.5627229,1083.071716,1060.025566,2166.143432,2,5191010
87921511,2026-07-24T21:39:22.9607951,1083.060868,1082.531503,2166.121736,2,5327777
87894809,2026-07-24T18:47:18.1547800,1083.047021,1039.324231,2166.094043,2,6646716
87908737,2026-07-24T20:23:21.4794402,1083.044252,1071.610691,2166.088503,2,8621253
87867790,2026-07-24T15:22:55.7965431,1083.014729,1076.532826,2166.029459,2,3676138
87774955,2026-07-24T03:33:55.4247245,1083.002735,1041.756343,2166.005470,2,5136492
87934889,2026-07-24T23:03:22.2790678,1082.990881,1029.130136,2165.981762,2,5385406
87838892,2026-07-24T11:42:25.9793928,1082.988522,1051.573236,2165.977043,2,1646856
87912970,2026-07-24T20:51:19.6899801,1082.980941,1075.868214,2165.961883,2,6706374
87752951,2026-07-24T00:46:03.2748752,1082.947069,1056.550211,2165.894138,2,3946487
87901127,2026-07-24T19:31:18.1851141,1082.916371,1067.333152,2165.832742,2,4501984
87824787,2026-07-24T09:54:32.5651763,1082.915666,1075.770642,2165.831331,2,4657868
87798563,2026-07-24T06:33:55.4254598,1082.913123,1081.654186,2165.826247,2,2972786
87834702,2026-07-24T11:10:25.7287909,1082.902370,1041.613394,2165.804740,2,5503281
87834182,2026-07-24T11:06:27.1331453,1082.897318,1043.678386,2165.794635,2,6826825
87923653,2026-07-24T21:51:19.6835981,1082.889442,1058.830350,2165.778883,2,4840318
87809532,2026-07-24T07:57:56.0193806,1082.883903,1068.420106,2165.767805,2,5499431
87938552,2026-07-24T23:27:22.2802048,1082.878802,1080.130544,2165.757604,2,4202191
87909966,2026-07-24T20:31:20.6679134,1082.838847,1048.245516,2165.677695,2,5086662
87833120,2026-07-24T10:58:25.6935634,1082.838830,1042.562715,2165.677661,2,4401953
87910571,2026-07-24T20:35:20.0119504,1082.824443,1075.564035,2165.648886,2,4425818
87932950,2026-07-24T22:51:21.8791443,1082.820107,1073.209345,2165.640214,2,6979164
87896374,2026-07-24T18:59:19.3783176,1082.814604,1041.211816,2165.629208,2,3665337
87936082,2026-07-24T23:11:21.2143424,1082.782994,1073.979551,2165.565987,2,5177018
87814812,2026-07-24T08:38:25.9961147,1082.771317,1048.420521,2165.542633,2,4887138
87834708,2026-07-24T11:10:25.7397484,1082.760057,1062.274513,2165.520113,2,5050443
87833649,2026-07-24T11:02:28.7578186,1082.745980,1044.833251,2165.491960,2,4724525
87855019,2026-07-24T13:46:57.6871286,1082.731554,1039.808407,2165.463109,2,5486425
87783457,2026-07-24T04:37:56.0321907,1082.715566,1050.003271,2165.431132,2,4803219
87867315,2026-07-24T15:18:56.7706855,1082.710984,1051.619782,2165.421968,2,6238709
87809162,2026-07-24T07:53:55.5924480,1082.699390,1067.169845,2165.398781,2,5361695
87757693,2026-07-24T01:21:55.1110162,1082.695552,1040.773641,2165.391104,2,4381282
87821668,2026-07-24T09:30:25.4629490,1082.695018,1066.897900,2165.390037,2,5335137
87824183,2026-07-24T09:50:31.8761101,1082.690018,1073.623329,2165.380037,2,2411538
87888638,2026-07-24T18:03:19.7365456,1082.677704,1003.521453,2165.355408,2,4805434
87898799,2026-07-24T19:15:18.2093067,1082.663813,1068.520504,2165.327625,2,5754815
87854657,2026-07-24T13:42:55.9142297,1082.653592,1069.236232,2165.307185,2,4721961
87906923,2026-07-24T20:11:18.3220389,1082.651154,1053.192167,2165.302307,2,768309
87929877,2026-07-24T22:31:22.6170608,1082.648984,1043.147556,2165.297968,2,2409088
87879159,2026-07-24T16:55:19.5808700,1082.641326,1080.472704,2165.282651,2,4821945
87747078,2026-07-24T00:01:25.1930934,1082.634638,1074.898866,2165.269276,2,3964615
87905741,2026-07-24T20:03:21.8688556,1082.633864,1024.836568,2165.267729,2,4638711
87832638,2026-07-24T10:54:25.6211214,1082.632557,1063.920048,2165.265114,2,2783942
87915589,2026-07-24T21:07:24.9533866,1082.615139,1072.111185,2165.230278,2,4262386
87828525,2026-07-24T10:22:25.6425583,1082.593593,1076.651672,2165.187187,2,3441103
87760089,2026-07-24T01:41:55.3066265,1082.587052,1073.490201,2165.174103,2,7072534
87851499,2026-07-24T13:18:55.8796277,1082.564029,1059.185060,2165.128058,2,4753425
87928611,2026-07-24T22:23:19.3943037,1082.510989,1078.094345,2165.021978,2,5856647
87901001,2026-07-24T19:31:17.9229185,1082.508782,1076.495873,2165.017564,2,5408872
87904111,2026-07-24T19:51:18.7905758,1082.492954,1056.817617,2164.985908,2,1864758
87755598,2026-07-24T01:05:57.4370205,1082.481881,1053.961503,2164.963763,2,3887089
87943146,2026-07-24T23:59:22.8866876,1082.470868,1067.492014,2164.941737,2,5146241
87825773,2026-07-24T10:02:27.8462398,1082.468216,1066.206775,2164.936433,2,6718009
87852049,2026-07-24T13:22:57.9455543,1082.463002,1074.845105,2164.926003,2,4378606
87919330,2026-07-24T21:27:20.5251369,1082.461776,1053.082342,2164.923552,2,4588086
87854690,2026-07-24T13:42:55.9702217,1082.446196,1066.876690,2164.892393,2,960113
87808549,2026-07-24T07:49:55.4705184,1082.445344,1052.919003,2164.890688,2,5575629
87930997,2026-07-24T22:39:22.4736110,1082.425433,1040.492159,2164.850867,2,2751220
87927388,2026-07-24T22:15:19.3255627,1082.406480,1068.854588,2164.812961,2,3762275
87923611,2026-07-24T21:51:19.5984218,1082.399914,1044.538550,2164.799828,2,7496678
87758690,2026-07-24T01:29:55.3040285,1082.387078,1063.268957,2164.774157,2,3872618
87838204,2026-07-24T11:38:25.6623089,1082.385617,1081.112531,2164.771234,2,5857883
87789222,2026-07-24T05:21:55.8132599,1082.379059,1057.638573,2164.758118,2,4930435
87804464,2026-07-24T07:17:56.2921166,1082.378452,1048.267141,2164.756905,2,3202251
87816907,2026-07-24T08:54:25.6558576,1082.371351,1045.623316,2164.742702,2,4049512
87836910,2026-07-24T11:26:28.2453334,1082.355465,1068.173895,2164.710930,2,2945213
87832602,2026-07-24T10:54:25.5661705,1082.342727,1038.789376,2164.685455,2,6863614
87781815,2026-07-24T04:26:02.6820042,1082.333245,1047.833327,2164.666491,2,6450135
87806961,2026-07-24T07:37:55.6228166,1082.314905,1032.849957,2164.629809,2,4787647
87922949,2026-07-24T21:47:19.3116113,1082.307334,1049.746536,2164.614668,2,5014368
87852605,2026-07-24T13:27:01.9886095,1082.303643,1074.176375,2164.607285,2,2538763
87751366,2026-07-24T00:33:55.5256996,1082.278950,1031.538560,2164.557900,2,3930687
87752330,2026-07-24T00:41:57.1496019,1082.270507,1027.161123,2164.541014,2,5391512
87800710,2026-07-24T06:49:55.6757919,1082.257094,1032.479793,2164.514187,2,6037369
87748711,2026-07-24T00:13:25.5852251,1082.244194,1037.756416,2164.488387,2,6067160
87909335,2026-07-24T20:27:20.2756202,1082.238853,1061.598752,2164.477705,2,5364760
87938000,2026-07-24T23:23:21.6396513,1082.237172,1056.231194,2164.474345,2,4848769
87849915,2026-07-24T13:07:02.5110544,1082.231992,1043.107632,2164.463985,2,5043108
87777070,2026-07-24T03:49:55.3498027,1082.227383,1043.723566,2164.454767,2,5650299
87847279,2026-07-24T12:46:58.1073266,1082.209534,1066.706552,2164.419069,2,6508513
87785450,2026-07-24T04:53:55.4529273,1082.201037,1069.790672,2164.402074,2,5443310
87842595,2026-07-24T12:10:55.9152083,1082.182030,1055.933868,2164.364060,2,5169298
87844191,2026-07-24T12:22:56.4683288,1082.170135,1062.093566,2164.340270,2,5478657
87922927,2026-07-24T21:47:19.2802752,1082.149603,1081.363605,2164.299206,2,5573722
87845839,2026-07-24T12:34:57.7353031,1082.131606,1081.889217,2164.263212,2,6304303
87852020,2026-07-24T13:22:57.8943842,1082.119313,1078.155510,2164.238626,2,6609696
87937341,2026-07-24T23:19:25.0569066,1082.118109,1065.945427,2164.236218,2,4529862
87919331,2026-07-24T21:27:20.5287998,1082.112173,1057.100450,2164.224346,2,6536601
87934313,2026-07-24T22:59:26.8093412,1082.108592,1067.861611,2164.217184,2,5519648
87896077,2026-07-24T18:55:18.2084592,1082.104297,1077.761405,2164.208594,2,4524385
87829463,2026-07-24T10:30:25.6306528,1082.088348,1035.693061,2164.176696,2,4990842
87907568,2026-07-24T20:15:18.4183390,1082.068895,1053.349530,2164.137790,2,4271027
87914903,2026-07-24T21:03:19.2019310,1082.063160,1073.404265,2164.126320,2,5225617
87757517,2026-07-24T01:21:54.7235096,1082.045854,1059.776070,2164.091708,2,5814430
87830419,2026-07-24T10:38:26.4203484,1082.035037,1073.011642,2164.070073,2,5880383
87821628,2026-07-24T09:30:25.4077735,1082.034528,1052.624075,2164.069055,2,4259371
87938564,2026-07-24T23:27:22.2948199,1082.028186,1077.209103,2164.056372,2,4203186
87829989,2026-07-24T10:34:25.5735698,1082.015740,1047.061140,2164.031480,2,3356478
87821940,2026-07-24T09:34:25.0856606,1081.966087,1041.452145,2163.932173,2,5593218
87821620,2026-07-24T09:30:25.3883151,1081.955942,1045.427566,2163.911884,2,4781066
87801303,2026-07-24T06:53:56.0499027,1081.939496,1055.096956,2163.878992,2,5143763
87915603,2026-07-24T21:07:24.9700040,1081.918634,1074.735500,2163.837269,2,6120248
87909336,2026-07-24T20:27:20.2836138,1081.912677,1053.369396,2163.825354,2,2171349
87912977,2026-07-24T20:51:19.7088169,1081.908042,1064.661218,2163.816084,2,6055646
87815985,2026-07-24T08:46:27.1275733,1081.903497,1067.671754,2163.806994,2,6599300
87832595,2026-07-24T10:54:25.5576713,1081.898690,1015.057432,2163.797380,2,1491598
87755683,2026-07-24T01:05:57.6074995,1081.867231,1067.012625,2163.734461,2,4746107
87863580,2026-07-24T14:50:56.2382496,1081.825734,1055.525500,2163.651469,2,5186357
87942064,2026-07-24T23:51:21.3223713,1081.792542,1079.064256,2163.585085,2,3026992
87807076,2026-07-24T07:37:55.8876550,1081.783633,1052.564377,2163.567266,2,3437532
87908713,2026-07-24T20:23:21.4377424,1081.741833,1064.092821,2163.483666,2,4057585
87943147,2026-07-24T23:59:22.8833997,1081.737265,1070.488270,2163.474530,2,5920610
87849389,2026-07-24T13:02:55.5872983,1081.736625,1052.723243,2163.473251,2,3659164
87829519,2026-07-24T10:30:25.7278924,1081.713940,1069.443381,2163.427881,2,5678091
87857266,2026-07-24T14:02:58.1531100,1081.700795,1068.353527,2163.401590,2,4744146
87919982,2026-07-24T21:31:19.1004191,1081.699601,1036.621467,2163.399203,2,5590766
87897786,2026-07-24T19:07:20.3153501,1081.691575,1071.157314,2163.383150,2,5172686
87772775,2026-07-24T03:17:55.5408882,1081.689951,1069.738828,2163.379903,2,4773389
87809616,2026-07-24T07:57:56.1457282,1081.667667,1058.183671,2163.335334,2,5158939
87859450,2026-07-24T14:18:56.3455683,1081.659131,1071.745784,2163.318261,2,2841676
87878312,2026-07-24T16:47:20.5484612,1081.652400,1079.097599,2163.304800,2,4163931
87798064,2026-07-24T06:29:55.6368270,1081.644680,1079.245028,2163.289360,2,1558943
87837881,2026-07-24T11:34:26.1630080,1081.627778,1056.131963,2163.255557,2,5666477
87897671,2026-07-24T19:07:20.0172238,1081.621683,1064.132679,2163.243365,2,4536632
87826848,2026-07-24T10:10:27.5187347,1081.611723,1071.817735,2163.223447,2,3548821
87752489,2026-07-24T00:41:57.4153435,1081.606122,1079.163748,2163.212243,2,3935537
87824189,2026-07-24T09:50:31.8864369,1081.600317,1067.285681,2163.200634,2,3360616
87865529,2026-07-24T15:06:57.8562119,1081.599034,1048.656548,2163.198067,2,7511892
87838490,2026-07-24T11:38:26.1300620,1081.596328,1066.000365,2163.192656,2,4622254
87748720,2026-07-24T00:13:25.5979055,1081.594230,1073.088431,2163.188461,2,5166756
87898339,2026-07-24T19:11:19.2367706,1081.585295,1076.826702,2163.170590,2,5175451
87842073,2026-07-24T12:07:02.2034314,1081.581909,1060.388386,2163.163818,2,6525576
87858845,2026-07-24T14:14:55.8614215,1081.577952,1068.898863,2163.155904,2,4071775
87819656,2026-07-24T09:14:25.7333610,1081.575058,1072.948457,2163.150115,2,623102
87805387,2026-07-24T07:26:00.9447881,1081.566438,1062.641196,2163.132876,2,5965967
87750128,2026-07-24T00:26:01.0622463,1081.552547,1056.657314,2163.105094,2,5265581
87819069,2026-07-24T09:10:25.6891795,1081.544398,1068.643377,2163.088797,2,3716791
87942599,2026-07-24T23:55:21.8656829,1081.532971,1054.860547,2163.065942,2,5235060
87893241,2026-07-24T18:35:18.8428762,1081.509402,1071.206522,2163.018805,2,3649915
87859383,2026-07-24T14:18:56.2365041,1081.503525,1072.428435,2163.007051,2,4950653
87747643,2026-07-24T00:05:29.6779657,1081.490643,1074.291523,2162.981285,2,6169940
87832348,2026-07-24T10:54:25.1981818,1081.481454,1046.474220,2162.962908,2,4158663
87747081,2026-07-24T00:01:25.2002720,1081.481368,1075.223453,2162.962736,2,6000526
87918619,2026-07-24T21:23:19.6192538,1081.471742,1066.533338,2162.943483,2,4051831
87906955,2026-07-24T20:11:18.3732599,1081.460255,1070.536368,2162.920510,2,4634569
87824243,2026-07-24T09:50:31.9740226,1081.453204,1078.919745,2162.906407,2,934217
87748717,2026-07-24T00:13:25.5937560,1081.437681,1073.012641,2162.875362,2,3228336
87920802,2026-07-24T21:35:19.2860684,1081.428560,1065.153107,2162.857120,2,5053184
87777650,2026-07-24T03:53:55.2250409,1081.390280,1050.956195,2162.780560,2,2226759
87921502,2026-07-24T21:39:22.9454952,1081.369954,1052.795043,2162.739908,2,5125315
87829994,2026-07-24T10:34:25.5754545,1081.366061,1052.304020,2162.732122,2,3622809
87864572,2026-07-24T14:58:59.7932027,1081.357419,1070.521033,2162.714838,2,5136270
87839429,2026-07-24T11:46:35.7625503,1081.326326,1049.643910,2162.652652,2,4372433
87922245,2026-07-24T21:43:19.6131857,1081.324450,1073.337817,2162.648901,2,4382128
87829489,2026-07-24T10:30:25.6819778,1081.318997,1062.714078,2162.637993,2,6428620
87874475,2026-07-24T16:19:21.6472752,1081.318177,1056.855021,2162.636355,2,3691961
87848341,2026-07-24T12:54:55.9821169,1081.309142,1060.980838,2162.618285,2,6678480
87916368,2026-07-24T21:11:24.8203311,1081.272820,1079.972240,2162.545640,2,5131660
87762246,2026-07-24T01:57:55.1199420,1081.249235,1058.141991,2162.498470,2,5277546
87876194,2026-07-24T16:31:19.7919918,1081.235590,1080.943904,2162.471179,2,3953625
87838893,2026-07-24T11:42:25.9845030,1081.231207,1053.839128,2162.462415,2,4983441
87754536,2026-07-24T00:57:55.0059173,1081.197146,1058.122126,2162.394291,2,700928
87930488,2026-07-24T22:35:21.4141913,1081.193655,1027.801689,2162.387309,2,5760659
87781851,2026-07-24T04:26:02.7489946,1081.192305,1041.994030,2162.384610,2,4088537
87776823,2026-07-24T03:49:54.8978785,1081.191226,1064.090310,2162.382452,2,5461291
87926247,2026-07-24T22:07:19.4927560,1081.187856,1036.103281,2162.375711,2,3760084
87897707,2026-07-24T19:07:20.0996870,1081.184136,1080.843133,2162.368273,2,5760743
87851527,2026-07-24T13:18:55.9303971,1081.171271,1067.049888,2162.342542,2,4135896
87826852,2026-07-24T10:10:27.5177628,1081.155782,1070.841000,2162.311565,2,4590761
87846835,2026-07-24T12:42:58.3318000,1081.154306,1071.064638,2162.308612,2,9162918
87770640,2026-07-24T03:02:09.3438876,1081.153320,1076.554686,2162.306640,2,6378651
87898848,2026-07-24T19:15:18.3042069,1081.150660,1080.346528,2162.301319,2,3589760
87748714,2026-07-24T00:13:25.5886245,1081.146104,1042.788702,2162.292208,2,5602770
87925556,2026-07-24T22:03:18.9565211,1081.143310,1047.918807,2162.286620,2,4800892
87830579,2026-07-24T10:38:26.6519804,1081.134018,1078.856272,2162.268035,2,4736557
87905183,2026-07-24T19:59:20.1033689,1081.115358,1073.636159,2162.230717,2,4881365
87820380,2026-07-24T09:22:25.0538915,1081.107247,1072.185251,2162.214493,2,6274683
87910576,2026-07-24T20:35:20.0221953,1081.096229,1051.661969,2162.192457,2,6154574
87937334,2026-07-24T23:19:25.0447809,1081.085809,1038.208006,2162.171618,2,4724408
87814295,2026-07-24T08:34:25.4739259,1081.079814,1056.669424,2162.159628,2,5841221
87825844,2026-07-24T10:02:27.9973092,1081.065342,1072.023327,2162.130684,2,2020643
87828485,2026-07-24T10:22:25.5650700,1081.056677,1077.550059,2162.113355,2,2987502
87922220,2026-07-24T21:43:19.5432569,1081.054723,1045.933875,2162.109445,2,3831110
87889688,2026-07-24T18:11:19.4551500,1081.049965,1069.407505,2162.099930,2,3713228
87848801,2026-07-24T12:58:55.7078623,1081.048263,1054.065601,2162.096527,2,6382124
87935535,2026-07-24T23:07:25.2075632,1081.026743,1076.540090,2162.053486,2,5512450
87914253,2026-07-24T20:59:21.2812829,1081.018879,1067.367768,2162.037759,2,4840468
87782294,2026-07-24T04:29:55.9024040,1081.014702,1074.167914,2162.029404,2,6263155
87912350,2026-07-24T20:47:19.6484159,1081.005837,1080.595564,2162.011675,2,4636095
87805456,2026-07-24T07:26:01.1554110,1081.000386,1044.306226,2162.000771,2,3832788
87764093,2026-07-24T02:09:55.3364576,1080.981622,1071.123473,2161.963245,2,4124046
87906329,2026-07-24T20:07:18.3711019,1080.978592,1071.886093,2161.957184,2,2369816
87904035,2026-07-24T19:51:18.6466140,1080.977982,1061.162378,2161.955964,2,4922842
87813894,2026-07-24T08:30:25.8817512,1080.966630,1069.979079,2161.933260,2,4244420
87878405,2026-07-24T16:47:20.6925864,1080.964864,1054.697994,2161.929728,2,5144008
87852543,2026-07-24T13:27:01.8784964,1080.952396,1063.481752,2161.904792,2,7317914
87922921,2026-07-24T21:47:19.2702261,1080.943853,1072.285004,2161.887706,2,4657827
87906988,2026-07-24T20:11:18.4176926,1080.941604,1052.457396,2161.883208,2,5108371
87763008,2026-07-24T02:01:55.9865977,1080.938641,1053.765063,2161.877282,2,7084095
87917819,2026-07-24T21:19:21.2984125,1080.908520,1068.537404,2161.817040,2,2454435
87818578,2026-07-24T09:06:27.8004644,1080.896782,1075.055914,2161.793564,2,4240947
87814392,2026-07-24T08:34:25.6177914,1080.896159,1069.822801,2161.792319,2,6524186
87794452,2026-07-24T06:01:54.2635043,1080.896063,1039.193854,2161.792125,2,6240035
87931008,2026-07-24T22:39:22.5018544,1080.875161,1077.974626,2161.750323,2,4880421
87934291,2026-07-24T22:59:26.7606408,1080.874596,1023.729211,2161.749191,2,3435042
87916378,2026-07-24T21:11:24.8572751,1080.864546,1070.443634,2161.729093,2,5362049
87920119,2026-07-24T21:31:19.4559696,1080.862752,1046.627109,2161.725504,2,3547690
87754003,2026-07-24T00:53:55.2523841,1080.850020,1061.456429,2161.700039,2,4986112
87863137,2026-07-24T14:47:03.2617346,1080.843227,1066.734969,2161.686454,2,4356372
87824167,2026-07-24T09:50:31.8582574,1080.833281,1066.828986,2161.666563,2,4485310
87755063,2026-07-24T01:01:55.8498483,1080.809463,1058.561586,2161.618927,2,3575952
87927390,2026-07-24T22:15:19.3262739,1080.807007,1047.026524,2161.614015,2,5267415
87923609,2026-07-24T21:51:19.5950991,1080.792303,1048.507578,2161.584607,2,4717207
87830003,2026-07-24T10:34:25.6046006,1080.787357,1036.103197,2161.574714,2,2795536
87939132,2026-07-24T23:31:23.3345631,1080.774028,1070.173636,2161.548056,2,5769835
87914906,2026-07-24T21:03:19.1980199,1080.768859,1064.657595,2161.537718,2,5230576
87876048,2026-07-24T16:31:19.5155981,1080.758937,1047.502438,2161.517874,2,3340212
87840473,2026-07-24T11:54:55.9004944,1080.745543,1046.521632,2161.491087,2,5655912
87921499,2026-07-24T21:39:22.9386229,1080.743048,1044.478758,2161.486096,2,7139081
87824179,2026-07-24T09:50:31.8668790,1080.729309,1053.052794,2161.458618,2,5206691
87914902,2026-07-24T21:03:19.2013863,1080.717547,1068.419666,2161.435095,2,5022610
87934909,2026-07-24T23:03:22.3337977,1080.701623,1074.024538,2161.403246,2,3551240
87907518,2026-07-24T20:15:18.2986701,1080.698770,1059.815205,2161.397541,2,3033738
87886327,2026-07-24T17:47:19.4155367,1080.690897,1073.894671,2161.381795,2,5288017
87763553,2026-07-24T02:05:58.4245763,1080.667113,1052.221964,2161.334225,2,4133825
87832704,2026-07-24T10:54:25.7150320,1080.663579,1069.718047,2161.327157,2,5934059
87820562,2026-07-24T09:22:25.3474683,1080.662640,1048.890817,2161.325279,2,3525998
87851505,2026-07-24T13:18:55.8889527,1080.648178,1053.743938,2161.296355,2,7536640
87823652,2026-07-24T09:46:50.1866581,1080.619418,1040.632751,2161.238835,2,3061478
87898884,2026-07-24T19:15:18.3717811,1080.551194,1066.416098,2161.102387,2,4123094
87755064,2026-07-24T01:01:55.8543162,1080.547727,1063.300124,2161.095453,2,4495062
87906932,2026-07-24T20:11:18.3525527,1080.479896,1062.528960,2160.959791,2,4859997
87772880,2026-07-24T03:17:55.7311470,1080.476051,1050.555006,2160.952103,2,2264396
87842562,2026-07-24T12:10:55.8447516,1080.466359,1036.069324,2160.932718,2,5009478
87807533,2026-07-24T07:41:55.5465654,1080.452350,1053.644272,2160.904699,2,4615816
87824725,2026-07-24T09:54:32.4573344,1080.422912,1073.959922,2160.845825,2,5590097
87890402,2026-07-24T18:15:21.9664666,1080.420977,1034.947760,2160.841954,2,3102387
87940357,2026-07-24T23:39:22.5236150,1080.415205,1077.706208,2160.830411,2,5934522
87858298,2026-07-24T14:10:57.8938143,1080.382474,1039.157564,2160.764949,2,1693103
87892128,2026-07-24T18:27:20.7321314,1080.367964,1050.757263,2160.735928,2,4476993
87900522,2026-07-24T19:27:19.8065765,1080.365168,1057.942495,2160.730337,2,4472130
87908750,2026-07-24T20:23:21.5237114,1080.357118,1066.733426,2160.714237,2,5568617
87895483,2026-07-24T18:51:18.1774120,1080.355588,1079.013049,2160.711176,2,5701834
87853076,2026-07-24T13:30:55.9877865,1080.348490,1054.277111,2160.696981,2,4377564
87909972,2026-07-24T20:31:20.6838515,1080.347314,1061.851104,2160.694629,2,2411810
87899395,2026-07-24T19:19:24.5037559,1080.340603,1080.186821,2160.681206,2,4199605
87909339,2026-07-24T20:27:20.2831734,1080.335668,1069.819116,2160.671337,2,5028334
87931597,2026-07-24T22:43:21.5012254,1080.329346,1055.641346,2160.658692,2,3363962
87939731,2026-07-24T23:35:21.3911891,1080.318823,1066.010434,2160.637647,2,7365264
87842048,2026-07-24T12:07:02.1557147,1080.318260,1040.175360,2160.636520,2,3436523
87925576,2026-07-24T22:03:18.9848612,1080.315181,1080.194918,2160.630361,2,5931985
87833656,2026-07-24T11:02:28.7691144,1080.295602,1047.070857,2160.591203,2,5435433
87937340,2026-07-24T23:19:25.0477619,1080.294655,1068.968560,2160.589311,2,3862088
87755072,2026-07-24T01:01:55.8674224,1080.294104,1061.567965,2160.588208,2,6876558
87931589,2026-07-24T22:43:21.4734149,1080.277788,1072.706046,2160.555576,2,4663798
87895391,2026-07-24T18:51:18.0206889,1080.274435,1048.235548,2160.548871,2,6244232
87901666,2026-07-24T19:35:19.2400296,1080.264259,1058.119579,2160.528518,2,5540330
87832161,2026-07-24T10:50:25.8803715,1080.255665,1064.245693,2160.511329,2,4569738
87843648,2026-07-24T12:18:56.2130918,1080.230520,1054.712578,2160.461041,2,5191254
87927996,2026-07-24T22:19:20.7062891,1080.224450,1061.695773,2160.448899,2,5705569
87884633,2026-07-24T17:35:25.8549169,1080.219488,1043.794602,2160.438976,2,4930897
87934305,2026-07-24T22:59:26.7844132,1080.196962,1064.780214,2160.393923,2,4648076
87835225,2026-07-24T11:14:25.9817348,1080.167469,1030.459175,2160.334939,2,3785460
87751786,2026-07-24T00:37:55.0876995,1080.162246,1054.297815,2160.324491,2,2490788
87915588,2026-07-24T21:07:24.9447451,1080.148537,1048.730142,2160.297073,2,2047660
87924987,2026-07-24T21:59:20.9044255,1080.139153,1075.733107,2160.278306,2,3469685
87855167,2026-07-24T13:46:57.9208228,1080.126341,1056.101966,2160.252681,2,4152592
87853072,2026-07-24T13:30:55.9829437,1080.113493,1051.062798,2160.226986,2,1156832
87855130,2026-07-24T13:46:57.8566878,1080.087370,1070.272804,2160.174741,2,5600447
87748719,2026-07-24T00:13:25.5914045,1080.084022,1070.488217,2160.168044,2,4108876
87778626,2026-07-24T04:01:55.5897376,1080.028554,1032.621837,2160.057108,2,6722047
87919363,2026-07-24T21:27:20.6007496,1079.998637,1075.137731,2159.997275,2,7543184
87808107,2026-07-24T07:45:58.2136941,1079.978823,1050.329508,2159.957647,2,4357878
87857309,2026-07-24T14:02:58.2172146,1079.972230,1074.829996,2159.944460,2,4154991
87899969,2026-07-24T19:23:20.9217144,1079.959289,1066.994421,2159.918579,2,4345284
87825328,2026-07-24T09:58:32.9460519,1079.954511,1074.139594,2159.909022,2,4173060
87825251,2026-07-24T09:58:32.8231087,1079.953693,1071.666081,2159.907386,2,4911421
87922225,2026-07-24T21:43:19.5506586,1079.946363,1048.040104,2159.892726,2,4514041
87752494,2026-07-24T00:41:57.4190826,1079.938168,1072.862556,2159.876336,2,3322067
87921520,2026-07-24T21:39:22.9746203,1079.937959,1076.168461,2159.875917,2,3517195
87922917,2026-07-24T21:47:19.2614242,1079.934026,1048.869083,2159.868052,2,4597514
87823265,2026-07-24T09:42:25.5757950,1079.930869,1079.768217,2159.861739,2,4175260
87844159,2026-07-24T12:22:56.3347607,1079.927695,1045.479344,2159.855391,2,4096495
87926211,2026-07-24T22:07:19.4005228,1079.925169,1045.705188,2159.850338,2,3587307
87887418,2026-07-24T17:55:19.4503883,1079.915290,1063.729194,2159.830580,2,4060792
87868424,2026-07-24T15:26:58.5510907,1079.914273,1061.161044,2159.828547,2,4249153
87939138,2026-07-24T23:31:23.3445080,1079.909499,1074.818885,2159.818999,2,5811647
87828456,2026-07-24T10:22:25.5183078,1079.901885,1074.285917,2159.803770,2,2822646
87894358,2026-07-24T18:43:18.2771052,1079.897313,1071.912274,2159.794627,2,3390437
87831643,2026-07-24T10:46:27.5992175,1079.851723,1072.249011,2159.703446,2,4099271
87779168,2026-07-24T04:05:56.9327315,1079.847894,1038.281606,2159.695788,2,3815255
87822235,2026-07-24T09:34:25.5470177,1079.840105,1063.980406,2159.680211,2,4704329
87823662,2026-07-24T09:46:50.2041242,1079.839764,1071.406138,2159.679528,2,4872372
87773746,2026-07-24T03:25:57.8910992,1079.838649,1056.931126,2159.677298,2,5167915
87912955,2026-07-24T20:51:19.6147396,1079.809460,1069.375807,2159.618920,2,2941104
87823672,2026-07-24T09:46:50.2256257,1079.770340,1062.821076,2159.540679,2,3574731
87905767,2026-07-24T20:03:21.9157743,1079.753757,1078.330798,2159.507513,2,3858618
87897093,2026-07-24T19:03:18.4317622,1079.739287,1048.537865,2159.478573,2,3507922
87858304,2026-07-24T14:10:57.9041095,1079.730334,1047.279108,2159.460669,2,5589145
87771882,2026-07-24T03:09:55.3976023,1079.713255,1054.117009,2159.426511,2,6307924
87835810,2026-07-24T11:18:26.0090789,1079.709141,1058.802709,2159.418282,2,4732636
87896612,2026-07-24T18:59:19.8454575,1079.700404,1076.002319,2159.400808,2,5805444
87854190,2026-07-24T13:38:55.9168974,1079.674280,1065.454706,2159.348560,2,4073018
87902255,2026-07-24T19:39:21.4559187,1079.665795,1048.891912,2159.331591,2,4721274
87760934,2026-07-24T01:45:59.6652232,1079.641101,1057.636696,2159.282202,2,4475099
87751894,2026-07-24T00:37:55.2408700,1079.632062,1033.796635,2159.264124,2,5545754
87825255,2026-07-24T09:58:32.8313251,1079.610378,1063.191574,2159.220756,2,5826143
87812762,2026-07-24T08:21:55.4613500,1079.591775,1050.313351,2159.183549,2,3999177
87830507,2026-07-24T10:38:26.5501681,1079.582584,1020.635130,2159.165168,2,5351626
87895547,2026-07-24T18:51:18.2799795,1079.572611,1073.305585,2159.145221,2,5338265
87893775,2026-07-24T18:39:21.1886350,1079.566234,1068.938802,2159.132468,2,2099598
87899838,2026-07-24T19:23:20.6738705,1079.552746,1052.979846,2159.105491,2,5445164
87928622,2026-07-24T22:23:19.4120155,1079.526436,1062.688247,2159.052872,2,5469072
87826895,2026-07-24T10:10:27.5787266,1079.511442,1077.756246,2159.022884,2,6028309
87860960,2026-07-24T14:30:55.8472533,1079.510827,1050.969272,2159.021654,2,5092297
87931578,2026-07-24T22:43:21.4582706,1079.506917,1066.464642,2159.013834,2,4931725
87846657,2026-07-24T12:42:58.0554300,1079.503365,1055.094508,2159.006729,2,5118195
87857805,2026-07-24T14:06:57.3989511,1079.490508,1065.630604,2158.981016,2,4095319
87818075,2026-07-24T09:02:25.6971643,1079.488139,1073.604216,2158.976278,2,2696044
87942049,2026-07-24T23:51:21.3018049,1079.485855,1054.052631,2158.971711,2,5142911
87907516,2026-07-24T20:15:18.2940336,1079.473367,1036.157928,2158.946734,2,651351
87906946,2026-07-24T20:11:18.3674521,1079.454378,1076.669668,2158.908755,2,4776934
87940927,2026-07-24T23:43:21.8317838,1079.446078,1071.477429,2158.892156,2,4695417
87917096,2026-07-24T21:15:19.7432918,1079.429024,1037.455174,2158.858048,2,7018914
87902846,2026-07-24T19:43:22.4634115,1079.417227,1067.243316,2158.834455,2,4401619
87798940,2026-07-24T06:37:55.3372392,1079.410761,1046.795482,2158.821523,2,4737111
87861582,2026-07-24T14:34:57.2940057,1079.395693,1072.985048,2158.791385,2,4336330
87942602,2026-07-24T23:55:21.8570331,1079.387201,1061.614484,2158.774402,2,3556192
87832653,2026-07-24T10:54:25.6475684,1079.384622,1059.924570,2158.769245,2,3276496
87925565,2026-07-24T22:03:18.9687222,1079.368305,1024.583079,2158.736610,2,5367359
87749261,2026-07-24T00:17:25.4229593,1079.336961,1073.831228,2158.673923,2,4795268
87917127,2026-07-24T21:15:19.8055818,1079.336482,1065.561403,2158.672965,2,7032663
87824795,2026-07-24T09:54:32.5771137,1079.335211,1074.441894,2158.670422,2,2767477
87840321,2026-07-24T11:54:55.6552379,1079.318070,1073.392776,2158.636140,2,3111694
87931007,2026-07-24T22:39:22.4973509,1079.316757,1064.147499,2158.633513,2,3167848
87805846,2026-07-24T07:29:56.3575714,1079.308430,1049.602391,2158.616860,2,2089874
87914908,2026-07-24T21:03:19.2126174,1079.298635,1074.102341,2158.597271,2,2599994
87827910,2026-07-24T10:18:25.2464444,1079.292277,1068.225697,2158.584554,2,4695248
87817509,2026-07-24T08:58:26.1512303,1079.289471,1069.212472,2158.578942,2,4977177
87825592,2026-07-24T10:02:27.5502349,1079.272456,1073.964758,2158.544912,2,7620388
87783729,2026-07-24T04:41:55.1989250,1079.250763,1067.126476,2158.501526,2,4464278
87942612,2026-07-24T23:55:21.8819335,1079.232135,1069.742320,2158.464271,2,4277298
87896007,2026-07-24T18:55:18.0936917,1079.213707,1064.344945,2158.427415,2,1966397
87883695,2026-07-24T17:27:20.6332215,1079.202243,1070.472347,2158.404487,2,4950827
87894813,2026-07-24T18:47:18.1597209,1079.189876,1045.832457,2158.379753,2,4577533
87847804,2026-07-24T12:50:56.3385984,1079.180799,1050.044595,2158.361598,2,3947487
87748183,2026-07-24T00:09:25.4213984,1079.154353,1061.241227,2158.308706,2,5361938
87903416,2026-07-24T19:47:22.3704516,1079.152629,1066.964146,2158.305257,2,6215618
87927419,2026-07-24T22:15:19.3695788,1079.129672,1051.723966,2158.259345,2,6146869
87858952,2026-07-24T14:14:56.0557485,1079.124077,1074.736451,2158.248154,2,5193688
87902847,2026-07-24T19:43:22.4643818,1079.090433,1070.875272,2158.180866,2,3931568
87938575,2026-07-24T23:27:22.3389032,1079.084886,1068.568050,2158.169771,2,5605394
87895550,2026-07-24T18:51:18.2939854,1079.081042,1071.054935,2158.162083,2,3463495
87856828,2026-07-24T13:58:56.1551142,1079.051334,1072.852280,2158.102669,2,5463840
87942624,2026-07-24T23:55:21.9199815,1079.031719,1063.069093,2158.063438,2,5256140
87856764,2026-07-24T13:58:56.0529606,1079.030738,1069.234114,2158.061477,2,6950322
87912342,2026-07-24T20:47:19.6363880,1079.007849,1043.737039,2158.015699,2,4758531
87749274,2026-07-24T00:17:25.4396033,1078.986208,1076.904755,2157.972416,2,3544788
87937195,2026-07-24T23:19:24.7899036,1078.954990,1061.190621,2157.909979,2,3816807
87829992,2026-07-24T10:34:25.5745632,1078.939254,1051.566337,2157.878509,2,4725763
87756158,2026-07-24T01:09:55.6585862,1078.928278,1054.175666,2157.856555,2,3694532
87751376,2026-07-24T00:33:55.5407072,1078.901199,1049.374238,2157.802399,2,3835532
87759783,2026-07-24T01:38:01.2577981,1078.880603,1012.791542,2157.761207,2,4722718
87870429,2026-07-24T15:42:55.9920754,1078.844232,981.232733,2157.688463,2,3256515
87802255,2026-07-24T07:01:56.0952749,1078.839726,1033.449049,2157.679452,2,1318414
87938566,2026-07-24T23:27:22.3024641,1078.789165,1076.670074,2157.578330,2,6810700
87827878,2026-07-24T10:18:25.1998065,1078.774298,1052.344331,2157.548596,2,6710956
87837337,2026-07-24T11:30:26.2329301,1078.734498,1052.694554,2157.468995,2,3795628
87778117,2026-07-24T03:57:56.4956196,1078.727465,1028.413072,2157.454930,2,2907373
87750361,2026-07-24T00:26:01.6860909,1078.716345,1028.787591,2157.432690,2,5677343
87942651,2026-07-24T23:55:21.9681841,1078.714402,1047.571001,2157.428804,2,5745020
87942074,2026-07-24T23:51:21.3375679,1078.709064,1061.080261,2157.418129,2,5037912
87851498,2026-07-24T13:18:55.8822237,1078.681783,1058.101922,2157.363565,2,1682110
87759621,2026-07-24T01:38:00.9608328,1078.680769,1066.413390,2157.361538,2,3156374
87861547,2026-07-24T14:34:57.2316587,1078.670959,1064.088136,2157.341919,2,5701425
87856254,2026-07-24T13:54:55.9380810,1078.669545,1064.303942,2157.339091,2,4924807
87908708,2026-07-24T20:23:21.4252328,1078.668527,1037.674533,2157.337054,2,1738824
87914207,2026-07-24T20:59:21.2234303,1078.658174,1041.706223,2157.316349,2,5444770
87829470,2026-07-24T10:30:25.6403573,1078.654238,1050.571914,2157.308475,2,5583160
87920104,2026-07-24T21:31:19.4197265,1078.651195,1042.492379,2157.302390,2,3613054
87768579,2026-07-24T02:45:56.3875485,1078.644157,1052.973007,2157.288314,2,4847158
87902268,2026-07-24T19:39:21.4799085,1078.632994,1072.595518,2157.265987,2,4886530
87853563,2026-07-24T13:34:55.7359580,1078.631558,1070.880031,2157.263116,2,6554577
87861502,2026-07-24T14:34:57.1240946,1078.627978,1045.569370,2157.255957,2,4150732
87897674,2026-07-24T19:07:20.0223016,1078.624339,1062.817000,2157.248678,2,4194190
87931611,2026-07-24T22:43:21.5216380,1078.590410,1058.413148,2157.180820,2,5373899
87934318,2026-07-24T22:59:26.8167215,1078.586669,1068.907062,2157.173337,2,4163420
87839880,2026-07-24T11:50:26.0278189,1078.584029,1074.233822,2157.168058,2,4155048
87753784,2026-07-24T00:53:54.9046600,1078.576485,1064.499290,2157.152970,2,6259405
87835760,2026-07-24T11:18:25.9193247,1078.556532,1047.385116,2157.113065,2,5328507
87903408,2026-07-24T19:47:22.3596603,1078.556051,1059.253204,2157.112102,2,4110252
87930408,2026-07-24T22:35:21.2170459,1078.548578,1044.624428,2157.097157,2,5246936
87899956,2026-07-24T19:23:20.8984619,1078.510282,1058.505052,2157.020565,2,3550824
87848874,2026-07-24T12:58:55.8103868,1078.493751,1059.241033,2156.987502,2,3188084
87837826,2026-07-24T11:34:26.0665018,1078.493442,1070.304863,2156.986885,2,4627581
87928663,2026-07-24T22:23:19.5169566,1078.488328,1035.181906,2156.976656,2,4505085
87860981,2026-07-24T14:30:55.8812508,1078.483054,1067.866513,2156.966109,2,7293516
87775958,2026-07-24T03:41:55.5028583,1078.471714,1065.288656,2156.943428,2,5178238
87785021,2026-07-24T04:49:55.9828750,1078.470867,1052.106297,2156.941734,2,3992146
87918647,2026-07-24T21:23:19.6764480,1078.456509,1064.235412,2156.913019,2,6133660
87896071,2026-07-24T18:55:18.2010900,1078.448045,1071.699179,2156.896089,2,6307302
87926816,2026-07-24T22:11:19.1708084,1078.439013,1064.050999,2156.878026,2,4190132
87937345,2026-07-24T23:19:25.0562234,1078.436895,1070.855692,2156.873790,2,4776187
87901092,2026-07-24T19:31:18.1100692,1078.418018,1057.559568,2156.836035,2,4040888
87864220,2026-07-24T14:54:58.8020327,1078.383988,1074.806220,2156.767975,2,2894080
87779630,2026-07-24T04:09:55.2288447,1078.373917,1059.847322,2156.747833,2,4911065
87850966,2026-07-24T13:14:55.8848338,1078.373130,1054.754692,2156.746260,2,3245043
87841578,2026-07-24T12:02:56.9463527,1078.359014,1057.882359,2156.718027,2,3833155
87930445,2026-07-24T22:35:21.3258057,1078.303983,1062.963506,2156.607966,2,4560079
87751397,2026-07-24T00:33:55.5672931,1078.302015,1073.703970,2156.604029,2,3337488
87907527,2026-07-24T20:15:18.3207582,1078.301576,1055.616725,2156.603152,2,3184201
87898811,2026-07-24T19:15:18.2209128,1078.268606,1061.892632,2156.537212,2,656289
87756544,2026-07-24T01:13:55.1313803,1078.259816,1048.142167,2156.519632,2,8120369
87778050,2026-07-24T03:57:56.3767074,1078.252305,1072.623810,2156.504609,2,3902258
87901242,2026-07-24T19:31:18.4129755,1078.250636,1062.941897,2156.501272,2,6088987
87869481,2026-07-24T15:34:58.3406947,1078.238953,1055.070709,2156.477905,2,6274551
87942615,2026-07-24T23:55:21.9024186,1078.213702,1068.018450,2156.427405,2,3970042
87920108,2026-07-24T21:31:19.4262463,1078.176364,1042.468740,2156.352728,2,4089662
87783370,2026-07-24T04:37:55.9012633,1078.164373,1060.428482,2156.328747,2,4956848
87907380,2026-07-24T20:15:18.0021729,1078.161947,1053.814500,2156.323894,2,3473181
87909329,2026-07-24T20:27:20.2597949,1078.150358,1061.483805,2156.300715,2,5622827
87841003,2026-07-24T11:58:55.9137428,1078.146722,1049.005473,2156.293445,2,4285660
87755093,2026-07-24T01:01:55.9081053,1078.146511,1063.716454,2156.293021,2,4713957
87911185,2026-07-24T20:39:24.5727957,1078.144392,1066.806800,2156.288783,2,4663397
87935533,2026-07-24T23:07:25.2022799,1078.129496,1063.249467,2156.258993,2,4412094
87748761,2026-07-24T00:13:25.6450170,1078.126897,1066.799783,2156.253794,2,5469212
87846128,2026-07-24T12:38:58.4782521,1078.113676,1059.551968,2156.227353,2,3229479
87900060,2026-07-24T19:23:21.0948129,1078.111805,1075.924218,2156.223610,2,3024013
87912336,2026-07-24T20:47:19.6251680,1078.110183,1041.294528,2156.220366,2,5140911
87841502,2026-07-24T12:02:56.7787669,1078.106508,1043.260243,2156.213017,2,2615330
87884813,2026-07-24T17:35:26.1514116,1078.101285,1076.532244,2156.202570,2,8677007
87820099,2026-07-24T09:18:26.1986280,1078.100600,1067.279749,2156.201199,2,7346502
87917854,2026-07-24T21:19:21.3820255,1078.077640,1047.601848,2156.155280,2,4874973
87900032,2026-07-24T19:23:21.0377559,1078.054114,1064.808133,2156.108227,2,5410485
87754009,2026-07-24T00:53:55.2528950,1078.050613,1052.492401,2156.101227,2,5678505
87781338,2026-07-24T04:21:55.1730253,1078.049123,1068.981680,2156.098247,2,3733218
87819123,2026-07-24T09:10:25.8389150,1078.035103,1065.007090,2156.070206,2,5144818
87756697,2026-07-24T01:13:55.3378313,1078.028583,1047.231201,2156.057167,2,4476811
87784257,2026-07-24T04:46:03.3367429,1078.023550,1068.739817,2156.047101,2,2389226
87832525,2026-07-24T10:54:25.4531304,1078.022946,1061.657609,2156.045893,2,5687928
87867842,2026-07-24T15:22:55.8905658,1077.994461,1038.803160,2155.988922,2,3798738
87934279,2026-07-24T22:59:26.7379347,1077.974852,1005.702136,2155.949705,2,5697447
87832073,2026-07-24T10:50:25.7449133,1077.952461,1040.910614,2155.904922,2,4642918
87850770,2026-07-24T13:14:55.4753825,1077.947672,1067.933446,2155.895343,2,4668690
87910570,2026-07-24T20:35:20.0111740,1077.944151,1061.907583,2155.888302,2,2678665
87852646,2026-07-24T13:27:02.0782747,1077.928022,1075.265358,2155.856044,2,7401782
87830608,2026-07-24T10:38:26.6981605,1077.915003,1075.145662,2155.830005,2,4024900
87838368,2026-07-24T11:38:25.9308380,1077.875681,1054.150837,2155.751361,2,6578414
87931631,2026-07-24T22:43:21.5711307,1077.875266,1045.935113,2155.750532,2,7538120
87936125,2026-07-24T23:11:21.3051353,1077.857493,1074.992353,2155.714985,2,6169167
87747064,2026-07-24T00:01:25.1708239,1077.839913,1060.864929,2155.679825,2,4954160
87792854,2026-07-24T05:49:55.9448762,1077.817177,1065.258066,2155.634355,2,2911419
87902858,2026-07-24T19:43:22.4889463,1077.815930,1073.531070,2155.631861,2,3613291
87909341,2026-07-24T20:27:20.2877787,1077.810930,1061.393970,2155.621860,2,4612063
87770043,2026-07-24T02:58:15.6506145,1077.803120,1059.784518,2155.606241,2,4220283
87825294,2026-07-24T09:58:32.8923623,1077.799717,1076.361257,2155.599434,2,6274438
87852009,2026-07-24T13:22:57.8764647,1077.793031,1029.631825,2155.586062,2,5614795
87833126,2026-07-24T10:58:25.7053549,1077.781159,1040.635495,2155.562319,2,6761987
87852537,2026-07-24T13:27:01.8633324,1077.741618,1050.010942,2155.483236,2,3204130
87897116,2026-07-24T19:03:18.4739815,1077.738868,1061.584286,2155.477736,2,4278356
87877778,2026-07-24T16:43:20.5789076,1077.738043,1070.354099,2155.476087,2,3189823
87895991,2026-07-24T18:55:18.0519824,1077.724917,1064.881275,2155.449834,2,5016952
87824205,2026-07-24T09:50:31.9106731,1077.710785,1068.541461,2155.421570,2,4644784
87870304,2026-07-24T15:42:55.7431123,1077.708051,1032.944089,2155.416103,2,3614227
87827394,2026-07-24T10:14:25.4662595,1077.684768,1068.853510,2155.369537,2,5998961
87927391,2026-07-24T22:15:19.3321663,1077.683707,1034.684281,2155.367415,2,4448839
87751923,2026-07-24T00:37:55.2895300,1077.668484,1070.034136,2155.336969,2,4392199
87748736,2026-07-24T00:13:25.6156149,1077.655401,1073.832241,2155.310802,2,5457025
87840998,2026-07-24T11:58:55.9016308,1077.654603,1043.102553,2155.309206,2,5154918
87931566,2026-07-24T22:43:21.4315533,1077.643580,1017.014158,2155.287160,2,3956915
87808643,2026-07-24T07:49:55.6117713,1077.636263,1067.336038,2155.272527,2,7443630
87834258,2026-07-24T11:06:27.2876369,1077.627421,1057.945931,2155.254843,2,4406372
87828997,2026-07-24T10:26:26.5071606,1077.626486,1069.447424,2155.252972,2,3459974
87909968,2026-07-24T20:31:20.6778747,1077.596034,1057.005089,2155.192069,2,4135766
87938002,2026-07-24T23:23:21.6380484,1077.595212,1075.868217,2155.190425,2,2382108
87912358,2026-07-24T20:47:19.6732063,1077.592591,1077.536806,2155.185183,2,4466288
87906343,2026-07-24T20:07:18.3649771,1077.579776,1057.051720,2155.159551,2,5480567
87748202,2026-07-24T00:09:25.4473303,1077.578843,1075.941408,2155.157686,2,5630853
87833954,2026-07-24T11:06:26.7350070,1077.573258,1056.347953,2155.146516,2,4663778
87759881,2026-07-24T01:38:01.4397949,1077.562795,1043.565391,2155.125590,2,3665516
87827897,2026-07-24T10:18:25.2244104,1077.557658,1064.419883,2155.115316,2,3740112
87856728,2026-07-24T13:58:55.9714018,1077.555412,1025.177169,2155.110825,2,4973252
87904020,2026-07-24T19:51:18.6168172,1077.548916,1071.419261,2155.097833,2,4900409
87749789,2026-07-24T00:21:55.3297812,1077.531941,1057.505782,2155.063882,2,4045690
87918632,2026-07-24T21:23:19.6463830,1077.509260,1064.336791,2155.018520,2,3348726
87748220,2026-07-24T00:09:25.4757826,1077.484678,1065.248891,2154.969356,2,5255479
87934310,2026-07-24T22:59:26.7949490,1077.482915,1062.556638,2154.965831,2,6206928
87791293,2026-07-24T05:37:56.7162349,1077.475688,1009.356062,2154.951377,2,4476587
87747071,2026-07-24T00:01:25.1775630,1077.461310,1075.229941,2154.922619,2,6171029
87870436,2026-07-24T15:42:56.0041892,1077.453015,1051.287657,2154.906030,2,11828163
87894832,2026-07-24T18:47:18.1998186,1077.448351,1051.835211,2154.896703,2,5696479
87755586,2026-07-24T01:05:57.4102290,1077.438417,1035.959359,2154.876834,2,4386599
87900535,2026-07-24T19:27:19.8285351,1077.428043,1071.626823,2154.856087,2,5241697
87843635,2026-07-24T12:18:56.1855604,1077.425063,1026.930794,2154.850126,2,5813048
87834641,2026-07-24T11:10:25.6381920,1077.401262,1064.335035,2154.802525,2,5130552
87752501,2026-07-24T00:41:57.4340937,1077.388696,1076.539048,2154.777393,2,3064173
87899952,2026-07-24T19:23:20.8926894,1077.381998,1039.642227,2154.763996,2,2792716
87901668,2026-07-24T19:35:19.2409047,1077.357531,1065.188768,2154.715061,2,3173449
87828489,2026-07-24T10:22:25.5716424,1077.348433,1063.959898,2154.696865,2,5337010
87822657,2026-07-24T09:38:28.0405268,1077.339323,1053.745462,2154.678647,2,4105387
87918630,2026-07-24T21:23:19.6440132,1077.322299,1068.891075,2154.644597,2,3655338
87933680,2026-07-24T22:55:21.6980619,1077.319227,1048.101870,2154.638453,2,4728852
87928014,2026-07-24T22:19:20.7388957,1077.315578,1058.187740,2154.631157,2,4406308
87756038,2026-07-24T01:09:55.4632668,1077.303498,1046.255237,2154.606996,2,5255422
87848865,2026-07-24T12:58:55.7968047,1077.303008,1055.045040,2154.606016,2,5211551
87905761,2026-07-24T20:03:21.9062784,1077.288910,1055.441969,2154.577819,2,5238211
87875132,2026-07-24T16:23:20.1884503,1077.278688,1058.833404,2154.557376,2,4492950
87939121,2026-07-24T23:31:23.2950264,1077.274130,1008.168979,2154.548260,2,3437801
87858826,2026-07-24T14:14:55.8512508,1077.272996,1042.103423,2154.545992,2,5586697
87747674,2026-07-24T00:05:29.7472960,1077.263902,1063.880083,2154.527805,2,5342378
87922226,2026-07-24T21:43:19.5589819,1077.253352,1046.809240,2154.506705,2,5353494
87939156,2026-07-24T23:31:23.3693174,1077.233523,1073.455766,2154.467045,2,5474787
87875661,2026-07-24T16:27:22.0509468,1077.229863,1066.201068,2154.459726,2,4208056
87941377,2026-07-24T23:47:21.8364158,1077.221391,1069.575315,2154.442782,2,5262447
87823728,2026-07-24T09:46:50.3224655,1077.220039,1067.315508,2154.440077,2,6126461
87831147,2026-07-24T10:42:25.7571530,1077.216512,1072.178727,2154.433024,2,5482179
87848915,2026-07-24T12:58:55.8889809,1077.178636,1067.371471,2154.357272,2,4605819
87897726,2026-07-24T19:07:20.1377299,1077.113857,1066.859883,2154.227713,2,4473287
87940923,2026-07-24T23:43:21.8255026,1077.098586,1069.528041,2154.197173,2,5632264
87825775,2026-07-24T10:02:27.8530037,1077.096481,1048.905438,2154.192962,2,7218174
87759264,2026-07-24T01:33:55.7683027,1077.078592,1015.594280,2154.157184,2,5408812
87799188,2026-07-24T06:37:55.7337873,1077.066659,1034.630764,2154.133317,2,5866943
87846250,2026-07-24T12:38:58.6865803,1077.049498,1058.947493,2154.098997,2,2889517
87750856,2026-07-24T00:29:55.0794448,1077.033952,1072.575054,2154.067904,2,3290929
87804106,2026-07-24T07:17:55.7260075,1077.032801,1006.968961,2154.065603,2,4339668
87909334,2026-07-24T20:27:20.2747404,1077.011052,1049.625396,2154.022103,2,5230206
87898845,2026-07-24T19:15:18.3065729,1077.008031,1072.500033,2154.016062,2,5201776
87934298,2026-07-24T22:59:26.7700161,1076.997667,1051.586022,2153.995334,2,6241442
87900530,2026-07-24T19:27:19.8226993,1076.988123,1058.644596,2153.976247,2,4330772
87917852,2026-07-24T21:19:21.3508313,1076.986104,1060.548069,2153.972208,2,2787152
87894265,2026-07-24T18:43:18.0791095,1076.985176,1049.695833,2153.970352,2,6447821
87778679,2026-07-24T04:01:55.6814977,1076.967844,1047.215897,2153.935688,2,4103768
87843669,2026-07-24T12:18:56.2515040,1076.947507,1063.887905,2153.895014,2,5782771
87933640,2026-07-24T22:55:21.6261130,1076.940081,1066.462397,2153.880162,2,5666665
87898277,2026-07-24T19:11:19.1015171,1076.936299,1076.881618,2153.872598,2,4900727
87773413,2026-07-24T03:21:55.6751262,1076.908280,1047.860279,2153.816559,2,5217042
87900676,2026-07-24T19:27:20.1034937,1076.899272,1062.394438,2153.798545,2,4297656
87849960,2026-07-24T13:07:02.5909506,1076.892927,1057.502779,2153.785855,2,6688306
87874609,2026-07-24T16:19:21.9884497,1076.880081,1049.959611,2153.760162,2,5079420
87821105,2026-07-24T09:26:27.2246420,1076.877296,1047.026944,2153.754593,2,3986616
87829507,2026-07-24T10:30:25.7058593,1076.866041,1056.426654,2153.732082,2,6686708
87940374,2026-07-24T23:39:22.5636301,1076.839752,1066.268447,2153.679505,2,4214892
87908113,2026-07-24T20:19:20.1943392,1076.833601,1039.756752,2153.667203,2,4308315
87909993,2026-07-24T20:31:20.7319287,1076.808528,1061.844678,2153.617056,2,5724712
87816912,2026-07-24T08:54:25.6675591,1076.798346,1049.516116,2153.596691,2,2033565
87774525,2026-07-24T03:29:55.5954258,1076.773612,1047.127623,2153.547223,2,5372274
87825243,2026-07-24T09:58:32.8140988,1076.771893,1054.003408,2153.543786,2,4879798
87777859,2026-07-24T03:57:56.0384021,1076.767292,1076.452772,2153.534585,2,1490391
87913558,2026-07-24T20:55:19.3309711,1076.758923,1076.039726,2153.517846,2,6269204
87897232,2026-07-24T19:03:18.6778698,1076.755667,1068.191952,2153.511335,2,5628566
87846288,2026-07-24T12:38:58.7525080,1076.749194,1065.652200,2153.498387,2,3453828
87913556,2026-07-24T20:55:19.3170117,1076.747793,1044.721540,2153.495585,2,4591665
87753558,2026-07-24T00:49:55.2476312,1076.743945,1066.087822,2153.487890,2,4796768
87890976,2026-07-24T18:19:22.9794995,1076.732279,1072.944381,2153.464559,2,3377633
87815404,2026-07-24T08:42:36.5466389,1076.731778,1047.687429,2153.463556,2,5977904
87820680,2026-07-24T09:22:25.5347033,1076.716390,1069.411820,2153.432779,2,3681234
87839546,2026-07-24T11:46:35.9457055,1076.704183,1062.326111,2153.408367,2,5470437
87936730,2026-07-24T23:15:20.9172519,1076.701973,1076.093822,2153.403946,2,4802884
87756648,2026-07-24T01:13:55.2642007,1076.688070,1051.246424,2153.376140,2,5113594
87917822,2026-07-24T21:19:21.3155917,1076.671563,1056.573151,2153.343127,2,4534474
87878926,2026-07-24T16:51:22.1739080,1076.668722,1067.277123,2153.337444,2,6362517
87827901,2026-07-24T10:18:25.2239210,1076.662460,1057.955927,2153.324919,2,6863436
87922241,2026-07-24T21:43:19.6027870,1076.659250,1067.336582,2153.318500,2,4713085
87825810,2026-07-24T10:02:27.9073393,1076.658878,1068.153384,2153.317756,2,2984870
87796457,2026-07-24T06:17:55.2491327,1076.626690,1033.557139,2153.253380,2,5072237
87858406,2026-07-24T14:10:58.0746873,1076.589477,1067.256968,2153.178953,2,5828876
87853074,2026-07-24T13:30:55.9861637,1076.580318,1059.412054,2153.160636,2,6942350
87902254,2026-07-24T19:39:21.4558752,1076.557091,1054.884082,2153.114181,2,7918007
87906368,2026-07-24T20:07:18.4099439,1076.531592,1076.531505,2153.063184,2,2955064
87816382,2026-07-24T08:50:33.4572715,1076.529441,1037.398509,2153.058882,2,3562581
87848966,2026-07-24T12:58:55.9477410,1076.526189,1061.437767,2153.052378,2,5718314
87808466,2026-07-24T07:49:55.3196740,1076.523528,1046.294896,2153.047056,2,6021647
87808078,2026-07-24T07:45:58.1665827,1076.523399,1049.410562,2153.046797,2,5025370
87898802,2026-07-24T19:15:18.2199653,1076.522169,1062.526948,2153.044338,2,1078268
87912341,2026-07-24T20:47:19.6277646,1076.517761,1037.133573,2153.035523,2,6320242
87750838,2026-07-24T00:29:55.0506976,1076.516683,1047.966415,2153.033366,2,7258698
87758760,2026-07-24T01:29:55.4188090,1076.512523,1032.711495,2153.025047,2,4327611
87770828,2026-07-24T03:02:09.6633534,1076.506410,1045.079068,2153.012821,2,5410336
87831469,2026-07-24T10:46:27.2660976,1076.504998,1051.224089,2153.009995,2,5767176
87844561,2026-07-24T12:26:56.4809608,1076.500888,1030.754829,2153.001777,2,5366901
87853075,2026-07-24T13:30:55.9869388,1076.488789,1028.180108,2152.977578,2,6101079
87864741,2026-07-24T14:59:00.1317526,1076.465750,1056.281913,2152.931500,2,4665524
87911205,2026-07-24T20:39:24.6306375,1076.440989,1048.353061,2152.881978,2,6582647
87765134,2026-07-24T02:17:57.4716457,1076.430945,1039.740958,2152.861890,2,3744669
87869251,2026-07-24T15:34:57.9573401,1076.427311,1026.181779,2152.854622,2,6062635
87937980,2026-07-24T23:23:21.5987454,1076.426253,1071.163030,2152.852505,2,4087523
87936735,2026-07-24T23:15:20.9080153,1076.394856,1068.583201,2152.789712,2,4848473
87772668,2026-07-24T03:17:55.3446021,1076.393290,1049.863271,2152.786579,2,4763467
87827370,2026-07-24T10:14:25.4209922,1076.371380,1042.537462,2152.742760,2,6944035
87939697,2026-07-24T23:35:21.3255030,1076.368004,1027.557017,2152.736008,2,5749796
87824755,2026-07-24T09:54:32.5084340,1076.366411,1058.621181,2152.732822,2,2821442
87940365,2026-07-24T23:39:22.5330323,1076.364868,1061.339702,2152.729736,2,3330326
87828948,2026-07-24T10:26:26.4059749,1076.359061,1043.806438,2152.718122,2,7185612
87931517,2026-07-24T22:43:21.2308674,1076.352131,1039.625635,2152.704263,2,7129659
87909971,2026-07-24T20:31:20.6809029,1076.327450,1048.728714,2152.654900,2,3863396
87807593,2026-07-24T07:41:55.6482973,1076.319662,1043.382461,2152.639324,2,5911272
87849944,2026-07-24T13:07:02.5587988,1076.309248,1057.911530,2152.618496,2,2737580
87908722,2026-07-24T20:23:21.4471421,1076.271801,1060.932861,2152.543602,2,3695607
87749244,2026-07-24T00:17:25.3961870,1076.266960,1022.828587,2152.533921,2,4703427
87913562,2026-07-24T20:55:19.3347654,1076.258462,1066.847619,2152.516924,2,3806804
87927975,2026-07-24T22:19:20.6626582,1076.253131,1025.709596,2152.506263,2,3650034
87875986,2026-07-24T16:31:19.3741293,1076.250194,1072.855746,2152.500388,2,1866994
87824716,2026-07-24T09:54:32.4472108,1076.248364,1047.497089,2152.496727,2,3137750
87825245,2026-07-24T09:58:32.8139260,1076.247459,1048.544148,2152.494917,2,3692195
87777045,2026-07-24T03:49:55.3191359,1076.241446,1013.159128,2152.482892,2,3562744
87809673,2026-07-24T07:57:56.2432117,1076.225415,1054.819594,2152.450830,2,3173083
87911159,2026-07-24T20:39:24.4259885,1076.222253,1051.129447,2152.444506,2,4784559
87868420,2026-07-24T15:26:58.5352760,1076.207775,1050.375612,2152.415550,2,3816127
87902270,2026-07-24T19:39:21.4919564,1076.196399,1074.458527,2152.392798,2,5029993
87838427,2026-07-24T11:38:26.0198336,1076.185881,1052.067917,2152.371762,2,4716049
87749793,2026-07-24T00:21:55.3343179,1076.184642,1075.954963,2152.369284,2,5613085
87909976,2026-07-24T20:31:20.6937818,1076.182984,1070.654275,2152.365968,2,4926935
87821626,2026-07-24T09:30:25.4025017,1076.163873,1047.990141,2152.327745,2,1990063
87886431,2026-07-24T17:47:19.5874177,1076.105489,1048.526405,2152.210979,2,789347
87939712,2026-07-24T23:35:21.3585982,1076.101795,1067.040585,2152.203590,2,4976204
87897711,2026-07-24T19:07:20.1128656,1076.089633,1071.659305,2152.179266,2,5883176
87831029,2026-07-24T10:42:25.5852378,1076.089034,1034.300610,2152.178069,2,5261609
87942045,2026-07-24T23:51:21.2878869,1076.086497,1050.469217,2152.172993,2,4374185
87912973,2026-07-24T20:51:19.6951959,1076.071084,1070.716011,2152.142167,2,5672136
87942625,2026-07-24T23:55:21.9203359,1076.061151,1063.788106,2152.122301,2,6075965
87852509,2026-07-24T13:27:01.7982246,1076.056935,1066.785474,2152.113871,2,2924907
87926196,2026-07-24T22:07:19.3780053,1076.045964,1041.229641,2152.091928,2,5525955
87906237,2026-07-24T20:07:18.0207070,1076.044633,1041.820265,2152.089266,2,3168380
87822652,2026-07-24T09:38:28.0282015,1076.040923,1019.962753,2152.081847,2,8675060
87932952,2026-07-24T22:51:21.8814252,1076.033945,1056.814087,2152.067891,2,3521417
87750853,2026-07-24T00:29:55.0762285,1076.033462,1067.774632,2152.066924,2,2320119
87904018,2026-07-24T19:51:18.6161259,1076.029627,1067.078294,2152.059254,2,4023695
87822260,2026-07-24T09:34:25.5776345,1076.026529,1066.724479,2152.053058,2,7197310
87824169,2026-07-24T09:50:31.8640610,1076.019471,1048.002866,2152.038941,2,5819168
87763001,2026-07-24T02:01:55.9802973,1076.017945,1059.930444,2152.035889,2,4076546
87835312,2026-07-24T11:14:26.1450890,1076.003988,1065.514302,2152.007976,2,2305555
87817490,2026-07-24T08:58:26.0556356,1075.960805,1063.858951,2151.921610,2,4672606
87902263,2026-07-24T19:39:21.4707898,1075.937458,1059.636625,2151.874916,2,4493556
87812193,2026-07-24T08:17:57.1763877,1075.924791,1033.560253,2151.849581,2,6025578
87929219,2026-07-24T22:27:20.9498816,1075.923328,1060.783117,2151.846655,2,4594236
87856212,2026-07-24T13:54:55.8724605,1075.917138,1042.486088,2151.834276,2,6162783
87822792,2026-07-24T09:38:28.2561191,1075.903493,1067.398972,2151.806985,2,4137623
87938562,2026-07-24T23:27:22.2918313,1075.896875,1057.177528,2151.793750,2,6512773
87907536,2026-07-24T20:15:18.3567929,1075.893568,1066.925659,2151.787135,2,4302354
87908105,2026-07-24T20:19:20.1636193,1075.891258,1054.984075,2151.782515,2,1483015
87860972,2026-07-24T14:30:55.8724503,1075.886038,1056.311113,2151.772076,2,5446207
87938551,2026-07-24T23:27:22.2708871,1075.873311,1061.196924,2151.746621,2,4293117
87792105,2026-07-24T05:45:58.1183968,1075.867845,1063.651228,2151.735690,2,3243507
87931580,2026-07-24T22:43:21.4570456,1075.839627,1045.466529,2151.679255,2,3393458
87830572,2026-07-24T10:38:26.6528083,1075.829767,1056.598252,2151.659534,2,4741852
87906930,2026-07-24T20:11:18.3390838,1075.826500,1049.417787,2151.653000,2,2214744
87925596,2026-07-24T22:03:19.0193937,1075.824273,1050.094187,2151.648546,2,5403971
87926809,2026-07-24T22:11:19.1588251,1075.805004,1046.375511,2151.610008,2,1502749
87943154,2026-07-24T23:59:22.9074407,1075.768860,1065.447148,2151.537720,2,3522505
87899973,2026-07-24T19:23:20.9257804,1075.749840,1071.406324,2151.499680,2,4272563
87906356,2026-07-24T20:07:18.4069235,1075.738048,1073.837160,2151.476096,2,3574537
87838144,2026-07-24T11:38:25.5692950,1075.728670,1015.497772,2151.457341,2,4373251
87758318,2026-07-24T01:25:58.4232512,1075.713501,1053.301655,2151.427003,2,2954435
87797630,2026-07-24T06:25:55.2024016,1075.710148,1024.750273,2151.420297,2,3532361
87906377,2026-07-24T20:07:18.4945717,1075.705463,1051.801236,2151.410927,2,903995
87918631,2026-07-24T21:23:19.6432687,1075.692482,1066.739258,2151.384964,2,4403119
87864037,2026-07-24T14:54:58.5149887,1075.680538,1071.291538,2151.361076,2,5518927
87893135,2026-07-24T18:35:18.5797612,1075.680321,1034.484949,2151.360641,2,1166472
87822232,2026-07-24T09:34:25.5416335,1075.668400,1062.672133,2151.336801,2,4426389
87929819,2026-07-24T22:31:22.5047299,1075.664139,1056.769391,2151.328278,2,4564660
87890417,2026-07-24T18:15:21.9970070,1075.659296,1070.174572,2151.318592,2,6484477
87942618,2026-07-24T23:55:21.9064372,1075.632752,1066.061101,2151.265504,2,3234796
87812726,2026-07-24T08:21:55.4018572,1075.626732,1032.805322,2151.253465,2,3519535
87917162,2026-07-24T21:15:19.8727905,1075.587966,1040.445189,2151.175933,2,4506721
87911943,2026-07-24T20:43:20.4868479,1075.585519,1040.393578,2151.171039,2,596247
87918656,2026-07-24T21:23:19.6947581,1075.580715,1056.764033,2151.161430,2,6782160
87906346,2026-07-24T20:07:18.3679927,1075.565197,1050.688496,2151.130394,2,4732442
87836892,2026-07-24T11:26:28.1973741,1075.553893,1066.547396,2151.107786,2,6241219
87920831,2026-07-24T21:35:19.3565725,1075.541541,1048.585561,2151.083082,2,5241448
87939134,2026-07-24T23:31:23.3417665,1075.541204,1070.553446,2151.082409,2,5185761
87850460,2026-07-24T13:10:55.8838137,1075.522743,1036.060972,2151.045485,2,4755910
87802334,2026-07-24T07:01:56.1712130,1075.513497,1060.553875,2151.026994,2,4800582
87834271,2026-07-24T11:06:27.3157516,1075.500776,1071.352697,2151.001553,2,5829064
87870953,2026-07-24T15:46:58.6166712,1075.498326,1043.628890,2150.996652,2,6991308
87941913,2026-07-24T23:51:21.0038537,1075.496635,1062.830365,2150.993270,2,5137335
87758217,2026-07-24T01:25:58.1356420,1075.482717,1043.425491,2150.965433,2,4839561
87767216,2026-07-24T02:33:55.3310385,1075.410748,1045.152638,2150.821495,2,5125831
87821228,2026-07-24T09:26:27.5097846,1075.402826,1072.041800,2150.805652,2,4513136
87889878,2026-07-24T18:11:19.8180758,1075.388543,1054.431785,2150.777085,2,4739783
87827982,2026-07-24T10:18:25.3572987,1075.387924,1069.586132,2150.775849,2,5023348
87900001,2026-07-24T19:23:20.9821167,1075.365728,1068.723714,2150.731456,2,4797839
87918650,2026-07-24T21:23:19.6833583,1075.348410,1069.027163,2150.696821,2,3169893
87864503,2026-07-24T14:58:59.6738195,1075.345073,1060.787182,2150.690147,2,5228594
87843097,2026-07-24T12:14:56.1990679,1075.342482,1044.132230,2150.684964,2,5190490
87892019,2026-07-24T18:27:20.5288274,1075.329615,1020.240153,2150.659231,2,4047335
87921494,2026-07-24T21:39:22.9329675,1075.320502,1033.488992,2150.641005,2,3103137
87802872,2026-07-24T07:05:58.2548317,1075.317789,1042.830781,2150.635577,2,6621646
87899381,2026-07-24T19:19:24.4746833,1075.316144,1059.046572,2150.632288,2,3314546
87756198,2026-07-24T01:09:55.7211728,1075.315978,1050.098269,2150.631956,2,3913270
87855282,2026-07-24T13:46:58.0953944,1075.309381,1071.585175,2150.618763,2,9352003
87857853,2026-07-24T14:06:57.4978719,1075.301817,1059.063926,2150.603633,2,2231745
87868358,2026-07-24T15:26:58.3242968,1075.296191,1030.196479,2150.592383,2,4292667
87753466,2026-07-24T00:49:55.0184191,1075.286428,1010.332981,2150.572857,2,4160770
87826839,2026-07-24T10:10:27.5078244,1075.284514,1047.390360,2150.569028,2,4466292
87810072,2026-07-24T08:01:55.8229137,1075.282908,1058.544038,2150.565815,2,6271363
87942622,2026-07-24T23:55:21.9143337,1075.282349,1062.774038,2150.564698,2,4156230
87916400,2026-07-24T21:11:24.9027749,1075.281098,1070.846563,2150.562196,2,3796917
87786360,2026-07-24T05:01:57.9600364,1075.273604,1048.486319,2150.547208,2,5720230
87920832,2026-07-24T21:35:19.3709422,1075.269302,1045.656801,2150.538603,2,4186328
87847841,2026-07-24T12:50:56.3936769,1075.262613,1067.171819,2150.525227,2,5289410
87939726,2026-07-24T23:35:21.3855347,1075.245224,1066.031017,2150.490448,2,5022690
87911787,2026-07-24T20:43:19.9519656,1075.242044,1047.941585,2150.484089,2,4322820
87943138,2026-07-24T23:59:22.8794663,1075.241072,1054.174910,2150.482144,2,5187419
87836272,2026-07-24T11:22:26.6486446,1075.227941,1017.718878,2150.455882,2,5240874
87907608,2026-07-24T20:15:18.4993593,1075.227784,1056.849457,2150.455567,2,4079836
87823689,2026-07-24T09:46:50.2523060,1075.225316,1067.904190,2150.450632,2,6040647
87910606,2026-07-24T20:35:20.0835237,1075.206210,1052.330042,2150.412421,2,4159472
87926830,2026-07-24T22:11:19.1878780,1075.193443,1065.637587,2150.386887,2,4823794
87862038,2026-07-24T14:39:01.9643542,1075.188357,1062.225000,2150.376714,2,5633418
87925624,2026-07-24T22:03:19.0810725,1075.181814,1044.744605,2150.363629,2,5599587
87942611,2026-07-24T23:55:21.8805827,1075.181531,1059.664539,2150.363063,2,5414287
87917124,2026-07-24T21:15:19.8034051,1075.174115,1072.512505,2150.348231,2,2770484
87851529,2026-07-24T13:18:55.9298542,1075.170290,1063.924420,2150.340580,2,6700740
87911766,2026-07-24T20:43:19.9098581,1075.169818,1074.577222,2150.339636,2,4233850
87904616,2026-07-24T19:55:19.8670394,1075.159797,1065.146399,2150.319594,2,4612196
87927375,2026-07-24T22:15:19.3122863,1075.139104,1036.478460,2150.278208,2,5823655
87936721,2026-07-24T23:15:20.9078749,1075.102588,1064.508498,2150.205177,2,4483181
87811222,2026-07-24T08:09:56.2137789,1075.099121,1048.848779,2150.198242,2,5140369
87908108,2026-07-24T20:19:20.1674975,1075.097730,1045.533085,2150.195461,2,4588887
87797113,2026-07-24T06:21:54.2302594,1075.078887,1027.327705,2150.157774,2,5139077
87914881,2026-07-24T21:03:19.1517212,1075.078032,1028.468822,2150.156065,2,8721397
87848419,2026-07-24T12:54:56.0946533,1075.076750,1056.416295,2150.153499,2,6993241
87835231,2026-07-24T11:14:25.9892878,1075.065885,1034.630768,2150.131770,2,4003490
87937998,2026-07-24T23:23:21.6311098,1075.060866,1072.464766,2150.121732,2,3927645
87787946,2026-07-24T05:13:55.5804374,1075.057251,1046.285456,2150.114501,2,5249369
87841089,2026-07-24T11:58:56.0533086,1075.047207,1061.240389,2150.094415,2,5580645
87858296,2026-07-24T14:10:57.8850521,1075.036430,1052.740692,2150.072860,2,5634780
87821222,2026-07-24T09:26:27.4860499,1075.029195,1064.768525,2150.058389,2,6517552
87938573,2026-07-24T23:27:22.3216526,1075.021446,1073.307127,2150.042892,2,4547148
87896635,2026-07-24T18:59:19.8868037,1074.989250,1058.298735,2149.978499,2,4948956
87935561,2026-07-24T23:07:25.2581023,1074.987833,1057.617550,2149.975666,2,3944461
87927414,2026-07-24T22:15:19.3651093,1074.985694,1059.944570,2149.971388,2,3394767
87755584,2026-07-24T01:05:57.4111979,1074.974201,1018.719411,2149.948401,2,3663685
87775523,2026-07-24T03:37:55.5673568,1074.963311,1031.449598,2149.926621,2,5628221
87801298,2026-07-24T06:53:56.0435871,1074.959154,1070.045797,2149.918307,2,6813295
87924943,2026-07-24T21:59:20.8292202,1074.948909,1032.657606,2149.897817,2,4870645
87896057,2026-07-24T18:55:18.1746192,1074.943669,1062.129209,2149.887337,2,4015947
87895490,2026-07-24T18:51:18.1881285,1074.942416,1059.783506,2149.884832,2,4478833
87879817,2026-07-24T16:59:22.6879983,1074.940175,1066.812071,2149.880351,2,5386143
87774428,2026-07-24T03:29:55.4125494,1074.939253,1028.952105,2149.878507,2,3895972
87815870,2026-07-24T08:46:26.9038276,1074.915859,1043.683923,2149.831718,2,3740130
87936700,2026-07-24T23:15:20.8728470,1074.908672,1006.577831,2149.817344,2,4247021
87750859,2026-07-24T00:29:55.0765490,1074.898087,1062.177224,2149.796175,2,5328595
87836826,2026-07-24T11:26:28.0387969,1074.896271,1041.947336,2149.792541,2,3486913
87911177,2026-07-24T20:39:24.5569103,1074.874199,1073.486623,2149.748399,2,4962490
87932825,2026-07-24T22:51:21.6499189,1074.868247,1071.455852,2149.736493,2,5767334
87837451,2026-07-24T11:30:26.4984288,1074.854586,1063.899804,2149.709171,2,5005988
87910598,2026-07-24T20:35:20.0655202,1074.837039,1055.586976,2149.674079,2,3333914
87844254,2026-07-24T12:22:56.5777370,1074.824629,1069.207007,2149.649258,2,5373497
87834185,2026-07-24T11:06:27.1569790,1074.817884,1040.282939,2149.635769,2,4038665
87841072,2026-07-24T11:58:56.0277044,1074.810104,1062.389018,2149.620208,2,3465733
87912340,2026-07-24T20:47:19.6312371,1074.803375,1056.155852,2149.606751,2,5633816
87931031,2026-07-24T22:39:22.5514012,1074.783940,1051.991662,2149.567880,2,5053872
87906947,2026-07-24T20:11:18.3779312,1074.774706,1071.266070,2149.549411,2,4307897
87926803,2026-07-24T22:11:19.1360058,1074.768445,1043.104166,2149.536890,2,4926274
87858841,2026-07-24T14:14:55.8727025,1074.758318,1057.447364,2149.516636,2,3935856
87869820,2026-07-24T15:38:57.7477854,1074.730332,1052.662218,2149.460664,2,5153048
87880710,2026-07-24T17:07:19.3553605,1074.729247,1066.727642,2149.458495,2,3438761
87809653,2026-07-24T07:57:56.2010299,1074.711275,1058.150957,2149.422550,2,4087895
87937355,2026-07-24T23:19:25.0761335,1074.711110,1068.882272,2149.422220,2,5770686
87825854,2026-07-24T10:02:28.0219643,1074.688886,1072.621209,2149.377772,2,3876659
87837336,2026-07-24T11:30:26.2331590,1074.685058,1043.246179,2149.370116,2,4596825
87757465,2026-07-24T01:21:54.6463696,1074.680457,1034.248360,2149.360915,2,2555008
87932961,2026-07-24T22:51:21.9037909,1074.673281,1065.184008,2149.346562,2,3895133
87753989,2026-07-24T00:53:55.2298569,1074.669398,1007.722760,2149.338796,2,5900656
87894342,2026-07-24T18:43:18.2421092,1074.667850,1055.148468,2149.335700,2,3497117
87934888,2026-07-24T23:03:22.2719379,1074.661824,1012.185488,2149.323648,2,6547375
87858922,2026-07-24T14:14:56.0135928,1074.661656,1052.572367,2149.323312,2,5014349
87902163,2026-07-24T19:39:21.2351450,1074.660899,1071.649444,2149.321797,2,6125651
87823643,2026-07-24T09:46:50.1733470,1074.642023,1023.457302,2149.284047,2,4523677
87910573,2026-07-24T20:35:20.0178622,1074.636936,1058.582985,2149.273871,2,2755750
87933514,2026-07-24T22:55:21.3862358,1074.636745,1054.003907,2149.273489,2,4916900
87848228,2026-07-24T12:54:55.8152629,1074.636506,1061.796003,2149.273012,2,3672467
87897783,2026-07-24T19:07:20.3150102,1074.615961,1070.588244,2149.231923,2,5380739
87931585,2026-07-24T22:43:21.4617386,1074.594521,1040.630837,2149.189043,2,4827229
87832700,2026-07-24T10:54:25.7063573,1074.576427,1061.094273,2149.152853,2,4023389
87893462,2026-07-24T18:39:20.4052660,1074.566573,1063.757708,2149.133146,2,5643411
87909333,2026-07-24T20:27:20.2735233,1074.564007,1053.501737,2149.128013,2,3184878
87747624,2026-07-24T00:05:29.6345471,1074.556057,1040.564048,2149.112114,2,5600622
87899520,2026-07-24T19:19:24.7623558,1074.533616,1060.350541,2149.067232,2,5504919
87941882,2026-07-24T23:51:20.9574070,1074.517783,1065.645969,2149.035566,2,9048676
87905187,2026-07-24T19:59:20.1077967,1074.513001,1072.812418,2149.026002,2,4202254
87849431,2026-07-24T13:02:55.6542426,1074.510558,1057.945962,2149.021116,2,3887980
87908723,2026-07-24T20:23:21.4511557,1074.480172,1049.165359,2148.960344,2,5503934
87750823,2026-07-24T00:29:55.0304581,1074.479014,1008.895164,2148.958028,2,4508736
87934902,2026-07-24T23:03:22.3270508,1074.472131,1057.823837,2148.944262,2,4738136
87916352,2026-07-24T21:11:24.8048764,1074.469564,1059.372669,2148.939127,2,4958003
87897127,2026-07-24T19:03:18.4882065,1074.456643,1063.375976,2148.913285,2,4633835
87821727,2026-07-24T09:30:25.5990314,1074.451449,1063.840276,2148.902898,2,646370
87909990,2026-07-24T20:31:20.7208905,1074.422273,1068.513427,2148.844546,2,3434833
87776091,2026-07-24T03:41:55.7259916,1074.404548,1066.029608,2148.809097,2,4446394
87747218,2026-07-24T00:01:25.4013520,1074.403420,1045.113752,2148.806840,2,4870063
87862568,2026-07-24T14:42:58.6515785,1074.396260,1051.613455,2148.792519,2,5387230
87905815,2026-07-24T20:03:22.0275892,1074.384392,1061.942151,2148.768785,2,5331085
87912978,2026-07-24T20:51:19.7089442,1074.372937,1064.931822,2148.745875,2,5502514
87840048,2026-07-24T11:50:26.3733170,1074.359153,1060.983518,2148.718306,2,4981423
87780747,2026-07-24T04:17:56.0714914,1074.347191,1024.826288,2148.694382,2,5331773
87922209,2026-07-24T21:43:19.5308026,1074.331449,1024.360789,2148.662898,2,4577751
87919349,2026-07-24T21:27:20.5756912,1074.328643,1073.122590,2148.657285,2,4608116
87759220,2026-07-24T01:33:55.6888722,1074.322729,1054.032986,2148.645459,2,3124373
87933632,2026-07-24T22:55:21.6070427,1074.316439,1036.396829,2148.632878,2,6870553
87835229,2026-07-24T11:14:25.9899437,1074.288633,1031.357510,2148.577266,2,6427045
87899373,2026-07-24T19:19:24.4573507,1074.285630,1042.445798,2148.571261,2,4339217
87796470,2026-07-24T06:17:55.2760274,1074.282247,1064.347297,2148.564493,2,4915046
87907010,2026-07-24T20:11:18.4976855,1074.278489,1046.711053,2148.556979,2,4551875
87790599,2026-07-24T05:33:55.3035201,1074.261131,1027.745581,2148.522262,2,5358746
87926804,2026-07-24T22:11:19.1399976,1074.257183,1031.102493,2148.514365,2,6205261
87798624,2026-07-24T06:33:55.5221266,1074.240470,1024.693240,2148.480940,2,3947992
87923633,2026-07-24T21:51:19.6466341,1074.238243,1073.491454,2148.476486,2,3389774
87923648,2026-07-24T21:51:19.6713742,1074.227175,1058.428005,2148.454351,2,3389035
87922939,2026-07-24T21:47:19.3016021,1074.213975,1048.983753,2148.427949,2,5541167
87925038,2026-07-24T21:59:21.0006549,1074.212388,1028.195310,2148.424777,2,3691823
87748167,2026-07-24T00:09:25.3930483,1074.192740,1026.657749,2148.385480,2,5587212
87895482,2026-07-24T18:51:18.1742442,1074.191512,1066.253379,2148.383024,2,5145148
87940924,2026-07-24T23:43:21.8292583,1074.189530,1061.818335,2148.379060,2,3947343
87838722,2026-07-24T11:42:25.7053882,1074.188982,1069.693521,2148.377963,2,5188953
87748723,2026-07-24T00:13:25.5996843,1074.171265,1054.866130,2148.342530,2,4755851
87901080,2026-07-24T19:31:18.0890842,1074.153841,1026.421087,2148.307682,2,3366291
87751972,2026-07-24T00:37:55.3697647,1074.141922,1073.622223,2148.283844,2,5391960
87803196,2026-07-24T07:09:55.1744566,1074.124854,1015.731196,2148.249708,2,3178129
87836336,2026-07-24T11:22:26.7314442,1074.123353,1043.973304,2148.246707,2,6062673
87860280,2026-07-24T14:26:56.3744065,1074.120957,1066.839247,2148.241914,2,5250425
87823719,2026-07-24T09:46:50.3088004,1074.119483,1068.810625,2148.238967,2,5085541
87864635,2026-07-24T14:58:59.9142679,1074.119118,1020.554800,2148.238236,2,4172330
87753995,2026-07-24T00:53:55.2411654,1074.109942,1047.827427,2148.219883,2,4823286
87778543,2026-07-24T04:01:55.4315314,1074.109015,1065.273057,2148.218030,2,3228500
87942637,2026-07-24T23:55:21.9475617,1074.100441,1064.764391,2148.200882,2,4319066
87747039,2026-07-24T00:01:25.1287577,1074.098197,994.730110,2148.196394,2,3652361
87893774,2026-07-24T18:39:21.1774589,1074.091262,1063.918798,2148.182523,2,5431672
87905828,2026-07-24T20:03:22.0427023,1074.088998,1051.558711,2148.177997,2,4576192
87914218,2026-07-24T20:59:21.2414494,1074.082214,1055.388449,2148.164429,2,4120301
87777349,2026-07-24T03:53:54.7579198,1074.076331,1046.794942,2148.152662,2,5816597
87928641,2026-07-24T22:23:19.4695937,1074.074752,1054.740161,2148.149503,2,3178546
87818470,2026-07-24T09:06:27.6016696,1074.070262,1046.295926,2148.140524,2,4484487
87842152,2026-07-24T12:07:02.3522665,1074.067773,1062.901059,2148.135545,2,4370988
87940369,2026-07-24T23:39:22.5427918,1074.067709,1072.966883,2148.135417,2,5306678
87775035,2026-07-24T03:33:55.5431016,1074.066325,1038.270996,2148.132650,2,6304780
87914222,2026-07-24T20:59:21.2502541,1074.045086,1064.915157,2148.090172,2,4971959
87818552,2026-07-24T09:06:27.7468943,1074.038010,1049.788168,2148.076020,2,4754569
87860919,2026-07-24T14:30:55.7737504,1073.978518,1063.219252,2147.957037,2,4407996
87826370,2026-07-24T10:06:31.4386806,1073.974271,1061.975738,2147.948542,2,4827309
87772312,2026-07-24T03:13:55.3416351,1073.960490,1011.373522,2147.920980,2,1705948
87790271,2026-07-24T05:29:56.0484091,1073.952736,1034.390389,2147.905473,2,3662858
87934320,2026-07-24T22:59:26.8197610,1073.928531,1072.975315,2147.857062,2,4177720
87934314,2026-07-24T22:59:26.8091529,1073.928531,1063.989030,2147.857062,2,4330659
87868942,2026-07-24T15:30:56.1662329,1073.927011,1061.661668,2147.854022,2,1287665
87897092,2026-07-24T19:03:18.4272584,1073.871895,1038.678373,2147.743790,2,5550023
87826869,2026-07-24T10:10:27.5384206,1073.857786,1071.821301,2147.715571,2,4452093
87835763,2026-07-24T11:18:25.9316045,1073.854163,1027.291264,2147.708327,2,3779180
87857784,2026-07-24T14:06:57.3559881,1073.837440,1034.287266,2147.674880,2,2554212
87918507,2026-07-24T21:23:19.3938175,1073.813786,1062.026756,2147.627571,2,7705992
87941576,2026-07-24T23:47:22.2129434,1073.811857,1033.567051,2147.623715,2,6215718
87866297,2026-07-24T15:10:56.2774534,1073.762782,1050.310254,2147.525565,2,4888223
87841075,2026-07-24T11:58:56.0342954,1073.741306,1053.496181,2147.482611,2,4997649
87823297,2026-07-24T09:42:25.7176377,1073.722963,1071.448679,2147.445926,2,5051321
87908040,2026-07-24T20:19:19.9918455,1073.706649,1043.288728,2147.413298,2,3318020
87900532,2026-07-24T19:27:19.8286241,1073.706129,1044.360594,2147.412258,2,2821254
87783446,2026-07-24T04:37:56.0251811,1073.687392,1044.305344,2147.374784,2,3867529
87924268,2026-07-24T21:55:19.6694103,1073.681223,1025.144133,2147.362447,2,6590277
87827479,2026-07-24T10:14:25.6740376,1073.676123,1065.696408,2147.352245,2,4791281
87917097,2026-07-24T21:15:19.7444277,1073.673463,1028.152436,2147.346926,2,3175372
87763017,2026-07-24T02:01:56.0003757,1073.640613,1033.758113,2147.281227,2,5932452
87936724,2026-07-24T23:15:20.9090362,1073.627215,1070.047564,2147.254429,2,5461435
87819612,2026-07-24T09:14:25.6674440,1073.605659,1041.245160,2147.211317,2,2048828
87849517,2026-07-24T13:02:55.7791032,1073.593829,1065.888909,2147.187658,2,4337611
87933631,2026-07-24T22:55:21.6039242,1073.554515,1024.737531,2147.109030,2,5822583
87898096,2026-07-24T19:11:18.7624409,1073.541861,1038.637638,2147.083722,2,5906424
87822159,2026-07-24T09:34:25.4248591,1073.536735,1044.877280,2147.073469,2,3764338
87861064,2026-07-24T14:30:56.0076968,1073.520099,1066.258202,2147.040198,2,3503826
87915677,2026-07-24T21:07:25.1565620,1073.517766,1035.780297,2147.035533,2,5534241
87851327,2026-07-24T13:18:55.6030280,1073.501269,1061.610401,2147.002537,2,2375353
87846832,2026-07-24T12:42:58.3169817,1073.484381,1070.190868,2146.968762,2,7321808
87839990,2026-07-24T11:50:26.2049173,1073.451233,1056.808193,2146.902466,2,5470890
87770125,2026-07-24T02:58:15.7695624,1073.447685,1069.095173,2146.895369,2,3987267
87822794,2026-07-24T09:38:28.2580400,1073.439458,1070.077971,2146.878916,2,3239320
87902851,2026-07-24T19:43:22.4739623,1073.429784,1056.018297,2146.859567,2,3085543
87904003,2026-07-24T19:51:18.5892081,1073.405942,1055.510963,2146.811885,2,5688087
87846801,2026-07-24T12:42:58.2292644,1073.391221,1037.305114,2146.782441,2,4013108
87866821,2026-07-24T15:14:56.6695973,1073.382972,1071.658848,2146.765944,2,7033333
87855790,2026-07-24T13:50:55.7198175,1073.379945,1068.118171,2146.759891,2,3800606
87837965,2026-07-24T11:34:26.2950599,1073.379309,1065.242607,2146.758619,2,4615983
87920000,2026-07-24T21:31:19.1392945,1073.370167,1068.872527,2146.740333,2,1651319
87912366,2026-07-24T20:47:19.6777257,1073.362033,1064.233196,2146.724065,2,5330319
87819616,2026-07-24T09:14:25.6680150,1073.354831,1050.223086,2146.709663,2,4821360
87919352,2026-07-24T21:27:20.5786572,1073.353985,1071.238436,2146.707970,2,4096533
87844778,2026-07-24T12:26:56.9839671,1073.345248,1066.933364,2146.690495,2,5272932
87800240,2026-07-24T06:45:57.7411763,1073.335535,1024.043021,2146.671070,2,5752311
87826317,2026-07-24T10:06:31.3673775,1073.331582,1066.129099,2146.663164,2,3991865
87937323,2026-07-24T23:19:25.0161867,1073.328816,1009.512728,2146.657631,2,4276767
87860441,2026-07-24T14:26:56.7207584,1073.327719,1045.852634,2146.655438,2,3668867
87771624,2026-07-24T03:09:55.0007165,1073.313180,1067.057384,2146.626361,2,6125476
87841086,2026-07-24T11:58:56.0514009,1073.312486,1072.848486,2146.624972,2,3222545
87836230,2026-07-24T11:22:26.5857987,1073.288965,1051.857830,2146.577931,2,6977357
87911765,2026-07-24T20:43:19.9052989,1073.268346,1065.270255,2146.536692,2,6057516
87916369,2026-07-24T21:11:24.7957900,1073.259213,1040.168329,2146.518427,2,3372261
87932936,2026-07-24T22:51:21.8537750,1073.256266,1023.146908,2146.512532,2,5453349
87917849,2026-07-24T21:19:21.3523215,1073.252898,1062.138955,2146.505796,2,5127049
87812058,2026-07-24T08:17:56.9574921,1073.248736,1067.888017,2146.497471,2,4686898
87917817,2026-07-24T21:19:21.2865814,1073.229388,1034.386692,2146.458775,2,5333955
87868719,2026-07-24T15:30:55.8178765,1073.224659,1026.013380,2146.449318,2,8333256
87864121,2026-07-24T14:54:58.6445093,1073.224383,1027.174932,2146.448765,2,4784010
87816476,2026-07-24T08:50:33.6889382,1073.224296,1046.547385,2146.448591,2,6824246
87924842,2026-07-24T21:59:20.6449938,1073.180165,1063.323697,2146.360331,2,3595878
87815861,2026-07-24T08:46:26.8808049,1073.164218,1019.222711,2146.328436,2,1673588
87852067,2026-07-24T13:22:57.9789083,1073.151315,1063.641922,2146.302629,2,3904951
87940999,2026-07-24T23:43:21.9737800,1073.150515,1032.507830,2146.301029,2,5138358
87934912,2026-07-24T23:03:22.3397161,1073.137068,1070.332697,2146.274136,2,3709209
87772429,2026-07-24T03:13:55.5616761,1073.115788,1037.433321,2146.231577,2,5398257
87908133,2026-07-24T20:19:20.2208660,1073.112334,1065.448420,2146.224668,2,1105848
87840590,2026-07-24T11:54:56.1003800,1073.026374,1052.012941,2146.052748,2,3904662
87898844,2026-07-24T19:15:18.3023502,1073.014744,1072.408716,2146.029488,2,6465816
87869425,2026-07-24T15:34:58.2560241,1072.995175,1023.108716,2145.990351,2,4717688
87865010,2026-07-24T15:02:55.7219138,1072.985374,1064.051761,2145.970747,2,4739571
87869982,2026-07-24T15:38:58.0892046,1072.983649,1028.166813,2145.967299,2,5448393
87782099,2026-07-24T04:29:55.5298714,1072.982292,1052.874879,2145.964584,2,5663228
87917123,2026-07-24T21:15:19.8028989,1072.969313,1061.423424,2145.938626,2,5526382
87800230,2026-07-24T06:45:57.7151973,1072.968445,1016.978651,2145.936891,2,5969870
87888743,2026-07-24T18:03:20.0066683,1072.956722,1071.755849,2145.913443,2,4946786
87920143,2026-07-24T21:31:19.5116066,1072.945956,1064.400695,2145.891913,2,2458500
87914202,2026-07-24T20:59:21.2208507,1072.903407,1040.738499,2145.806814,2,4414870
87900101,2026-07-24T19:23:21.1752171,1072.893195,1052.870476,2145.786389,2,4633293
87937365,2026-07-24T23:19:25.0912503,1072.883810,1067.729371,2145.767619,2,4780168
87928612,2026-07-24T22:23:19.3929623,1072.874588,1058.753181,2145.749176,2,3041672
87804458,2026-07-24T07:17:56.2854472,1072.873358,1040.409734,2145.746715,2,2873836
87828991,2026-07-24T10:26:26.4960953,1072.869546,1049.838273,2145.739092,2,5349530
87859485,2026-07-24T14:18:56.3998807,1072.867878,1069.681176,2145.735756,2,744035
87912365,2026-07-24T20:47:19.6773774,1072.866396,1066.720184,2145.732792,2,4559089
87762397,2026-07-24T01:57:55.3645208,1072.860063,1013.434111,2145.720126,2,3764467
87899408,2026-07-24T19:19:24.5283785,1072.842293,1071.168463,2145.684585,2,6196966
87812246,2026-07-24T08:17:57.2716898,1072.818514,1050.301430,2145.637029,2,568398
87942608,2026-07-24T23:55:21.8766860,1072.815997,1046.849380,2145.631993,2,5931467
87849388,2026-07-24T13:02:55.5848935,1072.809779,1040.171870,2145.619557,2,4025816
87924289,2026-07-24T21:55:19.7032078,1072.790057,1040.400265,2145.580114,2,3667544
87815955,2026-07-24T08:46:27.0604543,1072.783702,1043.987624,2145.567403,2,5819227
87765451,2026-07-24T02:21:55.2133753,1072.780993,1067.026952,2145.561986,2,4539957
87902828,2026-07-24T19:43:22.4245516,1072.778137,1051.250592,2145.556273,2,3348721
87919373,2026-07-24T21:27:20.6076358,1072.769788,1061.072817,2145.539577,2,4098627
87834112,2026-07-24T11:06:27.0228964,1072.761768,1060.500769,2145.523536,2,2393810
87754577,2026-07-24T00:57:55.0680680,1072.761097,1063.105935,2145.522194,2,4874598
87904033,2026-07-24T19:51:18.6459548,1072.760065,1061.763650,2145.520131,2,3492094
87822640,2026-07-24T09:38:28.0200384,1072.753983,1002.309097,2145.507966,2,1921880
87937324,2026-07-24T23:19:25.0226869,1072.742108,1010.708836,2145.484216,2,2333535
87850960,2026-07-24T13:14:55.8789339,1072.730189,1036.483930,2145.460378,2,5937879
87854490,2026-07-24T13:42:55.6356913,1072.725811,1027.578489,2145.451623,2,3015656
87912956,2026-07-24T20:51:19.6131531,1072.716308,1061.149691,2145.432615,2,3872703
87897118,2026-07-24T19:03:18.4705136,1072.662022,1058.219899,2145.324044,2,3054527
87860391,2026-07-24T14:26:56.6321264,1072.655236,1056.932567,2145.310472,2,5622864
87845300,2026-07-24T12:30:56.0170670,1072.650252,1069.736567,2145.300503,2,5497947
87902266,2026-07-24T19:39:21.4727120,1072.647516,1058.515552,2145.295031,2,3401678
87899966,2026-07-24T19:23:20.9084370,1072.636441,1040.405951,2145.272882,2,6472351
87771178,2026-07-24T03:05:57.0632101,1072.609628,1062.149367,2145.219256,2,3028458
87899510,2026-07-24T19:19:24.7557960,1072.607016,1060.627440,2145.214033,2,5390561
87782397,2026-07-24T04:29:56.0559444,1072.547219,1058.463523,2145.094439,2,6892304
87854646,2026-07-24T13:42:55.9009108,1072.546524,1012.743895,2145.093048,2,2640523
87846770,2026-07-24T12:42:58.2456923,1072.534338,1030.997653,2145.068677,2,4238776
87894326,2026-07-24T18:43:18.2118265,1072.533814,1049.280652,2145.067627,2,3934857
87830620,2026-07-24T10:38:26.7205052,1072.518237,1070.996054,2145.036474,2,3660243
87852648,2026-07-24T13:27:02.0713746,1072.513692,1059.438111,2145.027383,2,4876572
87777626,2026-07-24T03:53:55.1819001,1072.506237,1032.111012,2145.012475,2,5284248
87938537,2026-07-24T23:27:22.2563992,1072.501429,1042.730497,2145.002857,2,3364173
87817974,2026-07-24T09:02:25.5278825,1072.501342,1036.230564,2145.002683,2,6790355
87893263,2026-07-24T18:35:18.8905053,1072.484239,1055.915478,2144.968478,2,5275524
87893685,2026-07-24T18:39:20.9079148,1072.483922,1024.952047,2144.967843,2,4473605
87749271,2026-07-24T00:17:25.4383389,1072.470872,1067.485377,2144.941743,2,3808310
87846239,2026-07-24T12:38:58.6705337,1072.459432,1017.000112,2144.918864,2,4103848
87884094,2026-07-24T17:31:20.7987982,1072.453319,1069.553556,2144.906638,2,4460634
87750135,2026-07-24T00:26:01.0771666,1072.443564,1058.593856,2144.887128,2,808048
87914234,2026-07-24T20:59:21.2727949,1072.435593,1061.732349,2144.871186,2,5369458
87904607,2026-07-24T19:55:19.8655953,1072.430774,1056.948168,2144.861547,2,5240520
87926807,2026-07-24T22:11:19.1517359,1072.428533,1043.775466,2144.857067,2,5184926
87834741,2026-07-24T11:10:25.7802241,1072.424691,1036.643539,2144.849382,2,5002991
87885821,2026-07-24T17:43:19.6849556,1072.422746,1046.961236,2144.845491,2,3392263
87915614,2026-07-24T21:07:25.0190240,1072.421658,1063.162715,2144.843315,2,2890968
87848363,2026-07-24T12:54:56.0167130,1072.418796,1051.156933,2144.837592,2,4303821
87926241,2026-07-24T22:07:19.4675860,1072.406474,1044.200633,2144.812948,2,4770197
87893796,2026-07-24T18:39:21.2214885,1072.386410,1071.228502,2144.772820,2,5187065
87860446,2026-07-24T14:26:56.7439642,1072.386123,1050.654594,2144.772246,2,5877048
87843532,2026-07-24T12:18:55.9950700,1072.375556,1051.487660,2144.751111,2,2993394
87867317,2026-07-24T15:18:56.7708352,1072.368510,1040.434041,2144.737019,2,3246665
87932239,2026-07-24T22:47:21.8321445,1072.362517,1053.342549,2144.725033,2,6292341
87843221,2026-07-24T12:14:56.3953624,1072.338168,1064.365944,2144.676335,2,3993717
87762448,2026-07-24T01:57:55.4390833,1072.318379,1021.530625,2144.636759,2,4969213
87926812,2026-07-24T22:11:19.1613547,1072.314826,1057.884664,2144.629652,2,5292665
87932262,2026-07-24T22:47:21.8777635,1072.313355,1057.255071,2144.626710,2,4298454
87863673,2026-07-24T14:50:56.4993259,1072.308238,1067.054785,2144.616476,2,4886294
87770824,2026-07-24T03:02:09.6559158,1072.290936,1036.262641,2144.581871,2,4930888
87848330,2026-07-24T12:54:55.9827520,1072.286996,1044.333418,2144.573992,2,5406637
87806348,2026-07-24T07:33:58.3487772,1072.286908,1034.345357,2144.573816,2,5659111
87749824,2026-07-24T00:21:55.3999905,1072.275503,1062.772147,2144.551006,2,5580249
87821752,2026-07-24T09:30:25.6419373,1072.258048,1057.375549,2144.516096,2,4888695
87914247,2026-07-24T20:59:21.2858676,1072.255982,1059.408672,2144.511964,2,4509320
87827465,2026-07-24T10:14:25.6513441,1072.250500,1063.400089,2144.501000,2,3601581
87837446,2026-07-24T11:30:26.4887291,1072.249185,1064.319978,2144.498369,2,5218078
87854072,2026-07-24T13:38:55.7335881,1072.239671,1064.117843,2144.479343,2,2746737
87897098,2026-07-24T19:03:18.4372445,1072.215756,1044.795181,2144.431512,2,5666801
87897677,2026-07-24T19:07:20.0255876,1072.193335,1056.847830,2144.386670,2,6512457
87777019,2026-07-24T03:49:55.2612568,1072.177712,1043.228154,2144.355424,2,3927146
87796494,2026-07-24T06:17:55.3084386,1072.176303,991.194287,2144.352607,2,5184194
87898810,2026-07-24T19:15:18.2215718,1072.173703,1043.069118,2144.347406,2,4688438
87814910,2026-07-24T08:38:26.1486500,1072.153408,1053.755703,2144.306816,2,3355817
87870506,2026-07-24T15:42:56.1468606,1072.153141,1032.598664,2144.306282,2,5126002
87821136,2026-07-24T09:26:27.3257976,1072.146091,1045.656980,2144.292182,2,5965224
87761673,2026-07-24T01:53:55.0050795,1072.140964,1047.035221,2144.281929,2,3214402
87904007,2026-07-24T19:51:18.5958986,1072.097881,1047.386198,2144.195763,2,4148941
87792351,2026-07-24T05:45:58.5261592,1072.087781,1049.629205,2144.175563,2,5028565
87747145,2026-07-24T00:01:25.2977424,1072.073635,1058.298571,2144.147271,2,4480467
87850469,2026-07-24T13:10:55.8811564,1072.069590,1051.286042,2144.139179,2,8884269
87876312,2026-07-24T16:31:20.0377761,1072.019435,1058.662623,2144.038870,2,3981746
87831061,2026-07-24T10:42:25.6343529,1072.008356,1043.854503,2144.016712,2,3645109
87908111,2026-07-24T20:19:20.1672022,1071.995828,1037.452407,2143.991656,2,4180211
87862984,2026-07-24T14:47:03.0098029,1071.993281,1062.226511,2143.986562,2,2627134
87905172,2026-07-24T19:59:20.0766239,1071.976305,1058.081255,2143.952610,2,4800890
87932264,2026-07-24T22:47:21.8800341,1071.962198,1055.451255,2143.924395,2,6181440
87926798,2026-07-24T22:11:19.1253805,1071.952910,1024.047617,2143.905820,2,5864887
87934929,2026-07-24T23:03:22.3751966,1071.918986,1071.561172,2143.837971,2,3080700
87932987,2026-07-24T22:51:21.9462306,1071.900579,1063.823371,2143.801158,2,6292429
87895977,2026-07-24T18:55:18.0325321,1071.896264,1052.705348,2143.792527,2,3583436
87863621,2026-07-24T14:50:56.4098645,1071.884636,1044.802749,2143.769271,2,4909092
87837976,2026-07-24T11:34:26.3171617,1071.869398,1063.300589,2143.738797,2,5327657
87871841,2026-07-24T15:59:40.3452516,1071.867037,1057.236735,2143.734073,2,4054619
87932979,2026-07-24T22:51:21.9320263,1071.835137,1063.830684,2143.670274,2,4659266
87777101,2026-07-24T03:49:55.4108378,1071.832159,1039.487077,2143.664319,2,4135869
87811140,2026-07-24T08:09:56.0627631,1071.831304,1023.252034,2143.662609,2,1686733
87903430,2026-07-24T19:47:22.3883080,1071.823638,1062.631251,2143.647276,2,4655629
87913573,2026-07-24T20:55:19.3550796,1071.814038,1064.105647,2143.628077,2,5901265
87920821,2026-07-24T21:35:19.3351330,1071.811607,1070.494743,2143.623215,2,7259620
87748739,2026-07-24T00:13:25.6157025,1071.811121,1058.429945,2143.622242,2,3526350
87750370,2026-07-24T00:26:01.6997214,1071.797737,1062.840388,2143.595474,2,4837095
87877653,2026-07-24T16:43:20.3655981,1071.789877,1023.367996,2143.579754,2,5601766
87856267,2026-07-24T13:54:55.9578901,1071.782704,1058.364977,2143.565409,2,4941431
87898260,2026-07-24T19:11:19.0785152,1071.766752,1062.746738,2143.533505,2,2442376
87912990,2026-07-24T20:51:19.7281115,1071.762645,1057.920592,2143.525290,2,5497180
87755383,2026-07-24T01:05:56.9773131,1071.756941,1044.042056,2143.513881,2,3771902
87924966,2026-07-24T21:59:20.8708215,1071.748776,1067.388815,2143.497551,2,4067853
87884587,2026-07-24T17:35:25.7780027,1071.739767,1046.863167,2143.479534,2,6050272
87940373,2026-07-24T23:39:22.5606605,1071.729770,1070.563312,2143.459541,2,5698393
87892705,2026-07-24T18:31:19.5086835,1071.716047,1051.519165,2143.432093,2,5475823
87818059,2026-07-24T09:02:25.6625314,1071.703537,1052.660488,2143.407074,2,5876161
87898264,2026-07-24T19:11:19.0910686,1071.695136,1064.875422,2143.390273,2,3152342
87748195,2026-07-24T00:09:25.4311696,1071.681247,1047.359470,2143.362494,2,5077376
87927901,2026-07-24T22:19:20.5148439,1071.674538,1058.444230,2143.349077,2,6462081
87835343,2026-07-24T11:14:26.2115255,1071.670648,1055.793845,2143.341296,2,1933305
87936756,2026-07-24T23:15:20.9673488,1071.662673,1045.424356,2143.325347,2,6596725
87750854,2026-07-24T00:29:55.0803077,1071.662342,1061.068353,2143.324683,2,3443195
87771858,2026-07-24T03:09:55.3638945,1071.661169,1027.684781,2143.322338,2,5079420
87774944,2026-07-24T03:33:55.4091877,1071.658792,989.147706,2143.317584,2,5079193
87812228,2026-07-24T08:17:57.2529425,1071.648503,1038.111633,2143.297007,2,4115236
87901673,2026-07-24T19:35:19.2449175,1071.637157,1044.296748,2143.274314,2,3709615
87834782,2026-07-24T11:10:25.8499474,1071.629663,1071.234449,2143.259326,2,3453309
87866265,2026-07-24T15:10:56.2222957,1071.602351,1033.406620,2143.204701,2,4357764
87927399,2026-07-24T22:15:19.3363427,1071.592901,1050.899099,2143.185803,2,2861584
87869428,2026-07-24T15:34:58.2620688,1071.584611,1020.927356,2143.169222,2,5161270
87921573,2026-07-24T21:39:23.0787837,1071.566221,1033.156069,2143.132442,2,3542847
87843202,2026-07-24T12:14:56.3624223,1071.565383,1053.831052,2143.130766,2,3647878
87842452,2026-07-24T12:10:55.6755039,1071.563164,1061.738132,2143.126327,2,3376702
87909978,2026-07-24T20:31:20.6962378,1071.520673,1056.657304,2143.041346,2,4039716
87751424,2026-07-24T00:33:55.6098156,1071.518580,1058.077060,2143.037159,2,4232067
87924984,2026-07-24T21:59:20.8991465,1071.511462,1051.059237,2143.022925,2,3762204
87855184,2026-07-24T13:46:57.9381214,1071.500657,1047.846948,2143.001313,2,5667090
87926192,2026-07-24T22:07:19.3732951,1071.487965,1017.550324,2142.975930,2,4009959
87821161,2026-07-24T09:26:27.3692828,1071.449572,1057.630897,2142.899144,2,5407251
87915587,2026-07-24T21:07:24.9497220,1071.432817,1045.686309,2142.865633,2,2448299
87928627,2026-07-24T22:23:19.4260031,1071.431788,1063.398255,2142.863575,2,4742790
87921505,2026-07-24T21:39:22.9521711,1071.429437,1050.544736,2142.858875,2,5629222
87809665,2026-07-24T07:57:56.2339158,1071.421460,1043.044835,2142.842919,2,5123252
87924302,2026-07-24T21:55:19.7308317,1071.403518,1055.052471,2142.807036,2,4729181
87930419,2026-07-24T22:35:21.2842342,1071.403064,1043.376335,2142.806127,2,3448446
87923602,2026-07-24T21:51:19.5857377,1071.380479,1014.256684,2142.760957,2,4672957
87834698,2026-07-24T11:10:25.7217872,1071.372069,994.353091,2142.744138,2,4123241
87895985,2026-07-24T18:55:18.0408850,1071.364360,1043.133248,2142.728720,2,5462911
87905766,2026-07-24T20:03:21.9138004,1071.325255,1049.928276,2142.650510,2,3981014
87917106,2026-07-24T21:15:19.7588317,1071.316034,1035.167145,2142.632068,2,6507555
87922142,2026-07-24T21:43:19.3902307,1071.302799,1064.382306,2142.605598,2,3845458
87915628,2026-07-24T21:07:25.0558043,1071.292753,1059.067074,2142.585506,2,3473392
87899376,2026-07-24T19:19:24.4694280,1071.290467,1048.043337,2142.580933,2,5714345
87916363,2026-07-24T21:11:24.8148997,1071.229170,1046.814246,2142.458341,2,4087441
87907522,2026-07-24T20:15:18.2989092,1071.229108,1028.393892,2142.458216,2,5092392
87922918,2026-07-24T21:47:19.2656426,1071.223167,1026.780314,2142.446334,2,5285486
87777657,2026-07-24T03:53:55.2350725,1071.221742,1034.301235,2142.443483,2,6122772
87940343,2026-07-24T23:39:22.4993000,1071.216592,1026.225325,2142.433184,2,3970754
87838493,2026-07-24T11:38:26.1332663,1071.211840,1066.698467,2142.423680,2,7363523
87891558,2026-07-24T18:23:19.8282655,1071.205182,1024.560586,2142.410364,2,4408187
87903431,2026-07-24T19:47:22.3923467,1071.191925,1068.962342,2142.383850,2,4027426
87929940,2026-07-24T22:31:22.7450672,1071.169411,1017.228999,2142.338822,2,4541454
87931003,2026-07-24T22:39:22.4924288,1071.162443,1053.473393,2142.324885,2,5071239
87754581,2026-07-24T00:57:55.0708413,1071.147599,1046.173554,2142.295198,2,6047631
87851035,2026-07-24T13:14:55.9972767,1071.128208,1053.166554,2142.256417,2,6609810
87931018,2026-07-24T22:39:22.5288803,1071.127903,1049.537805,2142.255806,2,4915342
87797387,2026-07-24T06:25:54.7405679,1071.126282,1030.124699,2142.252565,2,4679953
87855802,2026-07-24T13:50:55.8108863,1071.126138,1066.535065,2142.252277,2,5240453
87921512,2026-07-24T21:39:22.9661422,1071.118329,1053.303933,2142.236658,2,4286415
87825771,2026-07-24T10:02:27.8507983,1071.116013,1038.932806,2142.232026,2,7080912
87864638,2026-07-24T14:58:59.9153847,1071.110732,1022.124859,2142.221465,2,5508208
87904615,2026-07-24T19:55:19.8750280,1071.109902,1066.631200,2142.219805,2,2885527
87902319,2026-07-24T19:39:21.5872624,1071.107370,1067.739694,2142.214741,2,3594620
87750422,2026-07-24T00:26:01.7410208,1071.104094,1030.300479,2142.208188,2,5983632
87827942,2026-07-24T10:18:25.2902050,1071.093124,1060.680988,2142.186247,2,7698017
87909365,2026-07-24T20:27:20.3506122,1071.073178,1063.672839,2142.146356,2,5728833
87818993,2026-07-24T09:10:25.5617864,1071.069786,1026.272717,2142.139571,2,4611663
87847284,2026-07-24T12:46:58.1098952,1071.065845,1037.246792,2142.131691,2,4439505
87846341,2026-07-24T12:38:58.9516932,1071.052136,1054.455246,2142.104271,2,4334842
87924976,2026-07-24T21:59:20.8872176,1071.048068,1069.661522,2142.096136,2,4821292
87822985,2026-07-24T09:42:25.0946392,1071.041759,1066.842269,2142.083518,2,6449203
87937366,2026-07-24T23:19:25.0848764,1071.017347,1058.007299,2142.034694,2,4729281
87868853,2026-07-24T15:30:56.0309705,1070.976070,1036.839538,2141.952141,2,7174794
87806505,2026-07-24T07:33:58.6170670,1070.974584,1036.236486,2141.949169,2,5098233
87759038,2026-07-24T01:33:55.3660089,1070.939977,1062.319082,2141.879954,2,3561530
87929218,2026-07-24T22:27:20.9440709,1070.930917,1056.335718,2141.861833,2,6354387
87932252,2026-07-24T22:47:21.8479785,1070.929186,1030.613412,2141.858373,2,4639271
87855172,2026-07-24T13:46:57.9290808,1070.923780,1027.452418,2141.847561,2,4413389
87896676,2026-07-24T18:59:19.9081239,1070.921622,1060.171299,2141.843244,2,5590900
87926220,2026-07-24T22:07:19.4377496,1070.902093,1065.341359,2141.804186,2,6182031
87915597,2026-07-24T21:07:24.9575980,1070.898470,1054.193721,2141.796940,2,4064582
87943148,2026-07-24T23:59:22.8906247,1070.890160,1055.321064,2141.780320,2,3381217
87934926,2026-07-24T23:03:22.3705191,1070.877359,1056.705923,2141.754718,2,5215905
87885211,2026-07-24T17:39:26.9163882,1070.871448,1061.980383,2141.742895,2,4562611
87892111,2026-07-24T18:27:20.7021517,1070.870906,1056.658570,2141.741813,2,5399776
87917836,2026-07-24T21:19:21.3352622,1070.862527,1063.456591,2141.725053,2,2988976
87841109,2026-07-24T11:58:56.0875183,1070.858178,1046.779517,2141.716356,2,6001492
87898225,2026-07-24T19:11:19.0149590,1070.848366,1019.511750,2141.696731,2,3968908
87897094,2026-07-24T19:03:18.4323167,1070.848069,1046.120365,2141.696138,2,7407342
87848884,2026-07-24T12:58:55.8317055,1070.845820,1044.242700,2141.691639,2,3804116
87748166,2026-07-24T00:09:25.3873449,1070.803662,1012.945576,2141.607324,2,4542669
87752993,2026-07-24T00:46:03.3394295,1070.799541,1048.677102,2141.599081,2,5361097
87804382,2026-07-24T07:17:56.1605963,1070.790443,1023.377223,2141.580886,2,4397493
87928018,2026-07-24T22:19:20.7457734,1070.788733,1061.638482,2141.577466,2,5279981
87858933,2026-07-24T14:14:56.0352913,1070.768521,1054.273360,2141.537041,2,3366155
87826313,2026-07-24T10:06:31.3604596,1070.748350,1034.836212,2141.496701,2,6126940
87890960,2026-07-24T18:19:22.9559526,1070.747641,1066.199649,2141.495281,2,3267956
87883132,2026-07-24T17:23:19.8607531,1070.738455,1047.199418,2141.476909,2,3563958
87909344,2026-07-24T20:27:20.2978457,1070.719253,1059.268746,2141.438505,2,5913425
87823314,2026-07-24T09:42:25.7711814,1070.713477,1058.799003,2141.426954,2,4882198
87848627,2026-07-24T12:58:55.4535695,1070.710700,1064.505459,2141.421399,2,5444557
87765416,2026-07-24T02:21:55.1416803,1070.709438,1061.949217,2141.418876,2,4926316
87753511,2026-07-24T00:49:55.0979131,1070.706985,1045.294567,2141.413970,2,4343567
87842610,2026-07-24T12:10:55.9412190,1070.702231,1049.794200,2141.404462,2,5085164
87747068,2026-07-24T00:01:25.1783763,1070.700287,1061.614289,2141.400574,2,1169431
87777046,2026-07-24T03:49:55.3188568,1070.699933,1006.948035,2141.399866,2,3912947
87914251,2026-07-24T20:59:21.2968827,1070.692761,1042.005394,2141.385521,2,4189371
87858946,2026-07-24T14:14:56.0442387,1070.677817,1063.923164,2141.355633,2,2750370
87847383,2026-07-24T12:46:58.2706537,1070.675819,1061.455734,2141.351639,2,4386313
87935409,2026-07-24T23:07:24.9611273,1070.652903,1032.242201,2141.305805,2,2403173
87898070,2026-07-24T19:11:18.6940725,1070.649291,1052.506198,2141.298583,2,4245755
87853608,2026-07-24T13:34:55.8006323,1070.645287,1028.820681,2141.290573,2,4708078
87764062,2026-07-24T02:09:55.2852490,1070.643660,1037.457845,2141.287321,2,4342208
87830514,2026-07-24T10:38:26.5564301,1070.611635,1044.780856,2141.223269,2,5289488
87860498,2026-07-24T14:26:56.8523814,1070.603036,1045.233573,2141.206071,2,3470303
87779452,2026-07-24T04:09:54.8807070,1070.580825,1047.028923,2141.161651,2,4741352
87927410,2026-07-24T22:15:19.3605617,1070.574373,1059.771842,2141.148746,2,4867074
87910592,2026-07-24T20:35:20.0539124,1070.571250,1070.415374,2141.142501,2,5848506
87927983,2026-07-24T22:19:20.6901228,1070.568187,1057.336954,2141.136373,2,4918792
87881248,2026-07-24T17:11:19.1331774,1070.567294,1060.809471,2141.134588,2,5242179
87748745,2026-07-24T00:13:25.6276913,1070.563091,1052.592329,2141.126183,2,5110132
87832151,2026-07-24T10:50:25.8608049,1070.562254,1067.365061,2141.124509,2,8496061
87890441,2026-07-24T18:15:22.0232052,1070.561873,1018.937688,2141.123747,2,3211450
87879133,2026-07-24T16:55:19.5484879,1070.539492,1061.724695,2141.078983,2,5844312
87749786,2026-07-24T00:21:55.3192193,1070.537017,1053.051355,2141.074035,2,7822907
87901105,2026-07-24T19:31:18.1299809,1070.534728,1045.837080,2141.069456,2,5433930
87856255,2026-07-24T13:54:55.9424572,1070.533088,1045.369053,2141.066175,2,4342195
87894286,2026-07-24T18:43:18.1306451,1070.529500,1039.976648,2141.059000,2,4670131
87849298,2026-07-24T13:02:55.4428467,1070.526644,1055.238949,2141.053289,2,3498654
87942043,2026-07-24T23:51:21.2790965,1070.518697,1037.205510,2141.037394,2,3362427
87894360,2026-07-24T18:43:18.2801482,1070.514120,1059.142033,2141.028239,2,3420659
87807829,2026-07-24T07:45:57.7058762,1070.506786,1039.536702,2141.013572,2,4761957
87939706,2026-07-24T23:35:21.3420743,1070.506591,1010.802293,2141.013182,2,4058191
87916389,2026-07-24T21:11:24.8761818,1070.504976,1052.925105,2141.009952,2,2710347
87753507,2026-07-24T00:49:55.0948422,1070.499736,1053.910120,2140.999472,2,6579343
87769312,2026-07-24T02:50:08.9237408,1070.489128,1040.688495,2140.978256,2,4311632
87815943,2026-07-24T08:46:27.0391171,1070.478194,1066.620499,2140.956387,2,4681317
87854652,2026-07-24T13:42:55.9081922,1070.475558,1028.556774,2140.951116,2,4840820
87936737,2026-07-24T23:15:20.9296569,1070.464889,1068.899367,2140.929779,2,2613441
87846264,2026-07-24T12:38:58.7102302,1070.449785,1039.384917,2140.899570,2,5770122
87936734,2026-07-24T23:15:20.9177828,1070.448346,1069.047984,2140.896693,2,5226373
87912362,2026-07-24T20:47:19.6805021,1070.448138,1055.343107,2140.896276,2,6848056
87821642,2026-07-24T09:30:25.4279123,1070.445102,1038.647921,2140.890204,2,4713794
